feature	ASV3	ASV14	ASV19	ASV40	ASV42	ASV58	ASV67	ASV74	ASV93	ASV99	ASV121	ASV135	ASV147	ASV163	ASV191	ASV192	ASV199	ASV201	ASV207	ASV260	ASV262	ASV279	ASV280	ASV302	ASV307	ASV315	ASV316	ASV340	ASV387	ASV402	ASV423	ASV455	ASV465	ASV468	ASV477	ASV488	ASV489	ASV498	ASV499	ASV503	ASV512	ASV533	ASV582	ASV583	ASV622	ASV624	ASV629	ASV638	ASV645	ASV667	ASV672	ASV702	ASV725	ASV730	ASV754	ASV755	ASV761	ASV783	ASV798	ASV809	ASV824	ASV847	ASV863	ASV869	ASV870	ASV896	ASV904	ASV914	ASV944	ASV951	ASV957	ASV1030	ASV1037	ASV1045	ASV1056	ASV1064	ASV1079	ASV1084	ASV1107	ASV1119	ASV1120	ASV1147	ASV1158	ASV1161	ASV1201	ASV1209	ASV1226	ASV1240	ASV1293	ASV1316	ASV1342	ASV1346	ASV1348	ASV1485	ASV1501	ASV1504	ASV1526	ASV1536	ASV1564	ASV1597	ASV1614	ASV1641	ASV1719	ASV1764	ASV1832	ASV1834	ASV1838	ASV1843	ASV1904	ASV1931	ASV1973	ASV1977	ASV2019	ASV2091	ASV2216	ASV2255	ASV2281	ASV2385	ASV2449	ASV2521	ASV2631	ASV2721	ASV2730	ASV2763	ASV2771	ASV2779	ASV2786	ASV2796	ASV2868	ASV3005	ASV3051	ASV3132	ASV3171	ASV3199	ASV3245	ASV3298	ASV3333	ASV3349	ASV3373	ASV3399	ASV3449	ASV3500	ASV3605	ASV3678	ASV3775	ASV3809	ASV3835	ASV3882	ASV3913	ASV4023	ASV4057	ASV4094	ASV4101	ASV4102	ASV4116	ASV4138	ASV4243	ASV4265	ASV4315	ASV4338	ASV4438	ASV4662	ASV4810	ASV5145	ASV5215	ASV5302	ASV5340	ASV5848	ASV5873	ASV6356	ASV6392	ASV6454	ASV6654	ASV7202	ASV7440	ASV7717	ASV8426	ASV8525	ASV10208	ASV10292	ASV10339	ASV10534	ASV10599	ASV10850	ASV11775	ASV13149	ASV13259	ASV14237	ASV14524	ASV16513	ASV16811
KK2487	NA	NA	NA	NA	NA	NA	NA	NA	NA	NA	NA	NA	-5.46612006381532	NA	NA	NA	NA	NA	NA	NA	NA	NA	NA	NA	-3.78269492420848	NA	NA	-5.74967986698052	NA	NA	NA	-1.22810607253084	-5.19328651845613	NA	NA	NA	NA	NA	NA	NA	NA	NA	NA	NA	NA	NA	NA	NA	NA	-5.66106547980695	NA	NA	NA	NA	-3.967726818041	-5.37267549969626	-5.88653073519302	NA	NA	NA	NA	NA	NA	NA	NA	NA	NA	NA	NA	NA	NA	NA	-5.7961154399708	-5.91553060691557	NA	NA	NA	NA	-5.64883917747369	NA	NA	NA	NA	NA	NA	NA	NA	NA	NA	NA	NA	NA	-10.0781508077346	NA	NA	NA	NA	NA	NA	-3.51799169801407	NA	NA	NA	NA	NA	-5.10295419873522	NA	NA	NA	-7.47149323591418	NA	NA	NA	NA	NA	NA	NA	NA	NA	NA	NA	NA	NA	NA	NA	NA	NA	NA	NA	NA	NA	NA	NA	NA	NA	NA	NA	NA	NA	NA	NA	NA	NA	NA	NA	NA	NA	NA	NA	NA	NA	NA	NA	NA	NA	NA	NA	NA	NA	NA	NA	NA	NA	NA	NA	NA	NA	NA	NA	-6.86515708440045	NA	NA	NA	NA	NA	NA	NA	NA	NA	NA	NA	NA	NA	NA	NA	NA	NA	NA	NA	NA	NA
KK2488	NA	NA	NA	NA	NA	NA	NA	NA	NA	NA	NA	NA	NA	NA	NA	NA	NA	NA	NA	NA	NA	NA	NA	NA	-1.1479578813871	NA	NA	NA	NA	NA	NA	NA	NA	NA	NA	NA	NA	NA	NA	NA	NA	NA	NA	NA	NA	NA	NA	NA	NA	NA	NA	NA	NA	-4.46988597627446	NA	NA	NA	NA	NA	NA	NA	NA	NA	NA	NA	NA	NA	NA	NA	NA	NA	NA	NA	NA	NA	NA	NA	NA	NA	NA	NA	NA	NA	NA	NA	NA	NA	NA	NA	NA	NA	NA	NA	NA	NA	NA	NA	NA	NA	NA	NA	NA	NA	NA	NA	NA	NA	NA	NA	NA	NA	NA	NA	NA	NA	NA	NA	NA	NA	NA	NA	NA	NA	NA	-0.989620854220001	NA	NA	NA	NA	NA	NA	NA	NA	NA	NA	NA	NA	NA	NA	NA	NA	NA	NA	NA	NA	NA	NA	NA	NA	NA	NA	NA	NA	NA	NA	NA	NA	NA	NA	NA	NA	NA	NA	NA	NA	NA	NA	NA	NA	NA	NA	NA	NA	NA	NA	NA	NA	NA	NA	NA	NA	NA	NA	NA	NA	NA	NA	NA	NA	NA	NA
KK2489	-0.0476378722981056	NA	NA	NA	NA	NA	NA	NA	NA	NA	NA	NA	NA	NA	NA	NA	NA	NA	NA	NA	-6.85595856146143	NA	NA	NA	-9.00796165490648	NA	NA	NA	NA	NA	NA	NA	NA	NA	NA	NA	NA	NA	NA	NA	NA	NA	NA	NA	NA	NA	NA	NA	NA	NA	NA	NA	NA	-8.06240943892886	NA	NA	NA	NA	NA	NA	NA	NA	NA	NA	NA	NA	NA	NA	NA	NA	NA	NA	NA	NA	NA	NA	NA	NA	NA	NA	NA	NA	NA	NA	NA	NA	NA	NA	NA	NA	NA	NA	NA	NA	NA	NA	NA	NA	NA	NA	-8.45906840889285	NA	NA	NA	NA	NA	NA	NA	-8.42299915418532	NA	NA	NA	NA	NA	NA	NA	NA	NA	NA	NA	-6.98148944354529	NA	NA	NA	NA	NA	NA	NA	NA	NA	NA	NA	NA	NA	NA	NA	NA	NA	NA	NA	NA	NA	NA	NA	NA	-7.92995914290521	NA	NA	NA	NA	NA	NA	NA	NA	NA	NA	NA	NA	NA	NA	NA	NA	NA	NA	NA	NA	NA	NA	NA	NA	NA	NA	NA	NA	NA	NA	NA	NA	NA	NA	NA	NA	NA	NA	NA	NA	NA	NA	NA	NA	NA
KK2490	-0.286835627364607	-6.30801391576262	NA	NA	NA	NA	NA	NA	NA	NA	NA	NA	NA	NA	NA	NA	NA	NA	NA	NA	NA	NA	-5.26987878687585	NA	NA	NA	NA	NA	NA	NA	NA	NA	-5.12668415104806	-5.25738784269265	NA	NA	NA	NA	NA	-6.36048133565676	NA	NA	NA	NA	NA	NA	NA	NA	NA	NA	NA	NA	NA	-6.72305141504146	-5.84858229712532	NA	NA	NA	-7.02790599656988	NA	NA	NA	NA	-7.72305141504146	NA	NA	NA	NA	NA	NA	NA	NA	NA	NA	NA	NA	NA	NA	-6.75781683320214	NA	NA	NA	NA	NA	NA	NA	NA	NA	NA	NA	NA	NA	NA	NA	NA	NA	NA	NA	NA	NA	NA	NA	NA	NA	NA	NA	NA	NA	NA	NA	NA	NA	NA	NA	NA	NA	NA	NA	NA	NA	NA	NA	NA	NA	NA	NA	NA	-7.30801391576262	NA	NA	NA	NA	NA	NA	NA	NA	NA	NA	NA	NA	NA	NA	NA	NA	NA	NA	-6.75781683320214	NA	NA	NA	NA	NA	-6.94544383637791	NA	NA	NA	NA	NA	NA	NA	NA	NA	NA	NA	NA	NA	NA	-8.53040633709907	NA	NA	NA	NA	NA	NA	NA	NA	NA	NA	NA	NA	NA	NA	NA	NA	NA	NA	NA	NA	NA	NA	NA
KK2491	NA	NA	NA	NA	NA	NA	NA	-7.58796498888268	NA	NA	NA	NA	-2.72006852489002	NA	NA	NA	NA	NA	NA	NA	NA	NA	NA	NA	-4.97915574620716	NA	NA	NA	NA	NA	NA	NA	-4.53485365242312	NA	NA	NA	NA	NA	NA	NA	NA	NA	NA	NA	-3.37851162325373	NA	NA	NA	NA	NA	NA	-3.37073427266201	NA	NA	NA	NA	NA	NA	NA	NA	-2.92120839699788	NA	NA	NA	NA	NA	NA	NA	NA	-9.90989308377004	NA	NA	NA	NA	NA	-3.77034173137125	-3.90989308377004	NA	-4.38633112771303	NA	NA	NA	NA	NA	NA	NA	NA	NA	NA	NA	NA	NA	NA	NA	NA	NA	NA	NA	NA	-3.53485365242312	NA	NA	NA	NA	NA	NA	NA	NA	NA	NA	NA	NA	NA	NA	NA	NA	NA	NA	NA	NA	NA	NA	NA	NA	NA	NA	NA	NA	NA	NA	NA	NA	NA	NA	NA	NA	NA	NA	NA	NA	NA	NA	NA	NA	NA	NA	-6.45046146513274	NA	NA	NA	NA	NA	NA	NA	NA	NA	NA	NA	NA	NA	NA	NA	NA	NA	NA	NA	NA	NA	NA	NA	-4.43415965280364	NA	NA	NA	NA	NA	NA	NA	NA	NA	NA	NA	NA	NA	NA	NA	NA	NA	NA	NA	NA
KK2492	-0.11818558356657	NA	NA	NA	NA	NA	NA	NA	-6.93603085393435	NA	NA	NA	NA	NA	NA	NA	NA	NA	NA	NA	NA	NA	NA	-3.83072378500856	NA	NA	NA	NA	NA	NA	NA	NA	NA	NA	NA	NA	NA	NA	NA	NA	NA	NA	NA	NA	NA	NA	NA	NA	NA	NA	NA	NA	NA	NA	NA	NA	NA	NA	NA	NA	-12.2398116021114	NA	NA	NA	NA	NA	NA	NA	NA	NA	NA	NA	NA	NA	NA	NA	NA	NA	NA	NA	NA	NA	NA	NA	NA	NA	NA	NA	NA	NA	NA	NA	NA	NA	NA	NA	NA	NA	NA	NA	NA	NA	NA	NA	NA	NA	NA	NA	NA	NA	NA	NA	NA	NA	NA	NA	NA	NA	NA	NA	NA	NA	NA	NA	NA	NA	NA	NA	NA	NA	NA	NA	NA	NA	NA	NA	NA	NA	NA	NA	NA	NA	NA	NA	NA	NA	NA	NA	NA	NA	NA	NA	NA	NA	NA	NA	NA	NA	NA	NA	NA	NA	NA	NA	NA	NA	NA	NA	NA	NA	NA	NA	NA	NA	NA	NA	NA	NA	NA	NA	NA	NA	NA	NA	NA	NA	NA	NA	NA	NA	NA
KK2493	-4.14446942075964	-2.79083246614494	NA	NA	NA	NA	NA	NA	NA	NA	NA	-2.67053823242723	NA	NA	NA	NA	NA	NA	NA	NA	NA	NA	NA	NA	-4.68990355729416	NA	NA	NA	NA	NA	NA	NA	NA	-4.61395470406086	NA	NA	NA	NA	NA	NA	NA	NA	NA	NA	NA	NA	NA	NA	NA	NA	NA	NA	NA	NA	NA	NA	NA	NA	-5.89935692292311	NA	NA	NA	NA	NA	NA	NA	NA	NA	NA	NA	NA	NA	NA	-4.85496280356466	NA	NA	NA	NA	NA	NA	NA	NA	NA	NA	NA	NA	NA	NA	NA	NA	NA	NA	NA	NA	NA	NA	NA	NA	NA	NA	NA	NA	NA	NA	NA	NA	NA	NA	NA	NA	NA	NA	NA	NA	NA	NA	NA	NA	NA	NA	NA	NA	NA	NA	NA	NA	NA	NA	NA	NA	NA	NA	NA	NA	NA	-1.88254863523656	NA	NA	NA	NA	NA	NA	NA	NA	NA	NA	NA	NA	-3.15788993652196	NA	NA	NA	NA	NA	NA	NA	NA	NA	NA	NA	NA	NA	NA	NA	NA	NA	NA	-3.99246632731459	NA	NA	NA	NA	NA	NA	NA	NA	NA	NA	-4.3757949668661	NA	NA	NA	NA	NA	NA	NA	NA	NA	NA	NA	NA
KK2494	-0.422608039845246	NA	NA	NA	NA	NA	NA	NA	-8.40981519582048	NA	NA	-4.38301513647676	NA	NA	NA	-3.74078843031085	NA	NA	NA	NA	NA	NA	-8.62740663089311	-3.99567966283603	-8.53010942953819	NA	NA	-7.61072788974648	NA	NA	NA	NA	NA	-7.38124604362371	-9.19569039046763	NA	NA	NA	NA	NA	NA	NA	NA	NA	NA	NA	NA	NA	-8.53010942953819	NA	NA	NA	NA	NA	-7.82485269509932	NA	NA	NA	NA	NA	-9.53010942953819	NA	NA	-7.7868848449003	NA	NA	-8.66135396281644	NA	NA	NA	NA	NA	NA	NA	NA	NA	-8.59423976695791	NA	NA	NA	NA	NA	NA	NA	NA	NA	NA	NA	NA	NA	NA	NA	NA	-8.29878388343174	-7.66135396281644	NA	-6.97685578854437	NA	NA	NA	NA	NA	NA	NA	NA	NA	-9.88374638415289	NA	NA	NA	NA	NA	NA	NA	NA	NA	NA	NA	NA	NA	-6.89380004881681	NA	NA	NA	NA	-9.80574387215162	NA	NA	NA	NA	NA	NA	NA	NA	NA	NA	NA	NA	NA	NA	NA	NA	NA	NA	NA	NA	NA	NA	NA	NA	NA	NA	NA	NA	NA	NA	NA	NA	NA	NA	NA	NA	NA	NA	NA	NA	NA	NA	NA	NA	NA	NA	NA	NA	NA	NA	NA	NA	NA	NA	NA	NA	NA	NA	NA	NA	NA	NA	NA	NA	NA
KK2495	NA	NA	NA	NA	NA	NA	NA	NA	NA	NA	NA	-1.55495336190997	NA	NA	NA	NA	NA	NA	NA	NA	NA	NA	NA	NA	-6.18516694372603	NA	NA	NA	NA	NA	NA	NA	NA	NA	NA	NA	NA	NA	NA	NA	NA	NA	NA	NA	NA	NA	NA	NA	NA	-3.27262978497637	NA	NA	NA	NA	NA	NA	NA	NA	NA	NA	NA	NA	NA	NA	NA	NA	NA	NA	NA	NA	-6.27262978497637	NA	NA	NA	-2.66529947122676	NA	NA	NA	-2.63600516443272	NA	NA	NA	NA	NA	NA	NA	NA	NA	NA	NA	NA	NA	NA	NA	NA	NA	NA	NA	NA	NA	NA	NA	NA	NA	NA	NA	NA	NA	NA	NA	NA	NA	NA	NA	NA	NA	NA	NA	NA	NA	NA	NA	NA	NA	NA	-2.95974682969201	NA	NA	NA	NA	NA	NA	NA	NA	NA	NA	NA	NA	NA	NA	NA	NA	NA	NA	NA	NA	NA	NA	NA	NA	NA	NA	NA	NA	NA	NA	NA	NA	NA	NA	NA	NA	NA	NA	NA	NA	-4.18516694372603	NA	NA	NA	NA	NA	NA	NA	NA	NA	NA	NA	NA	NA	NA	NA	NA	NA	NA	NA	NA	NA	NA	NA	NA
KK2496	-4.92633835783674	-6.10142506439483	NA	NA	NA	NA	NA	NA	NA	-7.53205941872469	NA	-2.60647272940627	NA	NA	NA	NA	NA	NA	NA	NA	NA	NA	NA	NA	-4.28083431518053	NA	NA	-5.50103252310407	NA	NA	NA	NA	-5.30073387261824	NA	NA	NA	NA	NA	NA	-9.05562137478171	NA	NA	NA	NA	NA	NA	NA	-4.64623043864401	NA	NA	NA	NA	NA	NA	NA	NA	NA	NA	-6.84616800915276	NA	NA	NA	NA	NA	NA	NA	NA	NA	NA	NA	NA	NA	NA	NA	-4.98953218432394	NA	NA	NA	-4.66330395200295	-1.7484205656409	NA	NA	NA	NA	NA	NA	NA	NA	NA	NA	NA	NA	NA	NA	NA	NA	NA	NA	NA	NA	NA	NA	NA	NA	NA	NA	NA	NA	NA	NA	-4.92633835783674	-7.96815853353137	NA	NA	NA	NA	NA	NA	NA	NA	NA	NA	-6.62935662007961	NA	NA	NA	NA	NA	NA	NA	NA	NA	NA	NA	NA	NA	NA	NA	-3.8856963733394	NA	NA	NA	NA	NA	NA	NA	NA	NA	NA	NA	NA	NA	NA	NA	NA	NA	NA	NA	NA	NA	NA	NA	NA	NA	NA	NA	NA	NA	NA	NA	NA	NA	NA	NA	NA	NA	NA	NA	-9.2482664527241	NA	-8.47065887406055	NA	NA	NA	-8.59618975614441	NA	NA	NA	NA	NA	NA
KK2497	-1.61280950116797	NA	NA	NA	NA	NA	-2.08265531015824	NA	NA	NA	NA	-2.43479924452422	NA	NA	NA	NA	NA	NA	NA	NA	NA	NA	NA	NA	-6.80363860578259	NA	NA	NA	NA	-5.31995944089862	NA	NA	NA	NA	-6.57775719836626	NA	-5.55699863819947	NA	-7.19442855881476	-7.51635665370212	NA	NA	NA	NA	NA	NA	NA	NA	NA	NA	NA	NA	NA	-6.87892673308683	NA	NA	NA	NA	NA	NA	NA	NA	NA	NA	NA	NA	NA	NA	NA	NA	-9.68628165514443	-6.34643165225981	NA	NA	-5.22685003650714	NA	-6.11642604681349	NA	NA	NA	NA	NA	NA	-7.73208534475756	NA	NA	NA	NA	NA	NA	NA	NA	NA	NA	NA	NA	NA	NA	NA	NA	NA	NA	NA	NA	NA	NA	NA	NA	NA	NA	NA	NA	NA	NA	NA	NA	NA	NA	NA	NA	NA	NA	NA	NA	NA	NA	NA	NA	NA	NA	NA	NA	NA	NA	NA	NA	NA	NA	NA	NA	NA	NA	NA	NA	NA	NA	NA	NA	NA	NA	NA	NA	NA	NA	NA	NA	NA	NA	NA	NA	NA	NA	NA	NA	NA	NA	-7.51635665370212	NA	NA	NA	NA	NA	-7.19442855881476	NA	NA	NA	NA	NA	NA	NA	NA	NA	NA	NA	NA	NA	NA	NA	NA	NA	NA
KK2498	-1.06003163381005	NA	-1.08209162081896	NA	NA	NA	NA	NA	-6.4241662888181	NA	NA	NA	NA	NA	NA	-5.86957743714046	NA	NA	NA	NA	NA	NA	NA	-6.78031009904338	NA	NA	NA	NA	NA	NA	NA	NA	NA	NA	NA	NA	NA	NA	NA	NA	NA	NA	NA	NA	NA	NA	NA	NA	NA	NA	NA	NA	NA	NA	NA	NA	NA	NA	NA	NA	NA	NA	NA	NA	NA	NA	NA	NA	NA	NA	NA	NA	NA	NA	NA	NA	NA	NA	NA	NA	NA	NA	NA	NA	NA	NA	NA	NA	NA	NA	NA	NA	NA	NA	NA	NA	NA	NA	NA	NA	NA	NA	NA	NA	NA	NA	NA	NA	NA	NA	NA	NA	NA	NA	NA	NA	NA	NA	NA	NA	NA	NA	NA	NA	NA	NA	NA	NA	NA	NA	NA	NA	NA	NA	NA	NA	NA	NA	NA	NA	NA	NA	NA	NA	NA	NA	NA	NA	NA	NA	NA	NA	-7.4241662888181	NA	NA	NA	NA	NA	NA	NA	NA	NA	NA	NA	NA	NA	NA	NA	NA	NA	NA	NA	NA	NA	NA	NA	NA	NA	NA	NA	NA	NA	NA	NA	NA	NA	NA	NA	NA	NA	NA
KK2499	NA	NA	NA	NA	NA	NA	NA	NA	NA	NA	NA	NA	NA	NA	NA	NA	NA	NA	NA	NA	NA	NA	NA	NA	NA	NA	NA	NA	NA	-2.51630614005421	NA	-6.89481776330794	NA	NA	NA	NA	-0.291933354589525	NA	NA	NA	NA	NA	NA	NA	NA	NA	NA	NA	NA	NA	NA	NA	NA	NA	NA	NA	NA	NA	NA	NA	NA	NA	NA	NA	NA	NA	NA	NA	NA	NA	NA	NA	NA	NA	NA	NA	NA	NA	NA	NA	NA	NA	NA	NA	NA	NA	NA	NA	NA	NA	NA	NA	NA	NA	NA	NA	NA	NA	NA	NA	NA	NA	NA	NA	NA	NA	NA	NA	NA	NA	NA	NA	NA	NA	NA	NA	NA	NA	NA	NA	NA	NA	NA	NA	NA	NA	NA	NA	NA	NA	NA	NA	NA	NA	NA	NA	NA	NA	NA	NA	NA	NA	NA	NA	NA	NA	NA	NA	NA	NA	NA	NA	NA	NA	NA	NA	NA	NA	NA	NA	NA	NA	NA	NA	NA	NA	NA	NA	NA	NA	NA	NA	NA	NA	NA	NA	NA	NA	NA	NA	NA	NA	NA	NA	NA	NA	NA	NA	NA	NA	NA
KK2500	-0.0382509906632727	NA	NA	NA	NA	NA	NA	NA	NA	-8.25620868852739	NA	NA	NA	NA	NA	NA	NA	NA	NA	NA	NA	NA	NA	NA	NA	NA	NA	NA	NA	NA	NA	NA	NA	NA	NA	NA	-5.44885376646978	NA	NA	NA	NA	NA	NA	NA	NA	NA	NA	NA	NA	NA	NA	NA	NA	NA	NA	NA	NA	NA	NA	NA	NA	NA	NA	NA	NA	NA	NA	NA	NA	NA	NA	NA	NA	NA	NA	NA	NA	NA	NA	NA	NA	NA	NA	NA	NA	NA	NA	NA	NA	NA	NA	NA	NA	NA	NA	NA	NA	NA	NA	NA	NA	NA	NA	NA	NA	NA	NA	NA	NA	NA	NA	NA	NA	NA	NA	NA	NA	NA	NA	NA	NA	NA	NA	NA	NA	NA	NA	NA	NA	NA	NA	NA	NA	NA	NA	NA	NA	NA	NA	NA	NA	NA	NA	NA	NA	NA	NA	NA	NA	NA	NA	NA	NA	NA	NA	NA	NA	NA	NA	NA	NA	NA	NA	NA	NA	NA	NA	NA	NA	NA	NA	NA	NA	NA	NA	NA	NA	NA	NA	NA	NA	NA	NA	NA	NA	NA	NA	NA	NA	NA	NA
KK2501	-5.59089163168102	NA	NA	NA	NA	NA	NA	NA	NA	NA	NA	NA	NA	NA	NA	NA	NA	NA	NA	NA	NA	NA	NA	NA	NA	NA	NA	-5.8472313849408	NA	-0.804660001189165	NA	NA	NA	-5.54142295541671	NA	NA	-1.68288310107592	NA	NA	NA	NA	NA	NA	NA	NA	NA	NA	NA	NA	NA	NA	NA	NA	NA	NA	NA	NA	NA	NA	NA	NA	NA	NA	NA	NA	NA	-5.8273318275031	NA	NA	NA	NA	NA	NA	NA	NA	NA	NA	NA	NA	NA	NA	NA	NA	NA	NA	NA	NA	NA	NA	NA	NA	NA	NA	NA	NA	NA	NA	NA	NA	NA	NA	NA	NA	NA	NA	NA	NA	NA	NA	NA	NA	NA	NA	NA	NA	NA	NA	NA	NA	NA	NA	NA	NA	NA	NA	NA	NA	NA	NA	NA	NA	NA	NA	NA	NA	NA	-5.06296007599624	NA	NA	NA	NA	NA	NA	NA	NA	NA	NA	NA	NA	NA	NA	NA	NA	NA	-6.80770302075416	NA	NA	NA	NA	NA	NA	NA	NA	NA	NA	NA	NA	NA	NA	NA	NA	NA	NA	NA	NA	NA	NA	NA	NA	NA	NA	NA	NA	NA	NA	NA	NA	NA	NA	NA	NA
KK2502	NA	NA	NA	NA	NA	NA	NA	NA	NA	-3.77820857639809	NA	NA	-4.83710226545166	NA	NA	NA	NA	NA	NA	NA	NA	NA	NA	NA	NA	NA	NA	-4.96263314753551	NA	NA	NA	NA	NA	NA	NA	NA	NA	NA	NA	NA	NA	NA	NA	NA	-5.10013667128545	NA	NA	NA	NA	NA	NA	NA	NA	NA	NA	NA	NA	-2.49132742860993	NA	NA	NA	NA	NA	NA	NA	NA	NA	NA	NA	NA	NA	NA	NA	NA	NA	NA	NA	NA	NA	NA	NA	NA	-2.86747591449517	NA	NA	NA	NA	NA	NA	NA	NA	NA	NA	NA	NA	NA	NA	NA	NA	NA	NA	NA	NA	NA	NA	NA	NA	NA	NA	NA	NA	NA	NA	NA	NA	NA	NA	NA	NA	NA	NA	NA	NA	NA	NA	NA	NA	NA	NA	NA	NA	NA	NA	NA	-4.42206476617281	NA	NA	NA	NA	NA	NA	NA	NA	NA	NA	NA	NA	NA	-5.10013667128545	NA	NA	NA	NA	NA	NA	NA	NA	NA	NA	NA	NA	NA	NA	NA	NA	NA	NA	NA	NA	NA	NA	NA	NA	NA	NA	NA	NA	NA	NA	NA	NA	NA	NA	NA	NA	NA	NA	NA	NA	NA	NA
KK2503	NA	NA	NA	NA	NA	NA	NA	NA	NA	NA	NA	NA	-5.62033683082304	NA	NA	NA	NA	NA	NA	NA	-3.29228263313884	NA	NA	NA	-7.47448596435959	NA	NA	NA	NA	NA	NA	NA	NA	-5.65136372644367	NA	NA	NA	NA	NA	NA	NA	NA	NA	NA	NA	NA	NA	NA	NA	NA	NA	NA	NA	NA	-0.449559424605037	NA	NA	NA	NA	NA	NA	NA	NA	NA	NA	NA	NA	NA	NA	NA	NA	NA	NA	NA	NA	NA	NA	NA	NA	NA	NA	NA	NA	NA	NA	NA	NA	NA	NA	NA	-5.15255786947222	NA	NA	NA	NA	NA	NA	NA	NA	NA	NA	NA	NA	NA	NA	NA	NA	NA	NA	NA	NA	NA	NA	NA	NA	NA	NA	NA	NA	NA	NA	NA	NA	NA	NA	NA	NA	NA	NA	NA	NA	NA	NA	NA	NA	NA	NA	NA	NA	NA	NA	NA	NA	NA	NA	NA	NA	NA	NA	NA	NA	NA	NA	NA	NA	NA	NA	NA	NA	NA	-6.47448596435959	NA	NA	NA	NA	NA	NA	NA	NA	NA	NA	NA	NA	NA	NA	NA	NA	NA	NA	NA	NA	NA	NA	-8.00500068105837	NA	NA	NA	NA	NA	NA	NA
KK2504	NA	NA	NA	NA	NA	NA	NA	NA	NA	NA	NA	NA	NA	NA	NA	NA	NA	NA	NA	NA	NA	NA	-3.09848986339936	NA	-3.62205181945638	NA	-4.03708931873522	-4.81469689739877	-3.92161210131528	NA	NA	NA	-5.03708931873522	NA	NA	NA	NA	NA	NA	NA	NA	NA	NA	NA	NA	NA	NA	NA	NA	NA	NA	NA	NA	NA	NA	NA	NA	NA	NA	NA	-4.62205181945638	NA	NA	NA	NA	NA	NA	NA	NA	NA	NA	NA	NA	-2.7640708243288	NA	NA	NA	NA	NA	NA	NA	NA	NA	NA	NA	NA	NA	NA	NA	NA	NA	-6.62205181945638	NA	NA	NA	NA	NA	-5.03708931873522	NA	NA	NA	NA	NA	NA	NA	NA	NA	NA	NA	NA	NA	NA	-4.81469689739877	NA	NA	NA	NA	NA	NA	NA	NA	NA	NA	NA	NA	NA	NA	NA	NA	NA	NA	NA	NA	NA	-3.53458897820604	NA	NA	NA	NA	NA	NA	NA	NA	NA	NA	NA	NA	NA	NA	NA	NA	NA	NA	NA	NA	NA	NA	NA	NA	NA	NA	NA	NA	NA	NA	NA	NA	NA	NA	NA	NA	NA	NA	NA	NA	NA	NA	NA	NA	NA	NA	NA	NA	NA	NA	NA	NA	NA	NA	NA	NA
KK2505	NA	NA	NA	NA	NA	NA	NA	NA	NA	NA	NA	NA	-4.80855267641523	NA	NA	NA	NA	NA	NA	NA	NA	NA	-5.5909612413426	-4.87726542649924	-3.03514508628096	-5.5909612413426	NA	-4.62010758700212	NA	NA	NA	NA	NA	-6.53437771297623	NA	-4.87726542649924	NA	NA	NA	-5.77538581248003	NA	NA	NA	NA	NA	-4.68022857943969	NA	NA	NA	-5.53437771297623	NA	NA	NA	-3.94941521225508	NA	NA	NA	NA	NA	NA	NA	NA	NA	-4.91288933622996	NA	NA	NA	NA	NA	NA	NA	NA	NA	-4.56239208914583	NA	NA	NA	NA	NA	NA	NA	NA	NA	NA	NA	NA	NA	NA	-4.02536406548837	NA	NA	NA	NA	NA	NA	NA	NA	NA	NA	NA	NA	NA	NA	NA	NA	-6.14735458986698	NA	NA	NA	NA	NA	NA	NA	NA	NA	NA	NA	NA	NA	NA	NA	NA	NA	NA	NA	NA	NA	NA	-3.41463846870214	NA	NA	NA	NA	NA	NA	NA	NA	NA	NA	NA	NA	NA	NA	NA	NA	NA	NA	NA	-5.77538581248003	NA	NA	NA	NA	NA	NA	NA	-4.87726542649924	NA	NA	NA	NA	NA	NA	NA	NA	NA	NA	NA	NA	NA	NA	NA	NA	NA	NA	NA	NA	NA	NA	NA	NA	NA	NA	NA	NA	NA	NA	NA	NA	NA	NA
KK2506	NA	NA	NA	NA	NA	NA	-2.3001628862037	NA	NA	NA	NA	NA	-4.01416733192659	NA	NA	NA	NA	NA	NA	NA	NA	NA	NA	NA	-4.98907635096376	NA	NA	NA	NA	NA	NA	NA	NA	NA	NA	NA	NA	NA	-2.759594504841	-4.35520424976166	NA	NA	NA	NA	NA	NA	NA	NA	NA	NA	NA	NA	NA	-3.56165512722909	NA	NA	NA	NA	NA	-1.759594504841	-5.20320115631661	NA	NA	NA	NA	NA	NA	NA	NA	NA	-3.94016675048282	NA	NA	NA	NA	NA	NA	NA	NA	NA	NA	NA	NA	NA	NA	NA	NA	NA	NA	NA	NA	NA	NA	NA	NA	NA	NA	NA	NA	NA	NA	NA	NA	NA	NA	NA	NA	NA	NA	NA	NA	NA	NA	NA	NA	NA	NA	NA	NA	NA	NA	NA	NA	NA	NA	NA	NA	NA	NA	NA	NA	NA	NA	NA	NA	NA	NA	NA	NA	NA	NA	NA	NA	NA	NA	NA	NA	NA	NA	NA	NA	NA	NA	NA	NA	NA	NA	NA	NA	NA	NA	NA	NA	NA	NA	NA	NA	NA	NA	NA	NA	NA	NA	NA	NA	NA	NA	NA	NA	NA	NA	NA	NA	NA	NA	NA	NA	NA	NA	NA	NA
KK2507	-1.23190780624589	NA	NA	NA	NA	NA	-1.54697291483989	NA	NA	NA	NA	NA	NA	NA	NA	NA	NA	NA	NA	NA	NA	NA	NA	NA	NA	NA	NA	NA	NA	NA	NA	NA	NA	NA	NA	NA	NA	NA	NA	NA	NA	NA	NA	NA	NA	NA	NA	NA	NA	NA	NA	NA	NA	NA	NA	NA	NA	NA	NA	NA	NA	NA	NA	NA	NA	NA	NA	NA	NA	NA	NA	NA	NA	NA	NA	NA	NA	NA	NA	NA	NA	NA	NA	NA	NA	NA	NA	NA	NA	NA	NA	NA	NA	NA	NA	NA	NA	NA	NA	NA	NA	NA	NA	NA	NA	NA	NA	NA	NA	NA	NA	NA	NA	NA	NA	NA	NA	NA	NA	NA	NA	NA	NA	NA	NA	NA	NA	NA	NA	NA	NA	NA	NA	NA	NA	NA	NA	NA	NA	NA	NA	NA	NA	NA	NA	NA	NA	NA	NA	NA	NA	NA	NA	NA	NA	NA	NA	NA	NA	NA	NA	NA	NA	NA	NA	NA	NA	NA	NA	NA	NA	NA	NA	NA	NA	NA	NA	NA	NA	NA	NA	NA	NA	NA	NA	NA	NA	NA	NA	NA	NA
KK2508	-0.866162625577909	NA	-12.0826329236461	NA	NA	NA	-1.17697242193698	-9.4546017010331	NA	-10.78717704012	NA	NA	NA	NA	NA	-9.00290573117541	NA	NA	NA	NA	NA	NA	-13.9571020415623	-9.43354008550527	NA	NA	NA	NA	NA	NA	-10.3721395408411	NA	NA	-12.9571020415623	NA	NA	NA	NA	NA	NA	NA	NA	-10.5420645422834	-11.4546017010331	NA	NA	NA	NA	-12.3721395408411	NA	NA	NA	NA	NA	NA	NA	NA	NA	NA	NA	-11.7347096202258	NA	NA	NA	-13.2201364473961	NA	NA	NA	NA	NA	NA	NA	NA	NA	NA	NA	NA	NA	NA	NA	NA	NA	NA	-11.3721395408411	NA	NA	NA	NA	NA	NA	NA	NA	NA	NA	NA	NA	NA	NA	NA	-13.2201364473961	NA	NA	NA	NA	NA	NA	NA	NA	NA	NA	NA	NA	NA	NA	NA	NA	NA	NA	NA	NA	NA	NA	-11.7347096202258	NA	NA	NA	NA	NA	NA	NA	NA	NA	NA	NA	NA	NA	NA	NA	NA	NA	NA	NA	NA	NA	NA	NA	NA	NA	NA	NA	NA	NA	NA	NA	NA	NA	NA	NA	NA	NA	NA	NA	NA	NA	NA	NA	NA	NA	NA	NA	NA	NA	NA	NA	NA	NA	NA	NA	NA	NA	NA	NA	NA	NA	NA	NA	NA	NA	NA	NA	NA
KK2509	-0.0428906380896509	NA	-7.03407616361479	NA	NA	NA	NA	NA	NA	NA	NA	NA	NA	NA	NA	-7.80819475619846	NA	NA	NA	NA	NA	NA	-9.52440179019787	-8.30200936886142	NA	NA	NA	-11.5947911180893	NA	NA	NA	NA	NA	-10.9167192129766	NA	NA	NA	NA	NA	-9.16183171081316	NA	NA	NA	NA	NA	NA	NA	NA	NA	NA	NA	NA	NA	NA	NA	NA	NA	NA	NA	NA	NA	NA	NA	NA	NA	NA	NA	NA	NA	NA	NA	NA	NA	NA	NA	NA	NA	NA	NA	NA	NA	-6.79777814025312	NA	NA	NA	NA	NA	NA	NA	NA	NA	NA	NA	NA	NA	NA	NA	NA	NA	NA	NA	NA	NA	NA	NA	NA	NA	NA	NA	NA	NA	NA	NA	NA	NA	NA	NA	NA	NA	NA	NA	NA	NA	NA	NA	NA	NA	NA	NA	NA	NA	NA	NA	NA	NA	NA	NA	NA	NA	NA	NA	NA	NA	NA	NA	NA	NA	NA	NA	NA	NA	NA	NA	NA	NA	NA	NA	NA	NA	NA	NA	NA	NA	NA	NA	NA	NA	NA	NA	NA	NA	NA	NA	NA	NA	NA	NA	NA	NA	NA	NA	NA	NA	NA	NA	NA	NA	NA	NA	NA	NA
KK2510	-2.32192809488736	NA	NA	NA	NA	NA	NA	NA	NA	NA	NA	NA	NA	NA	NA	NA	NA	NA	NA	NA	NA	NA	NA	NA	-2.23173028591578	NA	NA	NA	NA	NA	NA	NA	NA	-1.78427130894456	NA	NA	-3.69116190455308	NA	NA	NA	NA	NA	NA	NA	NA	NA	NA	NA	NA	NA	NA	NA	NA	NA	NA	NA	NA	NA	NA	NA	NA	NA	NA	NA	NA	NA	NA	NA	NA	NA	NA	NA	NA	-2.1886615640239	NA	NA	NA	NA	NA	NA	NA	NA	NA	NA	NA	NA	NA	NA	NA	NA	NA	NA	NA	NA	NA	NA	NA	NA	NA	NA	NA	NA	NA	NA	NA	NA	NA	NA	NA	NA	NA	NA	NA	NA	NA	NA	NA	NA	NA	NA	NA	NA	NA	NA	NA	NA	NA	NA	NA	NA	NA	NA	NA	NA	NA	NA	NA	NA	NA	NA	NA	NA	NA	NA	NA	NA	NA	NA	NA	NA	NA	NA	NA	NA	NA	NA	NA	NA	NA	NA	NA	NA	NA	NA	NA	NA	NA	NA	NA	NA	NA	NA	NA	NA	NA	NA	NA	NA	NA	NA	NA	NA	NA	NA	NA	NA	NA	NA	NA	NA	NA
KK2511	-3.29874330746656	NA	-0.927810829450712	NA	NA	NA	NA	NA	-1.48411858377242	NA	-12.4661614532983	-10.8811989525771	NA	NA	NA	NA	NA	NA	NA	NA	NA	NA	NA	NA	NA	NA	NA	-11.7291958591321	NA	-8.6588065312407	NA	NA	NA	-11.7291958591321	NA	NA	-8.55927085768978	NA	NA	-11.2437690319619	NA	NA	NA	NA	NA	NA	NA	NA	NA	NA	NA	NA	NA	NA	NA	NA	NA	-10.4661614532983	NA	NA	NA	NA	NA	NA	NA	NA	NA	NA	NA	NA	NA	NA	NA	NA	NA	NA	NA	NA	-10.0511239540195	NA	NA	NA	NA	NA	NA	NA	NA	NA	NA	NA	NA	NA	NA	NA	NA	NA	NA	NA	NA	NA	NA	NA	NA	NA	NA	NA	NA	NA	NA	NA	NA	NA	NA	NA	NA	NA	NA	NA	NA	NA	NA	NA	NA	-9.006729834661	NA	NA	NA	NA	NA	NA	NA	NA	NA	NA	NA	NA	NA	NA	NA	NA	NA	NA	NA	NA	NA	NA	NA	NA	NA	NA	NA	NA	-8.52756199796244	NA	NA	-12.0511239540195	NA	NA	NA	NA	NA	NA	NA	NA	NA	NA	NA	NA	NA	NA	NA	NA	NA	NA	NA	NA	NA	NA	NA	NA	NA	NA	NA	NA	NA	NA	NA	NA	NA	NA	NA
KK2512	NA	NA	NA	NA	NA	NA	NA	NA	NA	NA	NA	-4.25466122480879	NA	NA	NA	NA	NA	NA	NA	NA	NA	NA	NA	NA	NA	NA	NA	-4.32024956643637	NA	NA	NA	NA	NA	NA	NA	NA	NA	NA	NA	NA	NA	NA	NA	NA	NA	NA	NA	NA	NA	NA	NA	-5.38896231652038	NA	NA	NA	NA	NA	-4.55668976225845	NA	NA	-3.82765108386387	NA	-5.46111210227622	NA	NA	NA	NA	NA	NA	NA	NA	-5.93915939908086	-6.04607460299737	NA	NA	NA	NA	NA	NA	NA	NA	NA	NA	NA	NA	NA	NA	-3.49858680769488	-4.23871968093977	NA	-3.82765108386387	NA	NA	NA	NA	NA	NA	NA	NA	NA	-5.4245862262511	NA	NA	NA	NA	NA	NA	NA	NA	NA	NA	NA	NA	NA	NA	NA	NA	NA	NA	NA	NA	-4.81577698357558	NA	NA	NA	NA	NA	NA	NA	NA	NA	NA	NA	NA	-4.76923439763855	NA	NA	NA	NA	NA	NA	NA	NA	NA	NA	NA	NA	NA	NA	NA	NA	NA	NA	NA	NA	NA	NA	-5.07408897916697	NA	NA	-3.31188609350174	NA	NA	NA	NA	NA	NA	NA	-4.49858680769488	NA	NA	NA	NA	NA	NA	-5.70212020178001	NA	NA	NA	NA	NA	NA	-6.16155182041731	NA	NA	-6.93915939908086	NA	NA	NA	NA	NA
KK2513	-2.98372446028717	NA	NA	NA	NA	NA	NA	NA	NA	-0.652840406131166	NA	NA	NA	NA	NA	-2.9784495182465	NA	NA	NA	NA	NA	NA	NA	-3.77270085302992	-7.32159409904355	NA	NA	NA	NA	NA	NA	NA	NA	-6.82855408776344	NA	NA	NA	NA	NA	NA	NA	NA	NA	NA	NA	NA	NA	NA	NA	NA	NA	NA	NA	NA	NA	NA	-8.07648160120702	NA	NA	NA	NA	NA	NA	NA	NA	NA	-8.37604188306593	NA	NA	NA	NA	NA	NA	NA	NA	NA	NA	NA	NA	NA	NA	NA	NA	NA	NA	NA	NA	NA	NA	NA	-7.32159409904355	NA	NA	NA	NA	NA	NA	NA	NA	NA	NA	NA	NA	NA	NA	NA	NA	NA	NA	NA	NA	NA	NA	NA	NA	NA	NA	NA	NA	NA	NA	NA	NA	NA	NA	NA	NA	NA	NA	NA	NA	-9.75455350631966	NA	NA	NA	NA	NA	NA	NA	NA	NA	NA	NA	NA	NA	NA	NA	NA	NA	NA	NA	NA	NA	NA	NA	-8.49151910048587	-11.076481601207	NA	NA	NA	NA	NA	NA	NA	NA	NA	NA	NA	NA	NA	NA	NA	NA	NA	NA	NA	NA	-9.07648160120702	NA	NA	NA	NA	NA	NA	NA	NA	NA	NA	NA	NA	NA
KK2514	-0.753086214241893	NA	NA	NA	NA	NA	NA	NA	-1.31375176317879	-11.61850446429	NA	NA	NA	NA	NA	-8.0424750883389	NA	NA	NA	NA	NA	NA	-14.0514638715662	NA	NA	NA	NA	NA	NA	NA	NA	-12.7884294657324	NA	-13.5660370443959	NA	NA	NA	NA	NA	NA	NA	NA	NA	NA	NA	NA	NA	NA	NA	NA	NA	NA	NA	NA	NA	NA	NA	NA	NA	NA	NA	NA	NA	NA	NA	NA	NA	NA	NA	NA	NA	NA	NA	NA	NA	NA	NA	NA	NA	NA	NA	NA	NA	NA	NA	NA	NA	NA	NA	NA	NA	NA	NA	NA	NA	NA	NA	NA	NA	NA	NA	NA	NA	NA	NA	NA	NA	NA	NA	NA	NA	NA	NA	NA	NA	NA	NA	NA	NA	NA	NA	NA	NA	NA	NA	NA	NA	NA	NA	NA	NA	NA	NA	NA	NA	NA	NA	NA	NA	NA	NA	NA	NA	NA	NA	NA	NA	NA	NA	NA	NA	NA	NA	NA	NA	NA	NA	NA	NA	NA	NA	NA	NA	NA	NA	NA	NA	NA	NA	NA	NA	NA	NA	NA	NA	NA	NA	NA	NA	NA	NA	NA	NA	NA	NA	NA	NA	NA	NA	NA	NA
KK2515	-0.118424695709315	NA	NA	NA	NA	NA	NA	NA	-9.30577676890981	NA	NA	-10.3797773503536	NA	NA	NA	-4.6561613098464	NA	NA	NA	NA	NA	NA	NA	-5.01299501968197	-10.3057767689098	NA	NA	NA	-10.042742363076	NA	NA	NA	NA	NA	NA	NA	NA	NA	NA	-11.3057767689098	NA	NA	NA	NA	NA	NA	NA	NA	NA	NA	NA	NA	NA	NA	NA	NA	NA	NA	NA	NA	NA	NA	NA	NA	NA	NA	NA	NA	NA	NA	NA	-11.3057767689098	-10.1041429077402	NA	NA	NA	NA	NA	NA	NA	NA	NA	NA	NA	NA	NA	NA	NA	NA	NA	NA	NA	NA	NA	NA	NA	-11.1682732451599	NA	NA	NA	NA	NA	NA	NA	-12.042742363076	NA	NA	NA	NA	NA	NA	NA	NA	NA	NA	NA	NA	NA	NA	NA	NA	NA	NA	NA	-11.3057767689098	NA	NA	NA	NA	NA	NA	NA	NA	NA	NA	NA	NA	NA	NA	NA	NA	-11.042742363076	NA	NA	NA	NA	NA	NA	NA	NA	NA	NA	NA	NA	NA	NA	NA	NA	NA	NA	NA	NA	NA	NA	NA	NA	NA	NA	NA	NA	NA	NA	NA	NA	NA	NA	NA	NA	NA	NA	NA	NA	NA	NA	NA	NA	NA	NA	NA	NA	NA
KK2516	-1.94071226270525	NA	NA	NA	NA	NA	NA	NA	NA	-3.67948009950545	NA	-5.14342719926524	NA	NA	NA	NA	NA	NA	NA	NA	NA	NA	NA	NA	NA	NA	NA	NA	NA	NA	NA	NA	NA	-6.30096847625172	-2.87212517744784	NA	NA	NA	NA	NA	NA	NA	NA	NA	NA	-3.89288373761464	NA	NA	NA	NA	NA	NA	NA	-6.09451759878429	-3.81158363551279	NA	-3.89288373761464	NA	-5.8314831929505	-4.1940532723352	-5.1940532723352	NA	NA	NA	NA	NA	NA	NA	NA	NA	NA	NA	NA	NA	NA	NA	NA	NA	NA	NA	NA	NA	NA	NA	NA	NA	NA	NA	NA	NA	NA	NA	NA	NA	NA	NA	NA	NA	NA	NA	NA	NA	NA	NA	NA	NA	NA	NA	NA	NA	NA	NA	NA	NA	NA	NA	NA	NA	NA	NA	NA	NA	-5.60909077161405	NA	NA	NA	NA	NA	NA	NA	NA	NA	NA	NA	NA	NA	NA	NA	NA	NA	NA	NA	NA	NA	NA	NA	NA	NA	NA	NA	NA	NA	NA	NA	NA	NA	NA	NA	-3.91394535314247	NA	NA	NA	NA	NA	NA	NA	NA	NA	NA	NA	NA	NA	NA	NA	NA	-6.09451759878429	NA	NA	NA	NA	NA	NA	NA	NA	NA	NA	NA	NA	NA	NA	NA
KK2517	-0.0194466182711641	NA	NA	NA	NA	-10.2899993160829	NA	NA	NA	NA	NA	-11.3652874433871	-12.8507142705574	NA	NA	NA	NA	-12.8507142705574	NA	NA	NA	NA	-12.0851795241944	NA	NA	NA	NA	NA	NA	NA	-12.1726423654447	NA	NA	-13.1726423654447	NA	NA	NA	NA	NA	NA	NA	NA	NA	NA	-8.75478985055885	NA	NA	NA	NA	-11.9247148520012	NA	NA	NA	-13.1726423654447	NA	NA	NA	NA	NA	NA	NA	-11.4722026473037	NA	-12.7132107468075	NA	NA	-13.5876798647236	NA	NA	NA	NA	-11.8507142705574	NA	NA	NA	-12.0027173640024	NA	NA	NA	NA	NA	NA	-12.5876798647236	NA	NA	NA	NA	NA	-11.4177548632813	-8.93423762611967	NA	NA	-12.1726423654447	NA	NA	NA	-13.5876798647236	NA	NA	NA	NA	NA	NA	-10.9631889998158	NA	NA	NA	NA	NA	NA	NA	NA	NA	NA	NA	NA	-12.5876798647236	NA	NA	NA	NA	NA	NA	NA	NA	NA	NA	NA	NA	NA	NA	NA	NA	NA	NA	NA	NA	NA	NA	NA	NA	NA	NA	NA	NA	NA	NA	NA	NA	NA	NA	NA	-8.83279236256013	NA	NA	NA	NA	NA	NA	NA	NA	NA	NA	NA	NA	NA	NA	NA	NA	NA	NA	NA	NA	NA	NA	NA	NA	NA	NA	NA	NA	NA	NA	NA	NA	NA	NA	NA	NA	NA	NA
KK2518	-0.10888349853228	NA	NA	NA	NA	NA	NA	NA	-11.1465360400117	-11.6770507567105	NA	NA	NA	NA	NA	-7.46327146567872	-15.4319382588739	NA	NA	NA	NA	NA	-13.1100101639866	-3.99757065720501	-13.2620132574316	NA	NA	-14.4319382588739	NA	NA	NA	NA	NA	NA	NA	NA	NA	NA	NA	NA	NA	NA	NA	NA	-11.5250476632654	NA	NA	NA	NA	-14.4319382588739	NA	NA	NA	NA	NA	NA	NA	NA	-14.8469757581528	-13.6245833368163	-12.5250476632654	NA	NA	NA	NA	NA	NA	NA	NA	NA	NA	NA	NA	NA	NA	NA	NA	NA	NA	-13.6245833368163	NA	NA	-13.8469757581528	NA	NA	NA	NA	NA	NA	-9.18401074543034	NA	NA	-14.4319382588739	NA	NA	NA	NA	NA	NA	NA	NA	NA	NA	-12.8469757581528	NA	NA	NA	NA	NA	NA	NA	NA	NA	NA	NA	NA	NA	NA	NA	NA	NA	NA	NA	NA	NA	NA	NA	NA	NA	NA	NA	-13.1100101639866	NA	NA	NA	NA	NA	NA	NA	NA	NA	NA	NA	-11.8469757581528	NA	NA	NA	NA	NA	NA	-13.8469757581528	NA	NA	NA	NA	NA	NA	NA	NA	NA	NA	NA	NA	NA	NA	NA	NA	NA	NA	NA	NA	NA	NA	NA	NA	NA	NA	NA	NA	NA	NA	NA	NA	NA	NA	NA	NA	NA	NA	NA	NA
KK2519	-5.81178989339795	NA	-6.27745346574676	-6.96933117038443	NA	NA	NA	-4.11518203684788	NA	-6.96933117038443	NA	NA	NA	NA	NA	NA	-7.08480838780436	NA	NA	NA	-6.58230804727518	NA	-6.34784279363816	NA	NA	NA	NA	-4.40298434783062	-6.1462089324685	NA	-5.27745346574676	NA	NA	NA	-3.63634788698807	NA	NA	NA	NA	NA	NA	NA	-5.08480838780436	NA	-6.86241596646791	-5.24350613382342	NA	NA	NA	-6.762880292917	-6.42184337508193	NA	-5.34784279363816	-5.71557457813864	NA	NA	NA	NA	NA	NA	-5.46031752289657	NA	-3.62537676916706	NA	NA	NA	NA	NA	NA	NA	NA	NA	-5.71557457813864	-4.46031752289657	-8.66977088852552	NA	NA	NA	NA	NA	NA	NA	NA	NA	-8.34784279363816	NA	NA	NA	NA	NA	NA	NA	NA	NA	NA	NA	NA	-6.58230804727518	NA	NA	NA	NA	NA	NA	NA	NA	NA	NA	NA	NA	NA	-7.08480838780436	-6.08480838780436	NA	NA	NA	NA	NA	-5.02591469875079	NA	NA	NA	-6.42184337508193	NA	NA	NA	NA	NA	NA	-7.08480838780436	NA	-6.02591469875079	NA	NA	NA	NA	NA	NA	-6.58230804727518	NA	NA	NA	NA	NA	NA	NA	-6.762880292917	NA	NA	NA	-5.96933117038443	NA	NA	NA	NA	NA	NA	NA	NA	NA	NA	NA	NA	NA	NA	NA	NA	NA	-6.27745346574676	NA	NA	NA	NA	NA	NA	NA	NA	NA	NA	NA	NA	NA	-5.96933117038443	-6.96933117038443	NA	-6.58230804727518	NA	NA	NA	NA	NA
KK2520	-0.295120895827659	NA	-9.71774107876995	NA	NA	NA	NA	NA	-6.89876707344551	-8.32672046060964	-12.1237334384458	-12.2757365318908	-12.1237334384458	NA	NA	-3.27604965072893	NA	-11.7452218151921	NA	NA	-10.6907740311697	NA	-10.8018053435584	-4.28452965034884	NA	NA	NA	-11.2757365318908	NA	NA	NA	NA	NA	NA	NA	NA	NA	NA	NA	NA	NA	NA	NA	NA	-9.51492419577026	NA	NA	NA	NA	NA	NA	NA	NA	-12.6383066112755	NA	NA	NA	-12.2757365318908	NA	NA	NA	NA	NA	NA	-12.1237334384458	NA	NA	NA	-11.860699032612	NA	NA	NA	NA	NA	NA	NA	NA	NA	-11.0533441105544	NA	NA	NA	NA	-12.2757365318908	NA	NA	NA	NA	NA	-9.49146522294627	NA	NA	-10.4456615333331	NA	NA	NA	NA	NA	NA	NA	NA	NA	NA	-10.9862299146958	-9.31637851638818	-11.4456615333331	NA	NA	NA	NA	-11.2757365318908	-12.4456615333331	-12.2757365318908	NA	NA	NA	NA	NA	NA	NA	NA	-12.2757365318908	NA	NA	NA	NA	NA	NA	NA	NA	NA	-10.4914652229463	NA	NA	NA	NA	NA	NA	NA	NA	NA	NA	-13.1237334384458	-10.3163785163882	NA	NA	NA	NA	NA	NA	-11.860699032612	NA	NA	-8.10581153044852	NA	NA	NA	NA	-11.1977340198896	NA	NA	NA	NA	NA	NA	NA	NA	NA	NA	NA	NA	NA	NA	NA	NA	NA	NA	NA	NA	NA	NA	NA	NA	NA	NA	NA	NA	NA	NA	NA	NA
KK2521	-11.4646774882672	NA	-0.0825415889764964	NA	NA	NA	NA	-12.718434080513	-8.30513163260491	NA	NA	NA	-12.4188737986541	NA	NA	NA	NA	NA	NA	NA	-12.1709462852105	NA	NA	NA	-13.8339112979329	NA	NA	-12.0969457037667	NA	-6.04927645237542	NA	NA	NA	NA	NA	NA	-5.24957510286125	NA	NA	-13.8339112979329	NA	NA	NA	NA	-8.0010212837682	NA	NA	NA	NA	-14.8339112979329	NA	NA	NA	NA	NA	NA	-12.6115188765965	NA	NA	NA	NA	NA	NA	-14.4188737986541	NA	NA	NA	NA	-15.4188737986541	-15.4188737986541	NA	NA	NA	NA	NA	-9.7464484566826	NA	NA	NA	-7.94719858426206	NA	NA	NA	NA	NA	NA	NA	NA	NA	NA	NA	NA	NA	NA	NA	NA	NA	NA	NA	NA	NA	NA	NA	NA	NA	NA	NA	NA	NA	NA	NA	NA	NA	NA	-13.4188737986541	NA	NA	NA	NA	NA	NA	NA	NA	NA	NA	NA	NA	NA	NA	NA	NA	NA	NA	NA	NA	NA	NA	NA	NA	NA	NA	NA	NA	NA	NA	NA	NA	NA	NA	NA	NA	NA	-13.4188737986541	NA	NA	NA	NA	NA	NA	NA	NA	NA	NA	NA	NA	NA	NA	NA	NA	NA	NA	NA	NA	NA	NA	NA	NA	NA	NA	NA	-14.4188737986541	NA	NA	NA	NA	NA	NA	NA	NA	NA	NA
KK2522	-0.353262795535649	NA	-11.7606367926173	NA	NA	NA	-3.53567042761701	NA	-6.91263988606233	-4.64793665986792	NA	NA	NA	NA	NA	-8.46785504338944	NA	NA	NA	NA	NA	NA	NA	-9.83463737406106	-6.91263988606233	NA	NA	NA	NA	NA	NA	NA	NA	NA	NA	NA	NA	NA	NA	NA	NA	NA	NA	NA	NA	NA	NA	NA	NA	NA	NA	NA	NA	NA	NA	NA	NA	NA	NA	NA	NA	NA	NA	NA	NA	NA	NA	NA	NA	NA	NA	NA	NA	NA	NA	NA	NA	NA	NA	NA	NA	NA	-5.75164800939003	NA	NA	NA	NA	NA	NA	-7.48265204531752	NA	NA	NA	-6.64793665986792	NA	NA	NA	NA	NA	NA	NA	NA	NA	NA	NA	NA	NA	NA	NA	NA	NA	NA	NA	NA	NA	NA	NA	NA	NA	NA	NA	NA	NA	NA	NA	NA	NA	NA	NA	NA	NA	NA	NA	NA	NA	NA	NA	NA	NA	-7.35464443294145	NA	NA	NA	NA	NA	-7.62313326886735	NA	NA	NA	NA	NA	NA	NA	NA	NA	NA	NA	NA	NA	NA	NA	NA	NA	NA	NA	NA	NA	NA	NA	NA	NA	NA	NA	NA	NA	NA	NA	NA	NA	NA	NA	NA	NA	NA	NA	NA	NA	NA	NA	NA	NA
KK2523	-0.214607428513415	NA	-14.5142209093581	NA	NA	NA	NA	NA	-5.20891913305818	-10.0768155970508	NA	NA	NA	NA	NA	-3.69963844345185	NA	NA	NA	NA	NA	NA	NA	-5.80341447565878	-11.7772553151919	NA	NA	-11.2412024149517	NA	NA	NA	NA	NA	NA	-8.5067263728112	NA	NA	NA	NA	-11.8512558966357	NA	NA	NA	NA	NA	-12.3987436919382	NA	NA	NA	NA	NA	NA	NA	NA	NA	-9.49927056789216	NA	-10.0117205688289	NA	NA	NA	NA	NA	-12.3987436919382	NA	NA	NA	NA	NA	NA	NA	NA	-10.1219034865794	NA	NA	NA	NA	NA	NA	NA	NA	NA	-12.3987436919382	NA	NA	NA	NA	NA	NA	-9.31782369655463	-9.8512558966357	NA	NA	NA	NA	NA	-12.3987436919382	-10.3442959079158	-11.5142209093581	NA	NA	NA	NA	NA	NA	NA	-12.2918284880217	NA	-11.3987436919382	NA	NA	NA	NA	NA	NA	NA	NA	NA	-11.929258408637	NA	NA	NA	NA	NA	NA	NA	NA	NA	NA	NA	NA	-12.1922928144708	NA	NA	NA	NA	NA	NA	NA	-12.0117205688289	NA	NA	NA	NA	NA	NA	NA	NA	NA	-12.5142209093581	NA	-13.5142209093581	NA	-9.96990039313432	NA	NA	NA	NA	NA	NA	NA	NA	NA	NA	NA	NA	NA	NA	NA	NA	NA	NA	NA	NA	NA	NA	NA	NA	NA	NA	NA	NA	NA	NA	NA	NA	NA	NA	NA	NA	NA
KK2524	-0.881908613651672	NA	-9.54706072071099	NA	NA	NA	-1.16910229240995	NA	-10.0831136209512	-10.6501542136751	NA	NA	NA	NA	NA	-10.8200792151174	NA	NA	NA	NA	NA	NA	NA	-10.2351167143963	-10.8200792151174	NA	NA	NA	NA	NA	NA	NA	NA	-12.4050417158386	NA	NA	NA	NA	NA	NA	NA	NA	NA	NA	NA	NA	NA	NA	NA	NA	NA	NA	NA	NA	NA	NA	NA	NA	NA	NA	NA	NA	NA	NA	NA	NA	NA	NA	NA	NA	NA	NA	NA	NA	NA	NA	NA	NA	NA	-10.1196394969763	NA	NA	NA	NA	NA	NA	NA	-11.9456100972013	NA	-9.40504171583856	NA	NA	NA	NA	-10.8814797597815	NA	NA	NA	NA	NA	NA	NA	NA	NA	NA	NA	NA	NA	NA	NA	NA	NA	NA	NA	NA	NA	NA	NA	NA	NA	NA	NA	NA	NA	NA	NA	NA	NA	NA	NA	NA	NA	NA	NA	NA	NA	NA	NA	NA	NA	NA	NA	NA	NA	NA	NA	NA	NA	NA	NA	NA	NA	NA	NA	NA	NA	NA	NA	NA	NA	NA	NA	NA	NA	NA	NA	NA	NA	NA	NA	NA	NA	NA	NA	NA	NA	NA	NA	NA	NA	NA	NA	NA	NA	NA	NA	NA	NA	NA	NA	NA
KK2525	-0.0301652552938922	NA	NA	NA	NA	NA	NA	NA	NA	NA	NA	NA	NA	NA	NA	-8.42486611664695	NA	NA	NA	NA	NA	NA	NA	-8.42486611664695	NA	NA	NA	NA	NA	NA	NA	NA	NA	NA	NA	NA	NA	NA	NA	NA	NA	NA	NA	NA	NA	NA	NA	NA	NA	NA	NA	NA	NA	NA	NA	NA	NA	NA	-10.0098286173681	NA	NA	NA	NA	NA	NA	NA	NA	NA	NA	-10.0098286173681	NA	NA	NA	NA	NA	NA	NA	NA	NA	NA	NA	NA	NA	NA	NA	NA	NA	NA	NA	NA	NA	NA	-9.2728630232019	-10.5947911180893	NA	NA	NA	NA	NA	NA	NA	NA	NA	NA	NA	NA	NA	NA	NA	NA	NA	NA	NA	NA	NA	NA	NA	NA	NA	NA	NA	NA	NA	NA	NA	NA	NA	NA	NA	NA	NA	NA	NA	NA	NA	NA	NA	NA	NA	NA	NA	NA	NA	NA	NA	NA	NA	NA	NA	NA	NA	NA	NA	NA	NA	NA	NA	NA	NA	NA	NA	NA	NA	NA	NA	NA	NA	NA	NA	NA	NA	NA	NA	NA	NA	NA	NA	NA	NA	NA	NA	NA	NA	NA	NA	NA	NA	NA	NA	NA	NA
KK2526	-0.0909223818771405	NA	-6.08702011244714	NA	NA	NA	NA	-13.15526097376	NA	NA	NA	NA	NA	NA	NA	NA	NA	NA	NA	NA	NA	NA	-10.0848716458686	NA	NA	-11.0848716458686	NA	NA	NA	NA	NA	NA	NA	-11.8922265679262	NA	NA	NA	NA	NA	NA	NA	NA	NA	NA	-12.15526097376	NA	NA	NA	NA	NA	NA	NA	NA	NA	NA	NA	NA	NA	NA	NA	-9.26773570301837	-9.54645173108443	NA	NA	-10.8333328788726	NA	NA	NA	NA	NA	-11.15526097376	NA	NA	NA	NA	NA	NA	NA	NA	NA	NA	-4.84783244856771	NA	NA	NA	NA	NA	NA	NA	-8.11963706402924	NA	NA	NA	NA	NA	NA	NA	NA	NA	NA	NA	NA	NA	NA	NA	NA	NA	NA	NA	NA	NA	NA	NA	NA	NA	NA	-11.0848716458686	NA	NA	NA	NA	NA	NA	NA	NA	NA	NA	-10.307264067205	NA	NA	NA	NA	NA	NA	NA	NA	NA	NA	NA	NA	-11.01775745001	NA	NA	NA	NA	NA	NA	NA	NA	NA	NA	NA	NA	NA	NA	NA	NA	NA	NA	NA	NA	NA	NA	NA	NA	NA	NA	NA	NA	NA	NA	NA	NA	NA	NA	NA	NA	NA	NA	NA	NA	NA	NA	NA	NA	NA	NA	NA	NA	NA	NA
KK2527	-0.00989619590321277	NA	NA	NA	NA	NA	NA	NA	NA	NA	NA	NA	NA	NA	NA	-11.0119098187347	NA	NA	NA	NA	NA	NA	NA	-10.2884274539321	NA	NA	NA	NA	NA	-10.0119098187347	-13.8532120727156	NA	-13.4381745734368	NA	NA	NA	-8.33488676502478	NA	NA	NA	NA	NA	NA	NA	NA	NA	NA	NA	NA	NA	NA	NA	NA	NA	NA	NA	NA	NA	NA	NA	NA	NA	NA	NA	NA	NA	NA	NA	NA	NA	NA	NA	NA	NA	NA	NA	NA	NA	NA	NA	NA	NA	NA	NA	NA	NA	NA	NA	NA	-9.55553152407496	NA	NA	NA	NA	NA	NA	NA	NA	NA	NA	NA	NA	NA	NA	NA	NA	NA	NA	NA	NA	NA	NA	NA	NA	NA	NA	NA	NA	NA	NA	NA	NA	NA	NA	NA	NA	NA	NA	NA	NA	NA	NA	NA	NA	NA	NA	NA	NA	NA	NA	NA	NA	NA	NA	NA	NA	NA	NA	NA	NA	NA	NA	NA	NA	NA	NA	NA	NA	NA	NA	NA	NA	NA	NA	NA	NA	NA	NA	NA	NA	NA	NA	NA	NA	NA	NA	NA	NA	NA	NA	NA	NA	NA	NA	NA	NA	NA	NA	NA	NA	NA
KK2528	-0.00738573841154688	NA	-10.2312522212081	NA	NA	NA	NA	-15.0892332163356	-9.48190290258603	NA	NA	NA	NA	NA	NA	-14.0892332163356	NA	NA	NA	NA	NA	NA	NA	NA	NA	NA	NA	NA	NA	NA	NA	NA	NA	NA	NA	NA	NA	NA	NA	NA	NA	NA	NA	NA	NA	NA	NA	NA	NA	-14.281878294278	NA	NA	NA	NA	-12.6298015976983	NA	NA	NA	NA	NA	NA	NA	NA	NA	NA	NA	NA	NA	NA	NA	NA	NA	NA	NA	NA	NA	NA	NA	NA	NA	NA	NA	NA	NA	NA	NA	NA	NA	NA	-9.08923321633565	NA	NA	NA	NA	NA	NA	-13.1823426207271	NA	NA	NA	NA	NA	NA	NA	NA	NA	NA	NA	NA	NA	NA	NA	NA	NA	NA	NA	-14.0892332163356	NA	NA	NA	NA	NA	NA	NA	NA	NA	NA	NA	NA	NA	NA	NA	NA	-11.3887934981946	NA	-13.9193082148933	NA	NA	NA	NA	NA	-14.281878294278	NA	NA	NA	NA	NA	NA	NA	NA	NA	NA	NA	NA	NA	NA	NA	NA	NA	NA	NA	NA	NA	NA	NA	NA	NA	NA	NA	NA	NA	NA	NA	NA	NA	NA	NA	NA	NA	NA	NA	NA	NA	NA	NA	NA	NA	NA	NA	NA	NA
KK2529	-7.71161636777867	NA	-7.89218861342049	NA	NA	NA	NA	-8.89218861342049	NA	NA	NA	NA	NA	NA	NA	NA	NA	NA	NA	-6.33964759039171	NA	NA	NA	NA	-7.66979619208404	NA	-9.09863949088791	NA	-3.75195529691498	NA	NA	NA	-7.84488289864213	-10.2141167083079	-4.25218474914137	NA	-9.33964759039171	NA	NA	-6.66979619208404	NA	NA	-3.30923124858971	-9.09863949088791	NA	NA	NA	NA	NA	-7.94109821390143	NA	NA	-1.39873341249431	-6.08483369136288	NA	NA	NA	NA	-7.37281445432691	NA	-4.35613571318028	NA	NA	NA	-5.83329492436692	NA	NA	NA	NA	-10.2141167083079	NA	NA	NA	NA	NA	NA	-4.77671139600055	NA	NA	NA	NA	NA	NA	-7.71161636777867	-7.62915420758669	NA	NA	-6.73299001857123	NA	NA	NA	NA	-4.66465288880808	NA	NA	NA	NA	NA	NA	NA	NA	NA	NA	NA	NA	NA	NA	NA	NA	NA	NA	NA	NA	NA	NA	NA	-8.71161636777867	NA	NA	NA	NA	NA	NA	-4.44152720441092	NA	NA	NA	-6.45922920614438	-8.33964759039171	NA	NA	NA	NA	-7.58962584340006	NA	NA	NA	NA	NA	NA	NA	-5.07115875446581	NA	NA	NA	NA	NA	NA	NA	NA	NA	NA	NA	NA	NA	NA	NA	NA	NA	NA	NA	NA	NA	NA	NA	NA	NA	NA	NA	NA	NA	NA	NA	NA	NA	NA	NA	-6.84488289864213	NA	NA	NA	NA	NA	NA	-8.15522301925428	NA	NA	NA	NA	NA	NA
KK2604	NA	NA	NA	NA	NA	NA	NA	NA	NA	NA	NA	NA	-4.51096191927738	-4.13245029602365	NA	NA	NA	NA	NA	NA	-3.13245029602365	NA	-4.51096191927738	NA	-2.05153030064008	NA	-3.44057259138598	NA	NA	NA	NA	NA	NA	-3.30932805810773	NA	NA	NA	NA	NA	NA	NA	NA	NA	NA	NA	NA	NA	NA	NA	NA	NA	NA	NA	NA	NA	NA	NA	NA	-5.02553509210714	NA	NA	-4.02553509210714	NA	NA	NA	NA	NA	NA	NA	NA	NA	NA	NA	NA	NA	NA	NA	NA	NA	NA	NA	NA	NA	NA	NA	NA	NA	-4.24792751344359	NA	NA	NA	NA	NA	NA	NA	NA	NA	NA	NA	NA	NA	NA	NA	NA	NA	NA	NA	NA	NA	NA	NA	NA	NA	NA	NA	NA	NA	NA	NA	NA	NA	NA	NA	NA	NA	NA	NA	NA	NA	NA	NA	NA	NA	NA	NA	NA	NA	NA	NA	NA	NA	NA	NA	NA	NA	NA	NA	NA	NA	NA	NA	NA	NA	NA	NA	NA	NA	NA	NA	-4.13245029602365	NA	NA	NA	NA	NA	NA	NA	NA	NA	NA	NA	NA	NA	NA	NA	NA	NA	NA	NA	NA	NA	NA	NA	NA	NA	NA	NA	NA	NA	NA	NA
KK2671	NA	-0.463020414121962	NA	NA	NA	NA	NA	NA	NA	NA	NA	NA	-7.06788247228082	NA	NA	NA	NA	NA	NA	-5.28361116333626	NA	-3.77837585508584	NA	NA	NA	NA	NA	NA	NA	NA	NA	NA	NA	NA	-9.65284497300198	NA	NA	NA	-6.53736775558204	NA	-7.43045255166553	NA	NA	NA	NA	-6.91587937883577	NA	NA	NA	NA	NA	-9.23780747372314	NA	NA	NA	NA	NA	NA	NA	NA	NA	NA	-4.93402672554603	NA	NA	-6.71424551766612	NA	-7.53736775558204	-10.2378074737231	NA	NA	NA	NA	NA	NA	NA	NA	NA	NA	NA	-6.1503446324728	NA	NA	NA	NA	NA	-5.56538213175164	NA	NA	NA	NA	NA	NA	NA	NA	-5.28361116333626	NA	-7.91587937883577	NA	NA	NA	NA	NA	NA	NA	NA	NA	-6.23780747372314	NA	NA	NA	-9.65284497300198	NA	NA	NA	NA	NA	NA	NA	NA	NA	NA	NA	NA	NA	NA	NA	NA	NA	NA	NA	NA	NA	NA	NA	NA	NA	NA	NA	NA	NA	NA	NA	NA	NA	NA	NA	NA	NA	NA	NA	NA	NA	NA	NA	NA	NA	NA	NA	NA	NA	NA	NA	NA	NA	-8.65284497300198	NA	NA	NA	NA	NA	NA	NA	NA	NA	NA	NA	NA	NA	-9.65284497300198	NA	NA	NA	NA	NA	NA	NA	NA	NA	NA	NA
KK2672	NA	-2.53121314095159	NA	-6.84279929161749	NA	NA	NA	NA	NA	NA	-9.06519171295394	NA	-6.74326361806658	NA	NA	NA	NA	NA	NA	-3.58406502321732	-6.65015421367509	-6.12659225761808	NA	NA	NA	NA	NA	NA	NA	NA	NA	NA	-7.1907225950378	NA	NA	NA	NA	NA	-5.65015421367509	NA	NA	NA	NA	NA	NA	-6.48022921223278	NA	-6.74326361806658	NA	NA	NA	-9.06519171295394	NA	NA	NA	NA	NA	NA	NA	NA	NA	NA	-2.73726487744513	NA	NA	-5.32822611878773	NA	NA	NA	NA	NA	NA	NA	NA	NA	NA	NA	-6.40222670023151	-7.65015421367509	NA	NA	NA	NA	NA	NA	-8.65015421367509	-5.52087119673013	NA	NA	NA	NA	-6.12659225761808	NA	NA	NA	-1.78287547396543	NA	-6.949714495534	NA	NA	NA	NA	NA	NA	NA	NA	NA	-3.89526671151163	NA	-8.06519171295394	NA	-6.65015421367509	NA	-7.65015421367509	NA	NA	NA	NA	NA	NA	NA	NA	NA	NA	NA	NA	NA	NA	NA	NA	NA	NA	-5.52087119673013	NA	NA	NA	NA	NA	NA	NA	NA	NA	NA	NA	NA	NA	NA	NA	NA	NA	NA	NA	NA	NA	NA	NA	NA	NA	NA	NA	NA	NA	NA	NA	NA	-8.32822611878773	NA	NA	NA	NA	NA	NA	NA	NA	NA	NA	NA	NA	NA	NA	NA	NA	NA	NA	NA	NA	NA	NA	NA	NA	-7.65015421367509
KK2673	NA	-0.457647839325672	NA	NA	NA	NA	NA	NA	NA	NA	NA	NA	-7.8811139606751	NA	NA	NA	NA	NA	NA	-4.23725777090037	-7.29615145995394	-8.46607646139625	NA	NA	NA	NA	NA	NA	NA	NA	NA	NA	-8.8811139606751	NA	NA	NA	NA	NA	-6.94251450533924	NA	-4.03981170669416	NA	NA	NA	NA	-8.00664484275896	NA	-8.65872153933865	NA	NA	NA	NA	NA	NA	NA	NA	NA	NA	NA	NA	NA	NA	-5.16229571321915	NA	NA	NA	NA	NA	-9.8811139606751	NA	NA	NA	NA	NA	NA	NA	NA	NA	NA	NA	-7.76563674325516	NA	NA	NA	NA	NA	-4.11734830716517	NA	NA	NA	NA	NA	NA	NA	NA	-7.14414836650889	NA	NA	NA	NA	NA	NA	NA	NA	NA	NA	NA	-6.33679344445129	NA	NA	NA	-8.00664484275896	NA	NA	NA	NA	NA	NA	NA	-8.8811139606751	NA	NA	NA	NA	NA	NA	NA	NA	NA	NA	NA	-7.8811139606751	NA	NA	NA	NA	NA	NA	NA	NA	NA	NA	NA	NA	NA	NA	NA	NA	NA	NA	NA	NA	NA	NA	NA	NA	NA	NA	NA	NA	NA	NA	NA	NA	NA	-9.14414836650889	NA	NA	NA	NA	NA	NA	NA	NA	NA	NA	NA	NA	NA	NA	NA	NA	NA	NA	NA	NA	NA	NA	NA	NA	-7.55918586578773
KK2674	NA	-0.328343283733101	NA	-8.43097517258807	NA	NA	NA	NA	NA	NA	NA	NA	NA	NA	NA	NA	NA	NA	NA	-6.62362025053047	-9.43097517258807	-6.52408457697955	NA	NA	NA	NA	NA	NA	NA	NA	NA	NA	-9.43097517258807	NA	NA	-5.6760876704246	NA	NA	-7.52408457697955	NA	-7.10904707770071	-9.10904707770071	NA	NA	NA	NA	NA	NA	NA	NA	NA	NA	NA	NA	NA	NA	NA	NA	NA	NA	NA	NA	-8.26105017114576	NA	NA	-9.84601267186691	NA	-7.18304765914448	-9.84601267186691	NA	NA	NA	NA	NA	NA	NA	NA	-8.26105017114576	-9.10904707770071	NA	NA	NA	NA	NA	NA	NA	-5.78711898281334	NA	NA	NA	NA	NA	NA	NA	NA	-4.15485076731383	NA	-8.10904707770071	NA	NA	NA	NA	NA	NA	NA	NA	NA	-5.34351233133773	NA	NA	NA	NA	NA	NA	NA	NA	NA	NA	NA	NA	NA	NA	NA	NA	NA	NA	NA	NA	NA	NA	NA	NA	-6.18304765914448	NA	NA	NA	NA	NA	NA	NA	NA	NA	NA	NA	NA	NA	NA	NA	NA	NA	NA	NA	NA	NA	NA	NA	NA	NA	NA	NA	NA	NA	NA	NA	NA	-7.73053545444698	NA	NA	NA	NA	NA	NA	NA	NA	-8.43097517258807	NA	-9.43097517258807	NA	NA	NA	NA	NA	NA	NA	NA	NA	NA	NA	NA	NA	NA
KK2675	NA	-0.574126944935827	NA	NA	NA	NA	NA	NA	NA	NA	NA	NA	NA	NA	NA	NA	NA	NA	NA	-7.09873395358536	-7.00562454919388	-5.02834462569396	NA	NA	NA	NA	NA	NA	NA	NA	NA	NA	-8.42066204847272	NA	NA	-6.14764355406631	NA	NA	-6.00562454919388	NA	NA	NA	NA	NA	NA	-6.14764355406631	NA	-8.00562454919388	NA	NA	NA	NA	NA	NA	NA	NA	NA	NA	NA	NA	NA	NA	-4.00562454919388	NA	NA	-7.68369645430652	NA	NA	NA	NA	NA	NA	NA	NA	NA	NA	NA	-6.91816170794354	-8.19826962713627	NA	NA	NA	NA	NA	NA	-9.00562454919388	-5.91816170794354	NA	NA	NA	NA	NA	NA	NA	NA	-6.91816170794354	NA	-7.83569954775157	NA	NA	NA	NA	NA	NA	NA	NA	NA	-4.81579999031386	NA	NA	NA	NA	NA	NA	NA	NA	NA	NA	NA	NA	NA	NA	NA	NA	NA	NA	NA	NA	NA	NA	NA	NA	-4.02834462569396	NA	NA	NA	NA	NA	NA	NA	NA	NA	NA	NA	NA	NA	NA	-6.14764355406631	NA	NA	NA	NA	NA	NA	NA	NA	NA	NA	NA	NA	NA	NA	NA	NA	NA	-8.42066204847272	NA	NA	NA	NA	NA	NA	NA	NA	-7.68369645430652	NA	NA	NA	NA	NA	NA	NA	NA	NA	NA	NA	NA	NA	-8.68369645430652	NA	NA
KK2676	NA	-0.172630861688911	NA	NA	NA	NA	NA	NA	NA	NA	NA	NA	NA	NA	NA	NA	NA	NA	NA	-7.67872588059436	-9.31615580120966	-5.93149195097433	NA	NA	NA	NA	NA	NA	NA	NA	NA	NA	NA	NA	NA	-10.9011183019308	NA	NA	-7.84222461287724	NA	-6.21929426195707	-10.486080802652	NA	NA	NA	NA	NA	NA	NA	NA	NA	NA	NA	NA	NA	NA	NA	NA	NA	NA	NA	NA	-8.90111830193081	NA	NA	-9.67872588059437	NA	-6.60343775329013	NA	NA	NA	NA	NA	NA	NA	NA	NA	-9.31615580120966	NA	NA	NA	NA	NA	NA	NA	NA	-4.99422770632229	NA	NA	NA	NA	NA	NA	NA	NA	-6.84222461287724	NA	NA	NA	-11.486080802652	NA	NA	NA	NA	NA	NA	NA	-6.53188449226509	NA	-10.486080802652	NA	-9.90111830193081	NA	NA	NA	NA	NA	NA	NA	NA	NA	NA	NA	NA	NA	NA	NA	NA	NA	NA	NA	NA	-8.90111830193081	NA	NA	NA	NA	NA	NA	NA	NA	NA	NA	NA	NA	NA	NA	NA	NA	NA	NA	NA	NA	NA	NA	NA	NA	NA	NA	NA	NA	NA	NA	NA	NA	NA	NA	NA	NA	NA	NA	NA	NA	NA	NA	NA	NA	NA	NA	-10.486080802652	NA	NA	NA	NA	NA	NA	NA	NA	NA	NA	NA
KK2677	NA	-0.758684070251548	NA	-4.18708879326822	NA	NA	NA	NA	NA	NA	NA	NA	-8.09782145517113	-8.21811568888885	NA	NA	NA	NA	NA	-8.57175264350355	-8.21811568888885	-9.74167764494586	NA	NA	NA	NA	NA	-9.74167764494586	NA	NA	NA	NA	NA	NA	NA	-1.77157175433368	NA	NA	-7.6972835255874	NA	-7.78748133455898	NA	NA	NA	NA	NA	NA	NA	NA	NA	NA	-11.1567151442247	NA	NA	NA	NA	NA	NA	NA	NA	NA	NA	-10.7416776449459	NA	NA	-10.7416776449459	NA	-10.7416776449459	NA	NA	NA	NA	NA	NA	NA	NA	NA	NA	NA	NA	-10.1567151442247	NA	NA	NA	NA	-10.4197495500585	-8.83478704933734	NA	NA	NA	NA	NA	NA	NA	NA	NA	NA	-8.93432272288825	NA	NA	NA	NA	NA	NA	NA	NA	NA	-7.98679014278239	NA	NA	NA	NA	NA	NA	NA	NA	NA	NA	NA	-9.28224602630856	NA	NA	NA	NA	NA	NA	NA	NA	NA	NA	NA	NA	NA	NA	NA	NA	NA	NA	NA	NA	NA	NA	NA	NA	NA	NA	NA	NA	NA	NA	NA	NA	NA	NA	NA	NA	NA	NA	NA	NA	NA	NA	-11.7416776449459	NA	NA	NA	NA	NA	NA	NA	-10.7416776449459	NA	NA	NA	-8.3493602221671	NA	NA	NA	NA	NA	NA	NA	NA	NA	NA	NA	-8.28224602630856	-9.28224602630856	NA	NA	NA
KK2678	NA	-0.155584195464262	NA	NA	NA	NA	NA	NA	NA	NA	NA	NA	NA	NA	NA	NA	NA	NA	NA	-8.01944441782169	-8.68240943054412	-6.94544383637791	NA	NA	NA	NA	NA	NA	NA	NA	NA	NA	NA	NA	NA	-6.7755188349356	NA	NA	-8.46001700920767	NA	NA	NA	NA	NA	NA	NA	NA	NA	NA	NA	NA	NA	NA	NA	NA	NA	NA	NA	NA	NA	NA	NA	-10.2673719312653	NA	NA	NA	NA	-5.03855324076939	NA	NA	NA	NA	NA	NA	NA	NA	NA	NA	NA	NA	-8.56693221312418	NA	NA	NA	NA	NA	-4.95448897598092	NA	NA	NA	NA	NA	NA	NA	NA	NA	NA	-8.56693221312418	NA	NA	NA	NA	NA	NA	NA	NA	NA	NA	NA	NA	NA	NA	NA	NA	NA	NA	NA	NA	NA	-8.80794031262798	NA	NA	NA	NA	NA	NA	NA	NA	NA	NA	NA	NA	NA	NA	NA	NA	NA	NA	NA	NA	NA	NA	NA	NA	NA	NA	NA	NA	NA	-9.26737193126527	NA	-9.46001700920767	NA	NA	NA	NA	NA	NA	NA	NA	NA	NA	NA	NA	NA	-9.09744692982296	NA	NA	NA	NA	NA	NA	NA	NA	NA	NA	NA	NA	NA	NA	NA	NA	NA	NA	NA	NA	NA	NA	NA	NA	NA
KK2679	NA	-0.0294645796434991	NA	NA	NA	NA	NA	NA	NA	NA	NA	NA	-10.8257538328831	-8.7188386289666	NA	NA	NA	NA	-10.0026315949672	NA	-11.0667619323869	-12.5261935510242	NA	NA	NA	NA	NA	NA	NA	NA	NA	NA	NA	NA	NA	NA	NA	NA	-10.941231050303	NA	NA	NA	NA	NA	NA	-11.0667619323869	NA	NA	NA	NA	-6.55464999707343	NA	NA	NA	NA	NA	NA	NA	NA	NA	NA	NA	NA	NA	NA	-11.0667619323869	NA	-8.16864154640612	NA	NA	NA	NA	NA	NA	NA	NA	NA	NA	NA	NA	NA	NA	NA	NA	NA	NA	NA	NA	NA	NA	NA	NA	NA	NA	NA	NA	NA	NA	NA	NA	NA	NA	NA	NA	NA	NA	NA	NA	NA	NA	NA	NA	NA	NA	NA	NA	NA	NA	NA	NA	NA	NA	NA	NA	NA	NA	NA	NA	NA	NA	NA	NA	NA	NA	NA	NA	NA	NA	NA	NA	NA	NA	NA	NA	NA	NA	NA	NA	NA	NA	NA	NA	NA	-12.941231050303	NA	NA	NA	NA	NA	NA	NA	NA	NA	NA	NA	NA	NA	NA	NA	NA	NA	NA	NA	NA	NA	NA	NA	NA	NA	NA	NA	NA	NA	NA	NA	NA	NA	NA	NA	NA	NA
KK2680	NA	-0.441023151989546	NA	NA	NA	NA	NA	NA	NA	NA	NA	NA	-7.66770293172909	-8.96315881525526	NA	NA	NA	NA	NA	-8.42259043389256	-7.29330741694759	NA	NA	NA	NA	NA	NA	NA	NA	NA	NA	NA	NA	NA	NA	-2.46984918670607	NA	NA	-7.37819631453411	NA	-6.31406597711439	NA	NA	NA	NA	NA	NA	NA	NA	NA	NA	-11.4225904338926	NA	NA	NA	NA	NA	-8.33512759264222	NA	NA	NA	NA	NA	NA	NA	NA	NA	-6.23276587501254	NA	NA	NA	NA	NA	NA	NA	NA	NA	NA	NA	NA	-8.0302730111138	NA	NA	NA	NA	-10.4225904338926	-5.80788058977735	NA	NA	NA	NA	NA	NA	NA	NA	NA	NA	NA	NA	NA	NA	NA	NA	NA	NA	NA	NA	-8.96315881525526	NA	NA	NA	NA	NA	NA	NA	NA	NA	NA	NA	-9.61523551183496	NA	NA	NA	NA	NA	NA	NA	NA	NA	NA	NA	NA	NA	NA	NA	NA	NA	NA	NA	NA	NA	NA	NA	NA	NA	NA	NA	NA	NA	NA	NA	NA	NA	NA	NA	NA	NA	NA	NA	NA	NA	NA	NA	NA	NA	NA	NA	NA	NA	NA	NA	NA	NA	NA	-8.51569983828404	NA	NA	NA	NA	NA	NA	NA	NA	NA	NA	NA	NA	-9.1006623390052	NA	NA	NA
KK2681	-6.76060115335786	-3.63721873785258	NA	NA	NA	NA	NA	NA	NA	NA	NA	NA	-5.32002856197188	-6.98299357469431	NA	NA	NA	NA	NA	-3.32002856197188	-7.2460279805281	-1.84685688670828	NA	NA	NA	NA	NA	NA	NA	NA	NA	NA	NA	NA	NA	-3.68531302605362	NA	NA	-4.52356195605701	NA	NA	NA	NA	NA	NA	-6.39803107397315	NA	NA	NA	NA	NA	-6.76060115335786	NA	NA	NA	NA	NA	NA	NA	NA	NA	NA	-5.76060115335786	NA	NA	-4.2460279805281	NA	NA	-8.56795607541547	NA	NA	NA	NA	NA	NA	NA	NA	NA	NA	NA	NA	NA	NA	NA	NA	NA	-3.68531302605362	NA	NA	NA	NA	NA	NA	NA	NA	NA	NA	-5.56795607541547	NA	NA	NA	NA	-5.17563865263671	NA	NA	NA	NA	-5.48049323416513	NA	NA	NA	NA	NA	NA	NA	NA	NA	NA	NA	-7.98299357469431	NA	NA	NA	NA	NA	NA	NA	NA	NA	NA	NA	NA	NA	NA	NA	NA	NA	-7.56795607541547	NA	NA	NA	NA	NA	NA	NA	NA	NA	NA	NA	-4.66106547980695	NA	-4.70997508028789	NA	NA	NA	NA	NA	NA	NA	NA	NA	NA	NA	NA	NA	-5.86751635727437	NA	NA	NA	NA	NA	NA	NA	NA	NA	NA	NA	NA	NA	NA	NA	-6.39803107397315	NA	NA	NA	NA	NA	NA	-6.39803107397315	NA	NA
KK2682	NA	-0.229736084467613	NA	-8.85345133664706	NA	NA	NA	NA	NA	NA	NA	NA	-6.50552803322675	-8.85345133664706	NA	NA	NA	NA	NA	NA	-8.31288295528435	-9.99095486039699	NA	NA	NA	NA	NA	NA	NA	NA	NA	NA	NA	NA	NA	-4.00454392514495	NA	NA	-7.02748073642211	NA	-6.64045761331286	NA	NA	NA	NA	NA	NA	NA	NA	NA	NA	-9.99095486039699	NA	NA	NA	NA	NA	NA	NA	NA	NA	NA	NA	NA	NA	-10.7279204545632	NA	-8.50552803322675	NA	NA	NA	NA	NA	NA	NA	NA	NA	-9.50552803322675	NA	NA	NA	NA	NA	NA	NA	NA	-6.12305839640434	NA	NA	NA	NA	NA	NA	NA	NA	NA	NA	-8.06495544184077	NA	NA	NA	NA	NA	NA	NA	NA	NA	-6.9205655325056	NA	NA	NA	NA	NA	NA	NA	NA	NA	NA	NA	NA	NA	NA	NA	NA	NA	NA	NA	NA	NA	NA	NA	NA	NA	NA	NA	NA	NA	NA	NA	NA	NA	NA	NA	NA	NA	NA	NA	NA	NA	-7.78932099922734	NA	-8.99095486039699	NA	NA	NA	NA	NA	NA	NA	NA	NA	NA	NA	NA	-9.7279204545632	NA	NA	NA	NA	NA	NA	NA	NA	NA	-8.14295795384204	NA	NA	NA	NA	NA	NA	NA	NA	NA	NA	NA	-8.61244323714326	-8.99095486039699	NA	NA	NA
KK2683	NA	-5.79019437089942	NA	NA	NA	NA	NA	NA	NA	NA	NA	NA	-6.95525361716992	NA	NA	NA	NA	NA	-0.192091559669452	-5.86009638412958	-9.09275714091985	-7.64209573191029	NA	NA	NA	NA	NA	NA	NA	NA	NA	NA	-8.47608578047136	NA	NA	-8.99964773652837	NA	NA	-7.91218489527803	NA	-9.82972273508606	NA	NA	NA	-9.67771964164101	NA	-8.60733031374961	-8.47608578047136	NA	NA	NA	-8.09275714091985	NA	NA	NA	NA	NA	NA	NA	NA	NA	NA	NA	NA	NA	-5.54021611789107	NA	-9.82972273508606	NA	NA	NA	NA	NA	NA	NA	NA	NA	NA	NA	NA	NA	NA	NA	NA	NA	-10.677719641641	-7.44505888485073	NA	NA	NA	NA	NA	NA	NA	NA	NA	NA	-9.54021611789107	NA	NA	NA	NA	NA	NA	NA	NA	NA	-9.19229281447077	NA	NA	NA	NA	NA	NA	NA	NA	NA	NA	NA	NA	NA	NA	NA	NA	NA	NA	NA	NA	NA	NA	NA	NA	NA	NA	NA	NA	NA	NA	NA	NA	NA	NA	NA	NA	-9.41468523580721	NA	NA	-6.06891039896548	NA	NA	NA	-8.99964773652837	NA	NA	NA	NA	NA	-10.677719641641	NA	NA	NA	NA	-10.677719641641	-10.677719641641	NA	NA	NA	NA	NA	NA	NA	NA	NA	NA	NA	NA	NA	NA	NA	NA	NA	-9.29920801838728	NA	NA	NA	NA	NA	NA	NA	NA	NA
KK2684	NA	-1.39720150649469	NA	NA	NA	NA	NA	NA	NA	NA	NA	NA	-6.55129627883528	-6.77368870017173	NA	NA	NA	NA	-1.50222567226736	-4.25012674411472	-8.35865120089289	-5.68622585892139	NA	NA	NA	NA	NA	NA	NA	NA	NA	NA	-8.03672310600552	NA	NA	-7.35865120089289	NA	NA	-6.45176060528437	NA	-9.77368870017173	NA	NA	NA	NA	NA	-5.57729148736823	-8.35865120089289	NA	NA	NA	-7.03672310600552	NA	NA	NA	NA	NA	NA	NA	NA	NA	NA	-9.77368870017173	NA	NA	-4.46383343758494	NA	-7.65821148275179	NA	NA	NA	NA	NA	NA	NA	NA	NA	NA	NA	NA	-8.03672310600552	NA	NA	NA	NA	NA	-5.83508924483587	NA	NA	NA	NA	NA	NA	NA	NA	NA	NA	-6.55129627883528	NA	NA	NA	NA	NA	NA	NA	NA	NA	-8.35865120089289	NA	NA	NA	NA	NA	NA	NA	NA	NA	NA	NA	NA	NA	NA	NA	NA	NA	NA	NA	NA	NA	NA	NA	NA	NA	NA	NA	NA	NA	NA	NA	NA	NA	NA	-9.03672310600552	NA	-9.03672310600552	NA	NA	NA	NA	-6.07324898203064	NA	-7.55129627883528	NA	NA	NA	NA	NA	NA	NA	NA	NA	NA	-8.55129627883528	NA	NA	NA	NA	NA	NA	NA	NA	NA	NA	NA	NA	NA	NA	NA	NA	NA	NA	-8.77368870017173	NA	NA	NA	NA	NA	NA	NA	NA	NA
KK2685	NA	-0.860864187124938	NA	NA	NA	NA	NA	NA	NA	NA	NA	NA	-5.72168513403747	-6.26600565026128	NA	NA	NA	NA	-3.48464593673662	-2.86797457628813	-7.52904005609508	-8.52904005609508	NA	NA	NA	NA	NA	NA	NA	NA	NA	NA	-7.26600565026128	NA	NA	-8.04361322892483	NA	NA	-6.7635053097321	NA	-6.39153653234514	NA	NA	NA	NA	NA	-6.60304063753885	NA	NA	-9.26600565026128	NA	-6.39153653234514	NA	NA	NA	NA	NA	-8.04361322892483	NA	NA	NA	NA	NA	NA	NA	-4.82860033795398	NA	-6.39153653234514	NA	NA	NA	NA	NA	NA	NA	NA	NA	NA	NA	NA	-6.7635053097321	NA	NA	NA	NA	NA	-4.51111814809781	NA	NA	NA	NA	NA	NA	NA	NA	NA	NA	NA	NA	NA	NA	NA	NA	NA	NA	NA	NA	NA	NA	NA	NA	NA	NA	NA	NA	NA	NA	NA	NA	NA	NA	NA	NA	NA	NA	NA	NA	NA	NA	NA	NA	NA	NA	NA	NA	NA	NA	NA	NA	NA	NA	NA	NA	NA	-7.68104314954013	NA	NA	NA	NA	NA	NA	-8.85096815098244	NA	NA	NA	NA	NA	NA	NA	NA	NA	NA	-7.68104314954013	-7.85096815098244	NA	NA	NA	NA	NA	NA	NA	-8.52904005609508	NA	NA	NA	NA	NA	NA	NA	NA	NA	-7.68104314954013	NA	NA	NA	NA	NA	NA	NA	NA	NA
KK2686	-9.07146236255663	-0.219145666188963	NA	NA	NA	NA	NA	NA	NA	NA	NA	NA	-7.57669767080705	NA	NA	NA	NA	-9.72353905913632	NA	-5.91618413707871	NA	-9.53089398119392	NA	NA	NA	NA	NA	NA	NA	NA	NA	NA	NA	NA	NA	-8.6240033855854	NA	NA	-7.72353905913632	NA	-10.2089658863066	NA	NA	NA	NA	NA	-8.83045426305283	-8.83045426305283	NA	NA	NA	-11.5308939811939	NA	NA	NA	NA	NA	NA	NA	NA	NA	NA	NA	NA	NA	-7.53089398119392	NA	NA	NA	NA	NA	NA	NA	NA	NA	NA	NA	NA	NA	NA	NA	NA	NA	NA	NA	-10.5308939811939	-8.44343113994358	NA	NA	NA	NA	-10.2089658863066	NA	NA	NA	NA	NA	-9.20896588630656	NA	NA	NA	-3.8443934540107	-9.20896588630656	NA	-9.94593148047277	NA	NA	NA	NA	NA	NA	NA	NA	NA	NA	NA	NA	NA	NA	NA	NA	NA	NA	NA	NA	NA	NA	NA	NA	NA	NA	NA	NA	NA	NA	NA	NA	NA	NA	NA	NA	NA	NA	NA	-8.20896588630656	NA	NA	NA	NA	-7.44343113994358	NA	NA	NA	NA	NA	NA	NA	NA	NA	NA	NA	-11.5308939811939	-9.53089398119392	NA	NA	-8.94593148047277	-9.53089398119392	NA	NA	NA	NA	NA	NA	NA	NA	NA	NA	NA	NA	NA	NA	NA	NA	NA	NA	NA	NA	NA	NA	NA	NA
KK2687	NA	-2.25799257146307	NA	NA	NA	NA	NA	NA	NA	NA	NA	NA	-7.66106547980695	-10.2053859960308	NA	NA	NA	NA	-0.520053170279874	-6.72425930629414	-9.46842040186455	-10.4684204018646	NA	NA	NA	NA	NA	NA	NA	NA	-10.2053859960308	NA	-10.4684204018646	NA	NA	-8.08990877861082	NA	NA	-8.03546099458845	NA	-7.70288565550158	NA	NA	NA	NA	NA	-9.6204234953096	-9.33091687811462	NA	NA	NA	-8.08990877861082	NA	NA	NA	NA	NA	NA	NA	NA	NA	NA	NA	NA	NA	-5.33091687811462	NA	-9.6204234953096	-10.7903484967519	NA	NA	NA	NA	NA	NA	NA	NA	NA	NA	NA	-7.6204234953096	NA	NA	NA	NA	NA	-7.33091687811462	NA	NA	NA	NA	NA	NA	NA	NA	NA	NA	-8.6204234953096	NA	NA	NA	NA	NA	NA	NA	NA	NA	-9.98299357469431	NA	NA	NA	NA	NA	NA	NA	NA	NA	NA	NA	NA	NA	NA	NA	NA	NA	NA	NA	NA	NA	NA	NA	NA	NA	NA	NA	NA	NA	NA	NA	NA	NA	NA	-9.79034849675191	NA	NA	NA	NA	-6.813068573252	NA	-8.79034849675191	NA	NA	NA	NA	NA	NA	NA	NA	NA	NA	NA	NA	-8.8834579011434	NA	NA	NA	NA	NA	NA	NA	NA	NA	NA	NA	NA	NA	NA	NA	NA	NA	NA	NA	NA	NA	NA	NA	NA	NA	NA	NA	NA
KK2688	NA	-0.208575470588497	NA	NA	NA	NA	NA	NA	NA	NA	NA	NA	-7.78890652257801	-7.4893462407191	NA	NA	NA	NA	NA	-5.40188339946876	NA	NA	NA	NA	NA	NA	NA	NA	NA	NA	NA	NA	NA	NA	NA	-6.36006322377413	NA	NA	-7.78890652257801	NA	-6.73445873855563	NA	NA	NA	NA	NA	NA	-8.6819913186615	NA	NA	NA	-9.4893462407191	NA	NA	NA	NA	NA	NA	NA	NA	NA	NA	-9.90438373999794	NA	NA	-6.4893462407191	NA	NA	NA	NA	NA	NA	NA	NA	NA	NA	NA	NA	NA	NA	-7.90438373999794	NA	NA	NA	NA	NA	-5.27989287509015	NA	NA	NA	NA	NA	NA	NA	NA	NA	NA	-9.4893462407191	NA	NA	NA	NA	NA	NA	NA	NA	NA	NA	NA	NA	NA	NA	NA	NA	NA	NA	NA	NA	NA	NA	NA	NA	NA	NA	NA	NA	NA	NA	NA	NA	NA	NA	NA	NA	NA	NA	NA	NA	NA	NA	NA	NA	NA	NA	NA	NA	NA	NA	NA	-6.4893462407191	NA	NA	NA	NA	NA	NA	NA	NA	NA	NA	NA	NA	NA	-8.16741814583174	NA	-6.40188339946876	NA	NA	NA	NA	NA	NA	NA	NA	-9.90438373999794	NA	NA	NA	NA	NA	NA	NA	NA	NA	NA	NA	NA	NA	NA	NA	NA
KK2689	-8.62935662007961	-0.371968777386958	NA	NA	NA	NA	NA	NA	NA	NA	NA	NA	-9.04439411935845	NA	NA	NA	NA	NA	NA	-7.96639160735718	-9.40696419874316	-3.93819471552653	NA	NA	NA	NA	NA	-9.62935662007961	NA	NA	NA	NA	-11.2143191208008	NA	NA	NA	NA	NA	-8.04439411935845	NA	NA	NA	NA	NA	NA	NA	NA	NA	NA	NA	NA	-12.2143191208008	NA	NA	NA	NA	NA	NA	NA	NA	NA	NA	-7.57046293102604	NA	NA	-5.98550043030489	NA	NA	NA	NA	NA	NA	NA	NA	NA	NA	NA	NA	NA	NA	-8.51387940265967	NA	NA	NA	NA	NA	-6.33167607143892	NA	NA	NA	NA	NA	NA	NA	NA	NA	NA	NA	NA	NA	NA	-3.85676711618268	-8.62935662007961	NA	-7.00486575517182	NA	NA	-9.62935662007961	NA	NA	NA	-9.40696419874316	-8.51387940265967	NA	NA	NA	NA	NA	NA	NA	NA	NA	NA	NA	NA	NA	NA	NA	NA	NA	NA	NA	NA	NA	NA	NA	NA	NA	NA	NA	NA	NA	NA	NA	NA	NA	NA	NA	NA	NA	NA	NA	NA	NA	NA	NA	NA	NA	NA	NA	NA	NA	NA	NA	NA	NA	NA	NA	NA	NA	NA	NA	NA	NA	NA	NA	NA	NA	NA	-9.8923910259134	NA	NA	NA	NA	NA	NA	NA	NA	NA	NA	NA
KK2690	NA	-8.59079494602331	NA	-11.7607199474656	NA	NA	NA	NA	NA	NA	-11.3456824481868	NA	-8.34568244818678	-0.150925593764532	NA	NA	NA	NA	NA	-7.07889590749188	-9.88625082954948	-5.46303939882494	NA	NA	NA	NA	NA	NA	NA	NA	NA	NA	-5.55126658183667	NA	NA	NA	NA	NA	-8.53832752612917	NA	NA	NA	NA	NA	NA	NA	NA	-9.17575744674447	NA	NA	NA	-8.82212049212977	NA	-11.3456824481868	NA	NA	NA	-9.64524273004569	NA	NA	NA	NA	-10.7607199474656	NA	NA	-6.42681921091218	NA	NA	NA	NA	NA	NA	NA	NA	-8.88625082954948	NA	NA	NA	NA	NA	NA	NA	NA	NA	NA	-9.25821960693644	-9.76071994746562	NA	NA	NA	NA	-11.0237543532994	NA	NA	NA	NA	NA	-9.34568244818678	-11.0237543532994	-11.0237543532994	NA	NA	NA	NA	NA	NA	NA	-9.43879185257826	NA	NA	NA	-8.59079494602331	NA	NA	NA	NA	NA	NA	NA	NA	NA	NA	NA	NA	NA	NA	NA	NA	NA	NA	NA	NA	NA	NA	NA	NA	NA	NA	NA	NA	NA	NA	-9.34568244818678	NA	-11.7607199474656	NA	NA	NA	NA	-10.3456824481868	NA	-9.88625082954948	NA	NA	NA	NA	NA	NA	NA	NA	NA	NA	-9.76071994746562	NA	NA	NA	NA	NA	NA	NA	NA	-11.0237543532994	NA	-11.0237543532994	NA	NA	NA	NA	NA	NA	NA	NA	NA	NA	NA	NA	NA	NA	NA	NA	NA
KK2691	NA	-0.3536369546147	NA	NA	NA	NA	NA	NA	NA	NA	NA	NA	NA	NA	NA	NA	NA	NA	NA	-7.30962209975139	-9.01006181789248	-2.62779805977764	NA	NA	NA	NA	NA	NA	NA	NA	NA	NA	NA	NA	NA	-11.0100618178925	NA	NA	-8.13559269997634	NA	NA	NA	NA	NA	NA	NA	NA	NA	NA	NA	-7.38557095298469	-11.5950243186136	NA	NA	NA	NA	NA	NA	NA	NA	NA	NA	-6.98031447449843	NA	NA	-7.78766939655603	NA	-8.59502431861364	NA	NA	NA	NA	NA	NA	NA	NA	NA	NA	NA	NA	NA	NA	NA	NA	NA	-7.84013681645017	-7.27309622372627	NA	NA	NA	NA	NA	NA	NA	NA	NA	NA	NA	NA	NA	NA	-6.68813372300512	NA	NA	NA	NA	NA	-10.2730962237263	NA	NA	NA	NA	NA	NA	NA	NA	NA	NA	NA	NA	NA	NA	NA	NA	NA	NA	NA	NA	NA	NA	NA	NA	NA	NA	NA	NA	NA	NA	NA	NA	NA	NA	NA	NA	NA	NA	NA	NA	NA	NA	NA	NA	NA	NA	NA	NA	NA	NA	NA	NA	NA	NA	NA	NA	NA	NA	NA	NA	NA	NA	NA	NA	NA	NA	NA	NA	NA	NA	NA	NA	NA	NA	NA	NA	NA	NA	NA	NA	NA	NA	NA
KK2692	NA	-0.0913645813453406	NA	NA	NA	NA	NA	NA	NA	NA	NA	NA	-9.042441100188	NA	NA	NA	NA	NA	NA	-7.6798710208033	NA	-7.12187556768241	NA	NA	NA	NA	NA	NA	NA	NA	NA	NA	NA	NA	NA	NA	NA	NA	-8.76233318099527	NA	NA	NA	NA	NA	NA	NA	NA	NA	NA	NA	NA	NA	NA	NA	NA	NA	NA	NA	NA	NA	NA	NA	-9.14935630410452	NA	NA	-8.94290542663709	NA	-8.94290542663709	NA	NA	NA	NA	NA	NA	NA	NA	NA	-10.8497960222456	NA	NA	-9.6798710208033	NA	NA	NA	NA	-10.8497960222456	-5.29520717056797	NA	NA	NA	NA	NA	NA	NA	NA	NA	NA	-9.26483352152445	NA	NA	NA	-7.14935630410452	NA	NA	NA	NA	NA	-10.8497960222456	NA	NA	NA	NA	NA	NA	NA	NA	NA	NA	NA	NA	NA	NA	NA	NA	NA	NA	NA	NA	NA	NA	NA	NA	NA	NA	NA	NA	NA	NA	NA	NA	NA	NA	NA	NA	NA	NA	NA	NA	NA	NA	NA	NA	NA	NA	NA	NA	NA	NA	NA	-10.2648335215245	NA	NA	NA	-9.84979602224561	NA	NA	NA	NA	NA	NA	NA	NA	NA	NA	NA	NA	NA	NA	NA	NA	NA	NA	NA	NA	NA	NA	NA	NA	NA	NA	NA
KK2693	NA	-0.319082541615962	NA	NA	NA	NA	NA	NA	NA	NA	NA	NA	NA	NA	NA	NA	NA	NA	NA	-7.28397874066005	NA	-4.00713853530122	NA	NA	NA	NA	NA	NA	NA	NA	NA	NA	-8.17706353674353	NA	NA	NA	NA	NA	NA	NA	-7.52498684016384	NA	NA	NA	NA	-8.66249036391378	NA	-8.66249036391378	NA	NA	NA	-8.66249036391378	NA	NA	NA	NA	NA	NA	NA	NA	NA	NA	-6.73649094535755	NA	NA	-7.66249036391378	NA	-5.31199311682964	NA	NA	NA	NA	NA	NA	NA	NA	NA	NA	NA	NA	NA	NA	NA	NA	NA	NA	-4.07752786319262	NA	NA	NA	NA	NA	NA	NA	NA	NA	NA	-7.81449345735883	NA	NA	NA	-9.39945595807998	NA	NA	NA	NA	NA	-8.66249036391378	NA	NA	NA	-8.17706353674353	NA	NA	NA	NA	NA	NA	NA	NA	NA	NA	NA	NA	NA	NA	NA	NA	NA	NA	NA	NA	NA	NA	NA	NA	NA	NA	NA	NA	NA	NA	-9.39945595807998	NA	NA	NA	NA	NA	NA	NA	NA	NA	NA	NA	NA	NA	NA	NA	NA	NA	NA	NA	NA	-9.39945595807998	NA	NA	NA	NA	NA	NA	NA	NA	NA	NA	NA	NA	NA	NA	NA	NA	NA	NA	NA	NA	NA	NA	NA	NA	NA	NA	NA
KK2694	NA	-3.12744401728119	NA	NA	NA	NA	NA	NA	NA	NA	NA	NA	NA	-2.54554781960781	NA	NA	NA	NA	NA	-1.18366002684773	-8.42206476617281	-2.55170004658941	NA	NA	NA	NA	NA	NA	NA	NA	NA	NA	-6.33460192492247	NA	NA	NA	NA	NA	NA	NA	NA	NA	NA	NA	NA	NA	NA	NA	NA	-7.10013667128545	NA	-8.42206476617281	NA	NA	NA	NA	NA	NA	NA	NA	NA	NA	-5.83710226545166	NA	NA	-5.21261140054386	NA	NA	NA	NA	NA	NA	NA	NA	-7.42206476617281	NA	NA	NA	NA	NA	NA	NA	NA	NA	NA	-7.42206476617281	-7.10013667128545	NA	NA	NA	NA	NA	NA	NA	NA	NA	NA	-7.10013667128545	NA	-9.42206476617281	NA	NA	NA	NA	NA	NA	NA	NA	NA	NA	NA	-7.42206476617281	NA	NA	NA	NA	NA	NA	NA	NA	NA	NA	NA	NA	NA	NA	NA	NA	NA	NA	NA	NA	NA	NA	NA	NA	NA	NA	NA	NA	NA	NA	NA	NA	NA	NA	NA	NA	NA	NA	NA	NA	NA	NA	NA	NA	NA	NA	NA	NA	NA	NA	NA	NA	NA	NA	NA	NA	NA	NA	NA	NA	NA	NA	NA	NA	NA	NA	NA	NA	NA	NA	NA	NA	NA	NA	NA	NA	NA	NA	NA
KK2695	-8.9369055755938	-0.530603923379339	NA	-10.3963371942311	NA	NA	NA	NA	NA	NA	NA	NA	NA	-7.87277523817408	NA	NA	-2.47152469062532	NA	NA	-10.3963371942311	-8.07440909934374	-6.970072439529	NA	NA	NA	NA	NA	-10.0744090993437	NA	NA	NA	NA	NA	NA	NA	-8.58898227217349	NA	NA	NA	NA	-5.81137469350994	NA	NA	NA	NA	-8.22641219278879	NA	NA	NA	NA	-8.3963371942311	-9.58898227217349	NA	NA	NA	NA	NA	NA	NA	NA	NA	NA	-6.18688382860215	NA	NA	NA	NA	-9.81137469350994	NA	NA	NA	NA	-7.11093497536885	-10.0744090993437	NA	NA	NA	-9.58898227217349	NA	NA	-7.81137469350994	NA	NA	NA	NA	NA	-5.18688382860215	NA	NA	NA	NA	NA	NA	NA	NA	NA	NA	-8.07440909934374	NA	NA	NA	NA	NA	NA	NA	NA	NA	-8.00401977145234	NA	NA	NA	-8.48944659862258	NA	NA	NA	NA	NA	NA	NA	NA	NA	NA	NA	NA	NA	NA	NA	NA	NA	NA	NA	-7.07440909934374	NA	NA	NA	NA	NA	-8.58898227217349	NA	NA	NA	NA	-9.81137469350994	NA	NA	NA	NA	NA	NA	NA	NA	NA	NA	NA	NA	NA	NA	NA	NA	NA	NA	NA	NA	NA	NA	NA	NA	NA	NA	NA	NA	NA	NA	NA	NA	NA	NA	NA	NA	NA	NA	NA	NA	NA	NA	NA	NA	NA	NA	NA	NA
KK2696	NA	-0.333983755211185	NA	NA	-7.83125615777167	NA	NA	NA	NA	NA	NA	NA	NA	NA	NA	NA	-3.71667419017313	NA	NA	-5.91508774857514	-7.61552746671623	-5.49083171926692	NA	NA	NA	NA	NA	NA	NA	NA	NA	NA	NA	NA	NA	-8.87856187255002	NA	NA	-9.20048996743739	NA	-6.78545246815854	NA	NA	NA	NA	-7.42790046354046	NA	NA	NA	NA	-10.4635243732712	-10.4635243732712	NA	NA	NA	NA	NA	NA	NA	NA	NA	NA	-5.60554337814361	NA	NA	NA	NA	-8.97809754610094	NA	NA	NA	NA	NA	NA	NA	NA	NA	NA	NA	NA	NA	NA	NA	NA	NA	NA	-6.00409275463388	NA	NA	NA	NA	NA	NA	NA	NA	NA	NA	NA	NA	NA	NA	NA	-7.17074262404333	NA	NA	NA	NA	-7.92747147303097	NA	NA	NA	-8.61552746671623	NA	NA	NA	NA	NA	NA	NA	-8.6979896269082	NA	NA	NA	NA	NA	NA	NA	NA	NA	NA	NA	-8.46352437327118	NA	NA	NA	NA	NA	NA	NA	NA	NA	NA	NA	NA	NA	NA	NA	NA	NA	NA	NA	NA	NA	NA	NA	NA	NA	NA	NA	NA	NA	NA	NA	NA	NA	-10.4635243732712	NA	NA	NA	NA	NA	NA	NA	NA	NA	NA	NA	NA	NA	-10.2004899674374	NA	NA	NA	NA	NA	NA	NA	NA	NA	NA	NA
KK2697	NA	-0.258133903102693	NA	NA	-8.61799903157832	NA	NA	NA	NA	NA	NA	NA	NA	-8.47360912224314	NA	NA	-3.21667036750459	NA	NA	-9.69600154357959	-8.28096404430075	-9.0585716229643	NA	NA	NA	NA	NA	NA	NA	NA	NA	NA	NA	NA	NA	-9.0585716229643	NA	NA	NA	NA	NA	NA	NA	NA	NA	-7.95903594941339	NA	NA	NA	NA	NA	-9.54399845013454	NA	NA	NA	NA	NA	NA	NA	NA	NA	NA	-6.0715106786718	NA	NA	NA	NA	-10.0585716229643	NA	NA	NA	NA	NA	NA	NA	NA	NA	-10.0585716229643	NA	NA	NA	NA	NA	NA	NA	NA	-6.8659265450219	NA	NA	NA	NA	NA	NA	NA	NA	NA	NA	-8.22207035524718	NA	NA	NA	NA	-10.5439984501345	NA	NA	NA	NA	-7.54399845013454	NA	NA	NA	-9.54399845013454	NA	NA	NA	NA	NA	NA	NA	NA	NA	NA	NA	NA	NA	NA	NA	NA	NA	NA	NA	-9.54399845013454	NA	NA	NA	NA	NA	NA	NA	NA	NA	NA	NA	NA	NA	NA	NA	NA	NA	NA	NA	NA	NA	NA	NA	NA	NA	NA	NA	NA	NA	NA	NA	NA	NA	NA	NA	NA	NA	NA	NA	NA	NA	NA	NA	NA	NA	NA	NA	NA	NA	NA	NA	NA	NA	NA	NA	NA	NA	NA	NA
KK2698	NA	-0.194711508783696	NA	NA	NA	NA	NA	NA	NA	NA	NA	NA	NA	-9.10426176713992	NA	NA	-3.49629744105715	NA	NA	-6.36318006450149	-10.3266541884764	-7.75781135311849	NA	NA	NA	NA	NA	NA	NA	NA	NA	NA	NA	NA	NA	-11.9116166891975	NA	NA	-9.70998282802788	NA	-11.6485822833637	NA	NA	NA	-10.7741131654476	NA	-9.47865728192142	NA	NA	NA	-12.6485822833637	-11.6485822833637	NA	NA	NA	NA	NA	NA	NA	NA	NA	NA	-8.00472609358901	NA	NA	NA	NA	NA	NA	NA	NA	NA	NA	NA	NA	NA	NA	-10.7741131654476	NA	NA	-7.91161668919753	NA	NA	NA	NA	NA	-10.4261898620273	NA	NA	NA	NA	NA	NA	NA	NA	NA	NA	-10.9116166891975	NA	NA	NA	NA	NA	NA	-9.10426176713992	NA	NA	-10.2335447840849	NA	NA	NA	-10.1460819428346	NA	NA	NA	NA	NA	NA	NA	NA	NA	NA	NA	NA	NA	NA	NA	NA	NA	NA	NA	-10.5331050659438	NA	NA	NA	NA	NA	NA	NA	NA	NA	NA	NA	NA	NA	NA	NA	NA	NA	NA	NA	NA	NA	NA	NA	NA	NA	NA	NA	NA	NA	NA	NA	NA	NA	NA	NA	NA	NA	NA	NA	NA	NA	NA	NA	NA	NA	NA	NA	NA	NA	NA	NA	NA	NA	NA	NA	NA	NA	NA	NA
KK2699	-5.93518920745902	-0.0957788774804193	NA	NA	NA	NA	NA	NA	NA	NA	NA	NA	NA	NA	NA	NA	-7.58052432615966	NA	NA	-9.16548682688081	-8.95903594941339	-7.65647317939295	NA	NA	NA	NA	NA	NA	NA	NA	NA	NA	NA	NA	-11.0585716229643	-10.0585716229643	NA	NA	-9.47360912224314	NA	-8.16548682688081	NA	NA	NA	NA	-9.77846370377156	-11.2809640443007	NA	NA	NA	-10.5439984501345	-11.8659265450219	NA	NA	NA	NA	NA	NA	NA	NA	NA	NA	-6.23656992494229	NA	NA	NA	NA	NA	NA	NA	NA	NA	NA	NA	NA	NA	NA	-11.0585716229643	NA	NA	-8.61799903157832	NA	NA	NA	NA	NA	-9.95903594941339	NA	NA	NA	NA	NA	NA	NA	NA	NA	NA	-9.34236458896489	NA	NA	NA	NA	NA	NA	-8.95903594941339	NA	NA	-9.61799903157832	NA	NA	NA	-10.0585716229643	NA	NA	NA	NA	NA	NA	NA	NA	NA	NA	NA	NA	NA	NA	NA	NA	NA	NA	NA	-10.1654868268808	NA	NA	NA	NA	NA	NA	NA	NA	-10.8659265450219	NA	NA	NA	NA	NA	NA	NA	NA	NA	NA	NA	NA	NA	NA	NA	NA	NA	NA	NA	NA	NA	NA	NA	NA	NA	NA	NA	NA	NA	NA	NA	NA	NA	NA	NA	NA	NA	NA	NA	NA	NA	NA	NA	NA	NA	NA	NA	NA	NA	NA
KK2700	NA	-0.520364955957634	NA	-11.7410455770098	NA	NA	NA	NA	NA	NA	NA	NA	NA	NA	NA	NA	-3.05805099332815	NA	NA	-8.74104557700984	-7.78684926662296	-7.45564335814759	NA	NA	NA	NA	NA	NA	NA	NA	NA	NA	NA	NA	NA	-9.93369065495223	NA	NA	-8.34872815423108	NA	-6.05454504982662	NA	NA	NA	NA	NA	NA	NA	NA	NA	NA	-8.74104557700984	NA	NA	NA	NA	NA	NA	NA	NA	NA	NA	-6.53159221138089	NA	NA	NA	NA	NA	NA	NA	NA	NA	-8.83415498140132	NA	NA	NA	NA	-9.74104557700984	NA	NA	NA	NA	NA	NA	NA	NA	NA	NA	NA	NA	NA	NA	NA	NA	NA	NA	NA	-7.61176256006487	NA	NA	NA	NA	-3.27140375977032	NA	-7.15608307628868	NA	NA	-7.24919248068016	NA	NA	NA	-8.28161395837254	NA	NA	NA	NA	NA	NA	NA	NA	NA	NA	NA	NA	NA	NA	NA	NA	NA	NA	NA	-7.78684926662296	NA	NA	NA	NA	NA	-10.4191174821225	NA	NA	NA	NA	-9.04060585886875	NA	NA	NA	NA	NA	NA	NA	-9.74104557700984	NA	NA	NA	NA	NA	NA	NA	NA	NA	NA	NA	NA	NA	NA	NA	NA	NA	NA	NA	NA	NA	NA	NA	NA	NA	NA	NA	NA	-11.1560830762887	NA	NA	NA	NA	NA	NA	NA	NA	NA	NA	NA
KK2701	-9.00687147670529	-0.406545550752734	NA	-2.51264552615503	-8.63247596192379	NA	NA	NA	NA	NA	NA	NA	NA	-9.23819702281174	NA	NA	-6.65323452209059	NA	NA	-10.4398308839814	-8.26990588253908	NA	NA	NA	NA	NA	NA	NA	NA	NA	NA	NA	NA	NA	NA	-7.02029199246761	NA	NA	-8.63247596192379	NA	-9.85486838326024	NA	NA	NA	NA	-7.80756266848188	NA	NA	NA	NA	NA	NA	NA	-11.4398308839814	NA	NA	NA	-8.85486838326024	NA	NA	NA	NA	NA	NA	NA	NA	NA	NA	NA	NA	NA	NA	NA	-10.5918339774264	NA	-10.0613192607277	NA	-9.00687147670529	NA	NA	-9.06131926072766	NA	NA	NA	NA	-10.9544040568112	-11.1767964781476	NA	NA	NA	NA	NA	NA	NA	NA	NA	NA	-9.43983088398139	NA	NA	NA	NA	NA	NA	-9.76175897886876	NA	NA	-9.51383146542517	NA	NA	NA	-12.1767964781476	NA	NA	-10.1767964781476	NA	NA	NA	NA	NA	NA	NA	NA	NA	NA	NA	NA	NA	NA	NA	-7.53294028837287	-10.1767964781476	-8.26990588253908	NA	NA	NA	NA	-11.1767964781476	NA	NA	NA	NA	-9.51383146542517	NA	-10.5918339774264	NA	NA	NA	NA	NA	-9.95440405681115	NA	NA	NA	NA	NA	NA	NA	NA	NA	NA	-7.20717012719112	NA	NA	NA	NA	NA	NA	NA	NA	NA	NA	NA	NA	NA	NA	NA	NA	NA	NA	NA	NA	NA	NA	NA	NA	NA	NA	NA	NA	NA
KK2702	-6.08321336824898	-0.54435007025974	NA	NA	-9.70999604466476	NA	NA	NA	NA	NA	NA	NA	NA	NA	NA	NA	-2.07764228289698	NA	NA	-10.097019167774	-8.51205666705286	-5.65790753351631	NA	NA	NA	NA	NA	NA	NA	NA	NA	NA	NA	NA	NA	-8.7974588859151	NA	NA	-8.62753388447279	NA	-11.4755307910277	NA	NA	NA	NA	-8.54953137247152	NA	NA	NA	NA	-11.4755307910277	-11.2124963851939	NA	NA	NA	NA	NA	NA	NA	NA	NA	NA	-6.91481583655326	NA	NA	NA	NA	-10.6275338844728	-12.2124963851939	NA	NA	NA	NA	NA	NA	NA	NA	-9.54953137247152	NA	NA	-8.54953137247152	NA	NA	NA	NA	-10.6275338844728	NA	NA	NA	NA	NA	NA	NA	NA	NA	NA	NA	-9.47553079102774	NA	NA	NA	NA	-9.89056829030659	NA	-10.9901039638575	NA	NA	-9.62753388447279	NA	NA	NA	-10.2124963851939	NA	NA	NA	NA	NA	NA	NA	NA	NA	NA	NA	NA	NA	NA	NA	NA	NA	NA	NA	-10.6275338844728	NA	NA	NA	NA	NA	-6.82017896241519	NA	NA	NA	NA	-10.2124963851939	NA	NA	NA	NA	NA	NA	NA	NA	NA	NA	NA	NA	NA	NA	NA	-11.7974588859151	NA	NA	NA	NA	NA	NA	NA	NA	NA	NA	NA	NA	NA	NA	NA	NA	NA	NA	NA	NA	NA	NA	NA	NA	NA	NA	NA	NA	NA	NA	NA	NA
KK2703	NA	-0.135740766523498	NA	NA	-8.94885388871221	NA	NA	NA	NA	NA	NA	NA	NA	-7.75245667590871	NA	NA	-5.84032943193404	NA	NA	-10.211888294546	-9.83337667129227	-9.28588887598978	NA	NA	NA	NA	NA	NA	NA	NA	-11.9488538887122	NA	NA	NA	NA	-7.51144857640491	NA	NA	-9.53381638943337	NA	-8.67583539430579	NA	NA	NA	NA	-8.14149896665461	NA	NA	NA	NA	-9.07438477079607	-8.83337667129227	NA	NA	NA	NA	NA	NA	NA	NA	NA	NA	-6.94885388871221	NA	NA	NA	NA	NA	NA	NA	NA	NA	NA	NA	NA	NA	NA	-9.72646146737576	-10.211888294546	NA	-7.46772719897559	NA	NA	NA	NA	NA	-9.72646146737576	NA	NA	NA	NA	NA	NA	NA	NA	NA	NA	-8.24841417057112	NA	NA	NA	NA	NA	NA	-9.28588887598978	NA	NA	-8.211888294546	NA	NA	NA	-11.5338163894334	NA	NA	NA	NA	NA	NA	NA	NA	NA	NA	NA	NA	NA	NA	NA	NA	NA	NA	NA	-10.3638913879911	-9.36389138799105	NA	NA	NA	-8.4045333724884	-6.30499769893748	NA	NA	NA	NA	-10.0743847707961	NA	NA	NA	NA	NA	NA	NA	NA	NA	NA	NA	NA	NA	NA	NA	NA	NA	NA	NA	NA	NA	NA	NA	NA	NA	NA	NA	NA	NA	NA	NA	NA	NA	NA	NA	NA	-10.5338163894334	NA	NA	NA	NA	NA	NA	NA	NA	NA	NA	NA
KK2704	NA	NA	NA	NA	NA	NA	NA	NA	NA	NA	NA	NA	NA	NA	NA	NA	-8.30149619498255	-7.95754179376519	NA	-6.79248254749469	NA	-9.30149619498255	NA	NA	NA	NA	NA	NA	NA	NA	NA	NA	NA	NA	NA	NA	NA	-0.859509710804661	NA	NA	NA	NA	NA	NA	NA	NA	NA	NA	NA	NA	-1.49018325935626	NA	NA	NA	NA	NA	NA	NA	NA	NA	NA	NA	NA	NA	NA	NA	NA	NA	NA	NA	NA	NA	NA	NA	NA	NA	NA	-9.68000781823628	NA	NA	-8.41697341240248	NA	NA	NA	NA	NA	-10.0019359131236	NA	NA	NA	NA	NA	NA	NA	NA	NA	NA	-9.41697341240248	NA	NA	NA	-10.6800078182363	NA	NA	-6.37257929304403	NA	NA	-10.194580991066	NA	NA	NA	NA	NA	NA	-9.30149619498255	NA	NA	NA	NA	NA	NA	NA	NA	NA	NA	NA	NA	NA	NA	NA	-4.2672262928978	NA	NA	NA	NA	NA	NA	NA	NA	NA	NA	NA	-9.83201091168133	NA	NA	NA	NA	NA	NA	NA	NA	NA	NA	NA	NA	NA	NA	NA	-11.4169734124025	NA	NA	NA	NA	NA	NA	NA	NA	NA	NA	NA	NA	NA	NA	NA	NA	NA	NA	NA	NA	NA	NA	NA	NA	NA	NA	NA	NA	NA	NA	NA	NA
KK2705	NA	-0.191689428047809	NA	NA	-9.3371263008056	NA	NA	NA	NA	NA	NA	NA	-9.75216380008445	NA	NA	NA	-3.30492747841746	NA	NA	-9.6001607066394	-9.25912378880433	-12.1851232073606	NA	NA	NA	NA	NA	NA	NA	NA	NA	NA	NA	NA	NA	-10.4195884609976	NA	NA	-9.9834893461909	NA	NA	NA	NA	NA	NA	-8.95246245057028	NA	NA	NA	NA	NA	-13.5070513022479	NA	NA	NA	NA	NA	NA	NA	NA	NA	NA	-11.0476196836106	NA	NA	-10.0476196836106	NA	NA	-13.5070513022479	NA	NA	NA	NA	-11.9220888015268	NA	NA	NA	-11.3371263008056	NA	NA	-7.49582404682466	NA	NA	NA	NA	-12.5070513022479	-10.5070513022479	NA	NA	NA	NA	NA	NA	NA	NA	NA	NA	-10.6996963801903	NA	NA	NA	NA	-10.5070513022479	NA	NA	NA	NA	-9.86319511247319	NA	NA	NA	-11.6996963801903	NA	NA	NA	NA	NA	NA	NA	NA	NA	NA	NA	NA	NA	NA	NA	NA	NA	NA	NA	NA	NA	NA	NA	NA	NA	-12.5070513022479	NA	NA	NA	NA	-10.2591237888043	NA	NA	NA	NA	NA	NA	-10.5070513022479	NA	NA	NA	NA	NA	NA	NA	NA	-11.0476196836106	NA	NA	NA	NA	NA	NA	NA	NA	NA	NA	NA	NA	NA	NA	NA	NA	NA	NA	NA	NA	-12.1851232073606	NA	NA	NA	NA	NA	NA	NA	NA	NA	NA	NA
KK2706	NA	-0.231310328109338	NA	-12.330986882969	-10.7460243822478	NA	NA	NA	NA	NA	NA	NA	NA	-10.5236319609114	NA	NA	-3.11302918510487	NA	NA	NA	-10.2435240417186	NA	NA	NA	NA	NA	NA	NA	NA	NA	NA	NA	NA	NA	NA	NA	NA	NA	NA	NA	-11.330986882969	NA	NA	NA	-10.2435240417186	NA	NA	NA	NA	NA	-8.44834383360714	NA	NA	NA	NA	NA	NA	NA	NA	NA	NA	NA	NA	NA	NA	NA	NA	-12.7460243822478	NA	NA	NA	NA	NA	NA	NA	NA	NA	-12.330986882969	NA	NA	-5.47923784155292	NA	NA	NA	NA	NA	-10.6305471648279	NA	NA	NA	NA	NA	NA	NA	NA	NA	NA	NA	NA	NA	NA	NA	-8.65856154099749	NA	NA	NA	NA	NA	NA	NA	NA	NA	NA	NA	NA	NA	NA	-11.5236319609114	NA	NA	NA	NA	NA	NA	NA	NA	NA	NA	NA	NA	NA	NA	NA	NA	NA	NA	NA	NA	NA	NA	NA	NA	NA	NA	NA	NA	NA	NA	NA	NA	NA	NA	NA	NA	NA	NA	NA	NA	NA	NA	NA	NA	NA	NA	NA	NA	NA	NA	NA	NA	NA	NA	NA	NA	NA	NA	NA	NA	NA	NA	NA	NA	NA	NA	NA	NA	NA	NA	NA	NA	NA
KK2707	NA	-0.116570582414207	NA	NA	NA	NA	NA	NA	NA	NA	NA	NA	-4.78135971352466	NA	NA	NA	NA	NA	NA	NA	-8.15987133677839	-10.8037275265531	NA	NA	NA	NA	NA	NA	NA	NA	NA	NA	NA	NA	NA	NA	NA	NA	-8.41141010377435	NA	-6.6139029676731	NA	NA	NA	NA	-8.48179943166575	NA	-10.8037275265531	NA	NA	NA	NA	NA	NA	NA	NA	NA	NA	NA	NA	NA	NA	NA	NA	NA	NA	NA	NA	NA	NA	NA	NA	NA	NA	NA	NA	NA	NA	NA	NA	-7.15987133677839	NA	NA	NA	NA	NA	NA	NA	NA	NA	NA	NA	NA	NA	NA	NA	NA	NA	NA	NA	NA	NA	NA	NA	-8.48179943166575	NA	NA	NA	NA	NA	NA	NA	NA	NA	NA	-7.13130218458162	NA	NA	NA	NA	NA	NA	NA	NA	NA	NA	NA	NA	NA	-9.21876502583196	NA	NA	NA	NA	NA	NA	NA	NA	NA	-12.8037275265531	NA	NA	NA	NA	NA	NA	NA	NA	NA	NA	NA	NA	NA	NA	NA	NA	NA	NA	NA	NA	NA	NA	NA	NA	NA	NA	NA	NA	NA	NA	NA	NA	NA	NA	-9.6338025251108	NA	NA	NA	NA	NA	NA	NA	NA	NA	NA	NA	NA	NA	NA	NA	NA
KK2708	NA	-0.111098248699562	NA	NA	NA	NA	NA	NA	NA	NA	NA	NA	-5.11082717581976	-10.6142915625197	-5.970435372745	NA	NA	NA	NA	NA	-9.75179508626966	-9.82579566771343	NA	NA	NA	NA	NA	-10.4887606804359	NA	NA	NA	NA	NA	NA	NA	NA	NA	NA	-8.86426981552807	NA	NA	NA	NA	NA	NA	-9.26636825909941	NA	NA	NA	NA	-13.073723181157	NA	NA	NA	NA	NA	NA	NA	NA	NA	NA	NA	NA	NA	NA	NA	NA	NA	NA	NA	NA	NA	NA	NA	NA	NA	NA	-10.6142915625197	NA	NA	-7.82579566771343	NA	-10.7517950862697	NA	NA	-11.4887606804359	-9.82579566771343	NA	NA	NA	NA	NA	NA	-9.98626033990668	NA	NA	NA	NA	NA	NA	NA	NA	NA	NA	NA	NA	NA	NA	NA	-10.6142915625197	NA	NA	NA	NA	NA	-7.45901333704181	NA	NA	NA	-11.4887606804359	NA	NA	NA	NA	NA	NA	NA	NA	NA	-10.9037981797147	NA	NA	NA	NA	NA	NA	NA	NA	NA	NA	NA	NA	-10.3732834630159	NA	NA	NA	NA	NA	NA	NA	NA	NA	NA	NA	NA	NA	NA	NA	NA	NA	NA	NA	NA	NA	NA	NA	NA	-11.2663682590994	NA	NA	NA	NA	NA	NA	-8.90379817971471	NA	NA	NA	NA	NA	NA	NA	NA	NA	NA	NA	NA	NA	NA	NA	NA
KK2709	NA	-0.0357990047052538	NA	NA	NA	NA	NA	NA	NA	NA	NA	NA	-6.85422797292128	NA	NA	NA	NA	NA	-10.3436128136602	-9.72212443691394	-11.2366976097437	NA	NA	NA	NA	NA	NA	NA	NA	NA	NA	NA	NA	NA	NA	NA	NA	NA	-8.79612501835772	NA	-8.40019634202658	NA	NA	NA	NA	-9.95658969055096	NA	-12.0440525318013	NA	NA	NA	NA	NA	NA	NA	NA	NA	NA	NA	NA	NA	NA	NA	NA	NA	NA	NA	-11.2366976097437	NA	NA	NA	NA	NA	NA	NA	NA	NA	NA	NA	NA	-7.65173510902254	NA	NA	NA	NA	NA	NA	NA	NA	NA	NA	NA	NA	NA	NA	NA	NA	NA	NA	NA	NA	NA	NA	NA	NA	NA	NA	NA	NA	NA	NA	NA	NA	NA	NA	-9.79612501835772	NA	NA	NA	NA	NA	NA	NA	NA	NA	NA	NA	NA	NA	NA	NA	NA	NA	NA	NA	NA	NA	NA	NA	NA	NA	NA	-10.874127530359	NA	NA	NA	NA	NA	NA	NA	NA	NA	NA	NA	NA	NA	NA	NA	NA	NA	NA	NA	NA	NA	NA	NA	NA	NA	NA	NA	NA	NA	NA	NA	NA	NA	NA	NA	NA	NA	NA	NA	NA	NA	NA	NA	NA	NA	NA	NA	NA
KK2710	NA	-0.680045046574831	NA	NA	NA	NA	NA	NA	NA	NA	NA	NA	-5.26973591041711	-8.93561840652184	-5.78430908324687	NA	NA	NA	-6.27850612004485	-1.84611699627201	-9.31413002977557	-10.6360581246629	NA	NA	NA	NA	NA	-11.0510956239418	NA	NA	NA	NA	NA	NA	NA	NA	NA	NA	-9.31413002977557	NA	-5.68186181427606	NA	NA	NA	NA	-8.72916752905441	NA	-10.3141300297756	NA	NA	NA	NA	NA	NA	NA	NA	NA	NA	NA	NA	NA	NA	NA	NA	NA	NA	NA	NA	NA	NA	NA	NA	NA	NA	NA	NA	NA	-10.0510956239418	NA	NA	-9.63605812466293	NA	NA	NA	NA	-10.4661331232206	-10.4661331232206	NA	NA	NA	NA	NA	NA	NA	NA	NA	NA	NA	NA	NA	NA	NA	NA	NA	NA	NA	NA	-11.3141300297756	NA	NA	NA	NA	NA	NA	NA	-8.14420502833326	NA	NA	NA	NA	NA	NA	NA	NA	NA	NA	NA	NA	NA	NA	NA	NA	NA	NA	NA	NA	NA	NA	NA	NA	NA	NA	-9.72916752905441	NA	NA	NA	NA	NA	NA	NA	NA	NA	NA	NA	NA	NA	NA	NA	NA	NA	NA	NA	NA	NA	NA	NA	NA	-10.3141300297756	NA	NA	NA	NA	NA	NA	-9.05109562394177	NA	NA	NA	NA	NA	NA	NA	NA	NA	NA	NA	NA	NA	NA	-11.0510956239418	NA
KK2711	NA	-0.0922118357263201	NA	NA	NA	NA	NA	NA	NA	NA	NA	NA	-5.4094596506261	NA	NA	NA	NA	NA	NA	-7.10989936876719	-9.65738716406969	NA	NA	NA	NA	NA	NA	-9.65738716406969	NA	NA	NA	NA	NA	NA	NA	NA	NA	NA	-8.71397069243605	NA	-6.0090987279797	NA	NA	NA	NA	NA	NA	NA	NA	NA	NA	NA	NA	NA	NA	NA	NA	NA	NA	NA	NA	NA	NA	NA	NA	NA	NA	NA	NA	NA	NA	NA	NA	NA	NA	NA	NA	-10.1879018807685	NA	NA	-9.77286438148962	NA	NA	NA	NA	-11.0358987873234	-9.89839526357348	NA	NA	NA	NA	NA	NA	NA	NA	NA	NA	NA	NA	NA	NA	NA	NA	NA	NA	NA	NA	NA	NA	-10.1879018807685	NA	NA	NA	NA	NA	-8.96550945943202	NA	NA	NA	NA	NA	NA	NA	NA	NA	NA	NA	NA	NA	NA	NA	NA	NA	NA	NA	NA	NA	NA	NA	NA	NA	NA	-9.45093628660226	NA	NA	NA	NA	NA	NA	NA	NA	NA	NA	NA	NA	NA	NA	NA	NA	NA	NA	NA	NA	NA	NA	NA	NA	NA	NA	NA	-11.0358987873234	NA	NA	NA	NA	NA	NA	NA	NA	NA	NA	NA	NA	NA	NA	NA	NA	NA	NA	NA	NA
KK2712	NA	-1.87053838133997	NA	NA	NA	NA	NA	NA	NA	NA	NA	NA	-1.84785799219917	NA	NA	NA	NA	NA	NA	-4.00905824542139	-4.08954816328176	-6.06608919045777	NA	NA	NA	NA	NA	NA	NA	NA	NA	NA	NA	NA	NA	-6.11339490523613	NA	NA	-6.06608919045777	NA	NA	NA	NA	NA	NA	-4.89100248389968	NA	-5.21293057878704	NA	NA	NA	NA	NA	NA	NA	NA	NA	NA	NA	NA	NA	NA	NA	-7.11339490523613	NA	NA	-8.02028550084465	NA	NA	NA	NA	NA	NA	NA	NA	-5.62796807806589	NA	NA	NA	NA	-4.8108321352157	NA	NA	NA	NA	-5.89100248389968	NA	NA	NA	NA	NA	NA	NA	-7.56085388220735	NA	NA	NA	NA	NA	NA	NA	NA	NA	NA	NA	NA	NA	NA	NA	-6.31984578270356	NA	NA	NA	-7.69835740595729	-5.52843240451497	NA	NA	-7.11339490523613	NA	NA	NA	-7.43532300012349	NA	NA	NA	NA	NA	NA	NA	NA	NA	NA	NA	NA	NA	NA	NA	NA	NA	NA	NA	NA	-7.02028550084465	NA	NA	NA	NA	NA	NA	NA	NA	NA	NA	NA	NA	NA	NA	NA	NA	NA	NA	-8.43532300012349	NA	NA	NA	NA	NA	NA	NA	NA	-9.02028550084465	NA	-6.26539799868118	-8.21293057878704	-8.43532300012349	NA	NA	NA	NA	NA	NA	NA	NA	NA	NA	NA	NA	NA	NA	-6.85036049940233	NA
KK2713	-11.9015268861181	-0.1455961450337	NA	NA	NA	NA	NA	NA	NA	NA	NA	NA	-9.9015268861181	NA	NA	NA	NA	NA	NA	-7.97078954855521	NA	-3.70431019300805	NA	NA	NA	NA	NA	NA	NA	NA	NA	NA	NA	NA	NA	NA	NA	NA	-9.37796493006109	NA	-9.4420952674808	NA	NA	NA	NA	NA	NA	NA	NA	NA	-8.28681704200289	-12.9015268861181	NA	NA	NA	NA	NA	NA	NA	NA	NA	NA	-8.25767069634338	NA	NA	NA	NA	NA	NA	NA	NA	NA	NA	NA	NA	NA	NA	NA	NA	NA	NA	NA	NA	NA	NA	NA	-11.5795987912307	NA	NA	NA	NA	NA	NA	NA	NA	-10.9015268861181	NA	NA	NA	NA	NA	-10.3165643853969	NA	NA	NA	NA	NA	-9.65359937267451	NA	NA	NA	-11.3165643853969	NA	NA	NA	NA	NA	NA	NA	NA	NA	NA	NA	NA	NA	NA	-9.99463629050958	NA	NA	NA	NA	NA	NA	NA	NA	NA	NA	NA	NA	NA	NA	NA	NA	NA	NA	NA	NA	NA	NA	NA	NA	NA	NA	NA	NA	NA	NA	NA	NA	NA	NA	NA	NA	NA	NA	-12.3165643853969	NA	NA	NA	NA	NA	NA	NA	NA	NA	NA	NA	NA	NA	NA	NA	NA	NA	NA	NA	NA	NA	NA	NA	NA	NA
KK2714	NA	-0.0180334773276193	NA	-13.3139458707092	NA	NA	NA	NA	NA	NA	NA	NA	-10.3139458707092	NA	NA	NA	NA	NA	NA	-9.67008968093448	-11.3139458707092	-9.26955175135075	NA	NA	NA	NA	NA	-10.8545142520719	NA	NA	NA	NA	-10.3139458707092	NA	NA	NA	NA	NA	-8.92162844793044	NA	NA	NA	NA	NA	NA	-11.3139458707092	NA	-10.6135061525681	NA	NA	NA	-14.3139458707092	NA	NA	NA	NA	NA	-10.0660183572656	NA	NA	NA	NA	NA	NA	NA	-10.9920177758218	NA	NA	NA	NA	NA	NA	-11.5065909486516	NA	NA	NA	NA	-11.728983369988	NA	NA	NA	NA	NA	NA	NA	NA	NA	NA	NA	NA	NA	NA	NA	NA	NA	NA	NA	-10.4070552751007	NA	NA	NA	NA	NA	NA	NA	NA	NA	NA	NA	NA	NA	NA	NA	NA	NA	NA	NA	NA	NA	NA	NA	NA	NA	NA	NA	NA	-10.728983369988	NA	NA	NA	NA	NA	NA	NA	NA	NA	NA	NA	NA	NA	NA	NA	NA	NA	NA	NA	NA	NA	NA	NA	NA	NA	NA	NA	NA	NA	NA	NA	NA	NA	NA	NA	NA	NA	NA	NA	NA	NA	NA	-11.1440208692669	NA	NA	NA	NA	NA	NA	NA	NA	NA	NA	NA	NA	NA	NA	NA	NA	NA	NA	NA	NA	NA
KK2715	NA	-0.344447619298915	NA	NA	NA	NA	NA	NA	NA	NA	NA	NA	-8.75265940127135	-7.7933013857687	NA	NA	NA	NA	NA	-6.83512156146332	-9.33762190199251	-2.74391955170719	NA	NA	NA	NA	NA	NA	NA	NA	NA	NA	-9.6006563078263	NA	NA	-10.3376219019925	NA	NA	-7.92258440271366	NA	NA	NA	NA	NA	NA	NA	NA	-10.6006563078263	NA	NA	-6.65579786201876	-11.3376219019925	NA	-10.9225844027137	NA	NA	NA	NA	NA	NA	NA	NA	-7.36799555103603	NA	NA	-6.51319346657596	NA	NA	NA	NA	NA	NA	NA	NA	NA	NA	NA	-9.46315278407637	NA	NA	NA	NA	NA	NA	NA	-10.6006563078263	NA	NA	NA	NA	NA	NA	NA	NA	NA	NA	NA	-8.01569380710515	NA	NA	NA	-10.9225844027137	NA	NA	NA	NA	NA	-8.06460340758609	NA	NA	NA	NA	NA	NA	NA	NA	NA	NA	NA	NA	NA	NA	NA	NA	NA	NA	NA	NA	NA	NA	NA	NA	NA	NA	NA	NA	NA	NA	NA	NA	NA	NA	NA	NA	NA	NA	NA	NA	NA	NA	NA	NA	NA	NA	NA	NA	NA	NA	NA	NA	NA	NA	NA	NA	NA	NA	NA	NA	NA	NA	NA	NA	NA	NA	NA	NA	NA	NA	NA	-10.3376219019925	NA	NA	NA	NA	NA	NA	NA	NA	NA	NA	NA
KK2716	-8.08834657484054	-0.23597312526027	NA	-8.90777432919872	NA	NA	NA	NA	NA	NA	NA	NA	NA	-8.47167521439204	NA	NA	NA	NA	NA	-6.02945288578697	-8.90777432919872	-7.11259412108722	NA	NA	NA	NA	NA	NA	NA	NA	NA	NA	-9.99523717044906	NA	NA	-9.6733090755617	NA	NA	-7.47167521439204	NA	-7.29479745230797	NA	NA	NA	NA	NA	NA	-10.1878822483915	NA	-9.4102746697279	NA	-11.4102746697279	NA	NA	NA	NA	NA	-8.82531216900674	NA	NA	NA	NA	-5.64650901621798	NA	NA	-5.05859923144649	NA	NA	NA	NA	NA	NA	NA	NA	NA	NA	NA	-7.35138098067433	NA	NA	-6.2138774569244	NA	NA	NA	NA	-9.82531216900674	-9.82531216900674	NA	NA	NA	NA	NA	NA	NA	NA	NA	NA	-8.24034966828559	NA	NA	NA	NA	NA	NA	NA	NA	NA	-6.51950373948266	NA	NA	NA	-8.90777432919872	NA	NA	NA	NA	NA	NA	NA	NA	NA	NA	NA	NA	NA	NA	NA	NA	NA	NA	NA	NA	NA	NA	NA	NA	NA	NA	NA	NA	NA	NA	NA	NA	NA	NA	NA	NA	NA	NA	NA	NA	NA	NA	-7.6733090755617	NA	NA	NA	NA	NA	NA	NA	NA	NA	-9.6733090755617	NA	NA	NA	NA	NA	NA	NA	NA	NA	NA	NA	NA	NA	NA	-9.29479745230796	NA	NA	NA	NA	NA	NA	NA	NA	NA	NA	NA
KK2717	-6.81649557591407	-0.0929647805588819	NA	-7.08442878116071	NA	NA	NA	NA	NA	NA	NA	NA	-8.7922480296674	NA	NA	NA	NA	NA	NA	-7.34158662065783	NA	NA	NA	NA	NA	NA	NA	NA	NA	NA	NA	NA	NA	NA	NA	-9.23970700663862	NA	NA	-6.74494231488904	NA	-6.65474450591746	NA	NA	NA	NA	-8.37721053038855	NA	-8.5292136238336	NA	NA	NA	NA	NA	NA	NA	NA	NA	NA	NA	NA	NA	NA	-11.6991386252759	NA	NA	NA	NA	-11.6991386252759	NA	NA	NA	NA	NA	NA	NA	NA	NA	NA	NA	NA	-8.5292136238336	NA	NA	NA	NA	-8.37721053038855	NA	NA	NA	NA	NA	NA	NA	NA	NA	NA	NA	NA	NA	NA	NA	NA	NA	NA	NA	NA	NA	-10.6991386252759	NA	NA	NA	NA	NA	NA	NA	NA	NA	NA	NA	NA	NA	NA	NA	NA	NA	NA	NA	NA	NA	NA	NA	NA	NA	NA	NA	NA	NA	NA	NA	NA	NA	NA	-8.99869890713482	NA	NA	NA	NA	NA	NA	NA	NA	NA	NA	NA	NA	NA	NA	NA	NA	NA	NA	NA	NA	NA	-10.3772105303886	-9.37721053038855	NA	NA	NA	NA	NA	NA	NA	NA	NA	NA	NA	NA	NA	NA	NA	NA	NA	NA	NA	NA	NA	NA	NA	NA	NA
KK2718	NA	-0.0944453759605091	NA	NA	NA	-10.4558409091264	NA	NA	NA	NA	NA	NA	NA	NA	NA	NA	NA	NA	NA	-8.18282241471998	-9.13391281423904	-8.04080340984755	NA	NA	NA	NA	NA	NA	NA	NA	NA	NA	NA	NA	NA	-11.4558409091264	NA	-11.4558409091264	-7.79287589640397	NA	-5.57319785976456	NA	NA	NA	NA	-8.79287589640397	NA	-9.23344848778995	NA	-9.34036369170646	NA	-12.0408034098476	NA	NA	NA	NA	NA	NA	NA	NA	NA	NA	-6.81198471935167	NA	NA	-9.04080340984755	NA	NA	NA	NA	NA	NA	NA	NA	NA	NA	NA	NA	NA	NA	-9.58137179121026	NA	NA	NA	NA	-10.4558409091264	-9.13391281423904	NA	NA	NA	NA	NA	NA	NA	NA	NA	NA	NA	NA	NA	NA	-9.04080340984755	NA	NA	NA	NA	NA	-11.0408034098476	NA	NA	NA	NA	NA	NA	NA	NA	NA	NA	NA	NA	NA	NA	NA	NA	NA	NA	NA	NA	NA	NA	NA	NA	NA	NA	NA	NA	NA	NA	NA	NA	NA	NA	NA	NA	NA	NA	NA	NA	NA	NA	NA	NA	NA	NA	NA	NA	NA	NA	NA	NA	NA	NA	NA	NA	NA	-8.39694722007283	NA	NA	NA	NA	NA	NA	NA	NA	NA	NA	-9.58137179121026	NA	NA	NA	NA	NA	NA	NA	NA	NA	NA	NA	NA	NA	NA
