Sample ID #,Study ID #,Date on Sample,Study,Sample_Type,Lifestage,Taxa,Site,Site_ID,Location,Date Received,Notes,Illumina Plate Number,GPrep Plate #:,Notebook Reference
SOYUP1_Ad_Caddis_MB_1,KK2182,2022-08-02,KK Soyoil 2022,Adult_Caddis,Adult,Caddis,SOY,SOYUP1,UP,2022-12-21,Tube number: 1,LR461,369,
SOYUP1_Ad_Caddis_MB_2,KK2183,2022-08-02,KK Soyoil 2022,Adult_Caddis,Adult,Caddis,SOY,SOYUP1,UP,2022-12-21,2,LR461,369,
SOYUP1_Ad_Caddis_MB_3,KK2184,2022-08-02,KK Soyoil 2022,Adult_Caddis,Adult,Caddis,SOY,SOYUP1,UP,2022-12-21,3,LR461,369,
SOYUP1_Ad_Caddis_MB_4,KK2185,2022-08-02,KK Soyoil 2022,Adult_Caddis,Adult,Caddis,SOY,SOYUP1,UP,2022-12-21,4,LR461,369,
SOYUP1_Ad_Caddis_MB_5,KK2186,2022-08-02,KK Soyoil 2022,Adult_Caddis,Adult,Caddis,SOY,SOYUP1,UP,2022-12-21,5,LR461,369,
SOYUP1_Ad_Caddis_MB_6,KK2187,2022-08-02,KK Soyoil 2022,Adult_Caddis,Adult,Caddis,SOY,SOYUP1,UP,2022-12-21,6,LR461,369,
SOYDWN1_Ad_Caddis_MB_1,KK2188,2022-08-01,KK Soyoil 2022,Adult_Caddis,Adult,Caddis,SOY,SOYDWN1,DWN,2022-12-21,7,LR461,369,
SOYDWN1_Ad_Caddis_MB_2,KK2189,2022-08-01,KK Soyoil 2022,Adult_Caddis,Adult,Caddis,SOY,SOYDWN1,DWN,2022-12-21,8,LR461,369,
SOYDWN1_Ad_Caddis_MB_3,KK2190,2022-08-01,KK Soyoil 2022,Adult_Caddis,Adult,Caddis,SOY,SOYDWN1,DWN,2022-12-21,9,LR461,369,
SOYDWN1_Ad_Caddis_MB_4,KK2191,2022-08-01,KK Soyoil 2022,Adult_Caddis,Adult,Caddis,SOY,SOYDWN1,DWN,2022-12-21,10,LR461,369,
SOYDWN1_Ad_Caddis_MB_5,KK2192,2022-08-01,KK Soyoil 2022,Adult_Caddis,Adult,Caddis,SOY,SOYDWN1,DWN,2022-12-21,11,LR461,369,
SOYDWN1_Ad_Caddis_MB_6,KK2193,2022-08-01,KK Soyoil 2022,Adult_Caddis,Adult,Caddis,SOY,SOYDWN1,DWN,2022-12-21,12,LR461,369,
JC1_Ad_Caddis_MB_1,KK2194,2022-07-20,KK AltEn 2022,Adult_Caddis,Adult,Caddis,JC1,JC1,JC1,2022-12-21,13,LR461,369,
JC1_Ad_Caddis_MB_2,KK2195,2022-07-20,KK AltEn 2022,Adult_Caddis,Adult,Caddis,JC1,JC1,JC1,2022-12-21,14,LR462,369,
JC1_Ad_Caddis_MB_3,KK2196,2022-07-20,KK AltEn 2022,Adult_Caddis,Adult,Caddis,JC1,JC1,JC1,2022-12-21,15,LR462,369,
JC1_Ad_Caddis_MB_4,KK2197,2022-07-20,KK AltEn 2022,Adult_Caddis,Adult,Caddis,JC1,JC1,JC1,2022-12-21,16,LR462,369,
JC1_Ad_Caddis_MB_5,KK2198,2022-07-20,KK AltEn 2022,Adult_Caddis,Adult,Caddis,JC1,JC1,JC1,2022-12-21,17,LR462,369,
JC1_Ad_Caddis_MB_6,KK2199,2022-07-20,KK AltEn 2022,Adult_Caddis,Adult,Caddis,JC1,JC1,JC1,2022-12-21,18,LR462,369,
JC2_Ad_Caddis_MB_1,KK2200,2022-07-19,KK AltEn 2022,Adult_Caddis,Adult,Caddis,JC2,JC2,JC2,2022-12-21,19,LR462,369,
JC2_Ad_Caddis_MB_2,KK2201,2022-07-19,KK AltEn 2022,Adult_Caddis,Adult,Caddis,JC2,JC2,JC2,2022-12-21,20,LR462,369,
JC2_Ad_Caddis_MB_3,KK2202,2022-07-19,KK AltEn 2022,Adult_Caddis,Adult,Caddis,JC2,JC2,JC2,2022-12-21,21,LR462,369,
JC2_Ad_Caddis_MB_4,KK2203,2022-07-19,KK AltEn 2022,Adult_Caddis,Adult,Caddis,JC2,JC2,JC2,2022-12-21,22,LR462,369,
JC2_Ad_Caddis_MB_5,KK2204,2022-07-19,KK AltEn 2022,Adult_Caddis,Adult,Caddis,JC2,JC2,JC2,2022-12-21,23,LR462,369,
JC2_Ad_Caddis_MB_6,KK2205,2022-07-19,KK AltEn 2022,Adult_Caddis,Adult,Caddis,JC2,JC2,JC2,2022-12-21,24,LR462,369,
JC3_Ad_Caddis_MB_1,KK2206,2022-07-18,KK AltEn 2022,Adult_Caddis,Adult,Caddis,JC2,JC3,JC3,2022-12-21,25,LR462,369,
JC3_Ad_Caddis_MB_2,KK2207,2022-07-18,KK AltEn 2022,Adult_Caddis,Adult,Caddis,JC3,JC3,JC3,2022-12-21,26,LR462,369,
JC3_Ad_Caddis_MB_3,KK2208,2022-07-18,KK AltEn 2022,Adult_Caddis,Adult,Caddis,JC3,JC3,JC3,2022-12-21,27,LR462,369,
JC3_Ad_Caddis_MB_4,KK2209,2022-07-18,KK AltEn 2022,Adult_Caddis,Adult,Caddis,JC3,JC3,JC3,2022-12-21,28,LR462,369,
JC3_Ad_Caddis_MB_5,KK2210,2022-07-18,KK AltEn 2022,Adult_Caddis,Adult,Caddis,JC3,JC3,JC3,2022-12-21,29,LR462,369,
JC3_Ad_Caddis_MB_6,KK2211,2022-07-18,KK AltEn 2022,Adult_Caddis,Adult,Caddis,JC3,JC3,JC3,2022-12-21,30,LR462,369,
UN1_Ad_Caddis_MB_1,KK2212,2022-07-17,KK AltEn 2022,Adult_Caddis,Adult,Caddis,UN1,UN1,UN1,2022-12-21,31,LR462,369,
UN1_Ad_Caddis_MB_2,KK2213,2022-07-17,KK AltEn 2022,Adult_Caddis,Adult,Caddis,UN1,UN1,UN1,2022-12-21,32,LR462,369,
UN1_Ad_Caddis_MB_3,KK2214,2022-07-17,KK AltEn 2022,Adult_Caddis,Adult,Caddis,UN1,UN1,UN1,2022-12-21,33,LR462,369,
UN1_Ad_Caddis_MB_4,KK2215,2022-07-17,KK AltEn 2022,Adult_Caddis,Adult,Caddis,UN1,UN1,UN1,2022-12-21,34,LR462,369,
UN1_Ad_Caddis_MB_5,KK2216,2022-07-17,KK AltEn 2022,Adult_Caddis,Adult,Caddis,UN1,UN1,UN1,2022-12-21,35,LR462,369,
UN1_Ad_Caddis_MB_6,KK2217,2022-07-17,KK AltEn 2022,Adult_Caddis,Adult,Caddis,UN1,UN1,UN1,2022-12-21,36,LR462,369,
SOYUP1_Ad_Chiro_MB_1,KK2218,2022-08-02,KK Soyoil 2022,Adult_Chironomidae,Adult,Chironomidae,SOY,SOYUP1,UP,2022-12-21,37,LR462,369,
SOYUP1_Ad_Chiro_MB_2,KK2219,2022-08-02,KK Soyoil 2022,Adult_Chironomidae,Adult,Chironomidae,SOY,SOYUP1,UP,2022-12-21,38,LR462,369,
SOYUP1_Ad_Chiro_MB_3,KK2220,2022-08-02,KK Soyoil 2022,Adult_Chironomidae,Adult,Chironomidae,SOY,SOYUP1,UP,2022-12-21,39,LR462,369,
SOYUP1_Ad_Chiro_MB_4,KK2221,2022-08-02,KK Soyoil 2022,Adult_Chironomidae,Adult,Chironomidae,SOY,SOYUP1,UP,2022-12-21,40,LR462,369,
SOYUP1_Ad_Chiro_MB_5,KK2222,2022-08-02,KK Soyoil 2022,Adult_Chironomidae,Adult,Chironomidae,SOY,SOYUP1,UP,2022-12-21,41,LR462,369,
SOYUP1_Ad_Chiro_MB_6,KK2223,2022-08-02,KK Soyoil 2022,Adult_Chironomidae,Adult,Chironomidae,SOY,SOYUP1,UP,2022-12-21,42,LR462,369,
SOYDWN1_Ad_Chiro_MB_1,KK2224,2022-08-01,KK Soyoil 2022,Adult_Chironomidae,Adult,Chironomidae,SOY,SOYDWN1,DWN,2022-12-21,43,LR462,369,
SOYDWN1_Ad_Chiro_MB_2,KK2225,2022-08-01,KK Soyoil 2022,Adult_Chironomidae,Adult,Chironomidae,SOY,SOYDWN1,DWN,2022-12-21,44,LR462,369,
SOYDWN1_Ad_Chiro_MB_3,KK2226,2022-08-01,KK Soyoil 2022,Adult_Chironomidae,Adult,Chironomidae,SOY,SOYDWN1,DWN,2022-12-21,45,LR462,369,
SOYDWN1_Ad_Chiro_MB_4,KK2227,2022-08-01,KK Soyoil 2022,Adult_Chironomidae,Adult,Chironomidae,SOY,SOYDWN1,DWN,2022-12-21,46,LR462,369,
SOYDWN1_Ad_Chiro_MB_5,KK2228,2022-08-01,KK Soyoil 2022,Adult_Chironomidae,Adult,Chironomidae,SOY,SOYDWN1,DWN,2022-12-21,47,LR462,369,
SOYDWN1_Ad_Chiro_MB_6,KK2229,2022-08-01,KK Soyoil 2022,Adult_Chironomidae,Adult,Chironomidae,SOY,SOYDWN1,DWN,2022-12-21,48,LR462,369,
JC1_Ad_Chiro_MB_1,KK2230,2022-07-20,KK AltEn 2022,Adult_Chironomidae,Adult,Chironomidae,JC1,JC1,JC1,2022-12-21,49,LR462,369,
JC1_Ad_Chiro_MB_2,KK2231,2022-07-20,KK AltEn 2022,Adult_Chironomidae,Adult,Chironomidae,JC1,JC1,JC1,2022-12-21,50,LR462,369,
JC1_Ad_Chiro_MB_3,KK2232,2022-07-20,KK AltEn 2022,Adult_Chironomidae,Adult,Chironomidae,JC1,JC1,JC1,2022-12-21,51,LR462,369,
JC1_Ad_Chiro_MB_4,KK2233,2022-07-20,KK AltEn 2022,Adult_Chironomidae,Adult,Chironomidae,JC1,JC1,JC1,2022-12-21,52,LR462,369,
JC1_Ad_Chiro_MB_5,KK2234,2022-07-20,KK AltEn 2022,Adult_Chironomidae,Adult,Chironomidae,JC1,JC1,JC1,2022-12-21,53,LR462,369,
JC1_Ad_Chiro_MB_6,KK2235,2022-07-20,KK AltEn 2022,Adult_Chironomidae,Adult,Chironomidae,JC1,JC1,JC1,2022-12-21,54,LR462,369,
JC2_Ad_Chiro_MB_1,KK2236,2022-07-19,KK AltEn 2022,Adult_Chironomidae,Adult,Chironomidae,JC2,JC2,JC2,2022-12-21,55,LR462,369,
JC2_Ad_Chiro_MB_2,KK2237,2022-07-19,KK AltEn 2022,Adult_Chironomidae,Adult,Chironomidae,JC2,JC2,JC2,2022-12-21,56,LR462,369,
JC2_Ad_Chiro_MB_3,KK2238,2022-07-19,KK AltEn 2022,Adult_Chironomidae,Adult,Chironomidae,JC2,JC2,JC2,2022-12-21,57,LR462,369,
JC2_Ad_Chiro_MB_4,KK2239,2022-07-19,KK AltEn 2022,Adult_Chironomidae,Adult,Chironomidae,JC2,JC2,JC2,2022-12-21,58,LR462,369,
JC2_Ad_Chiro_MB_5,KK2240,2022-07-19,KK AltEn 2022,Adult_Chironomidae,Adult,Chironomidae,JC2,JC2,JC2,2022-12-21,59,LR462,369,
JC2_Ad_Chiro_MB_6,KK2241,2022-07-19,KK AltEn 2022,Adult_Chironomidae,Adult,Chironomidae,JC2,JC2,JC2,2022-12-21,60,LR462,369,
JC3_Ad_Chiro_MB_1,KK2242,2022-07-18,KK AltEn 2022,Adult_Chironomidae,Adult,Chironomidae,JC2,JC3,JC3,2022-12-21,61,LR462,369,
JC3_Ad_Chiro_MB_2,KK2243,2022-07-18,KK AltEn 2022,Adult_Chironomidae,Adult,Chironomidae,JC3,JC3,JC3,2022-12-21,62,LR462,370,
JC3_Ad_Chiro_MB_3,KK2244,2022-07-18,KK AltEn 2022,Adult_Chironomidae,Adult,Chironomidae,JC3,JC3,JC3,2022-12-21,63,LR462,370,
JC3_Ad_Chiro_MB_4,KK2245,2022-07-18,KK AltEn 2022,Adult_Chironomidae,Adult,Chironomidae,JC3,JC3,JC3,2022-12-21,64,LR462,370,
JC3_Ad_Chiro_MB_5,KK2246,2022-07-18,KK AltEn 2022,Adult_Chironomidae,Adult,Chironomidae,JC3,JC3,JC3,2022-12-21,65,LR462,370,
JC3_Ad_Chiro_MB_6,KK2247,2022-07-18,KK AltEn 2022,Adult_Chironomidae,Adult,Chironomidae,JC3,JC3,JC3,2022-12-21,66,LR462,370,
UN1_Ad_Chiro_MB_1,KK2248,2022-07-17,KK AltEn 2022,Adult_Chironomidae,Adult,Chironomidae,UN1,UN1,UN1,2022-12-21,67,LR462,370,
UN1_Ad_Chiro_MB_2,KK2249,2022-07-17,KK AltEn 2022,Adult_Chironomidae,Adult,Chironomidae,UN1,UN1,UN1,2022-12-21,68,LR462,370,
UN1_Ad_Chiro_MB_3,KK2250,2022-07-17,KK AltEn 2022,Adult_Chironomidae,Adult,Chironomidae,UN1,UN1,UN1,2022-12-21,69,LR462,370,
UN1_Ad_Chiro_MB_4,KK2251,2022-07-17,KK AltEn 2022,Adult_Chironomidae,Adult,Chironomidae,UN1,UN1,UN1,2022-12-21,70,LR462,370,
UN1_Ad_Chiro_MB_5,KK2252,2022-07-17,KK AltEn 2022,Adult_Chironomidae,Adult,Chironomidae,UN1,UN1,UN1,2022-12-21,71,LR462,370,
UN1_Ad_Chiro_MB_6,KK2253,2022-07-17,KK AltEn 2022,Adult_Chironomidae,Adult,Chironomidae,UN1,UN1,UN1,2022-12-21,72,LR462,370,
SOYUP1_Ad_Mayfly_MB_1,KK2254,2022-08-02,KK Soyoil 2022,Adult_Mayfly,Adult,Mayfly,SOY,SOYUP1,UP,2022-12-21,73,LR462,370,
SOYUP1_Ad_Mayfly_MB_2,KK2255,2022-08-02,KK Soyoil 2022,Adult_Mayfly,Adult,Mayfly,SOY,SOYUP1,UP,2022-12-21,74,LR462,370,
SOYUP1_Ad_Mayfly_MB_3,KK2256,2022-08-02,KK Soyoil 2022,Adult_Mayfly,Adult,Mayfly,SOY,SOYUP1,UP,2022-12-21,75,LR462,370,
SOYUP1_Ad_Mayfly_MB_4,KK2257,2022-08-02,KK Soyoil 2022,Adult_Mayfly,Adult,Mayfly,SOY,SOYUP1,UP,2022-12-21,76,LR462,370,
SOYUP1_Ad_Mayfly_MB_5,KK2258,2022-08-02,KK Soyoil 2022,Adult_Mayfly,Adult,Mayfly,SOY,SOYUP1,UP,2022-12-21,77,LR462,370,
SOYUP1_Ad_Mayfly_MB_6,KK2259,2022-08-02,KK Soyoil 2022,Adult_Mayfly,Adult,Mayfly,SOY,SOYUP1,UP,2022-12-21,78,LR462,370,
SOYDWN1_Ad_Mayfly_MB_1,KK2260,2022-08-01,KK Soyoil 2022,Adult_Mayfly,Adult,Mayfly,SOY,SOYDWN1,DWN,2022-12-21,79,LR462,370,
SOYDWN1_Ad_Mayfly_MB_2,KK2261,2022-08-01,KK Soyoil 2022,Adult_Mayfly,Adult,Mayfly,SOY,SOYDWN1,DWN,2022-12-21,80,LR462,370,
SOYDWN1_Ad_Mayfly_MB_3,KK2262,2022-08-01,KK Soyoil 2022,Adult_Mayfly,Adult,Mayfly,SOY,SOYDWN1,DWN,2022-12-21,81,LR462,370,
SOYDWN1_Ad_Mayfly_MB_4,KK2263,2022-08-01,KK Soyoil 2022,Adult_Mayfly,Adult,Mayfly,SOY,SOYDWN1,DWN,2022-12-21,82,LR462,370,
SOYDWN1_Ad_Mayfly_MB_5,KK2264,2022-08-01,KK Soyoil 2022,Adult_Mayfly,Adult,Mayfly,SOY,SOYDWN1,DWN,2022-12-21,83,LR462,370,
SOYDWN1_Ad_Mayfly_MB_6,KK2265,2022-08-01,KK Soyoil 2022,Adult_Mayfly,Adult,Mayfly,SOY,SOYDWN1,DWN,2022-12-21,84,LR462,370,
JC1_Ad_Mayfly_MB_1,KK2266,2022-07-20,KK AltEn 2022,Adult_Mayfly,Adult,Mayfly,JC1,JC1,JC1,2022-12-21,85,LR462,370,
JC1_Ad_Mayfly_MB_2,KK2267,2022-07-20,KK AltEn 2022,Adult_Mayfly,Adult,Mayfly,JC1,JC1,JC1,2022-12-21,86,LR462,370,
JC1_Ad_Mayfly_MB_3,KK2268,2022-07-20,KK AltEn 2022,Adult_Mayfly,Adult,Mayfly,JC1,JC1,JC1,2022-12-21,87,LR462,370,
JC1_Ad_Mayfly_MB_4,KK2269,2022-07-20,KK AltEn 2022,Adult_Mayfly,Adult,Mayfly,JC1,JC1,JC1,2022-12-21,88,LR462,370,
JC1_Ad_Mayfly_MB_5,KK2270,2022-07-20,KK AltEn 2022,Adult_Mayfly,Adult,Mayfly,JC1,JC1,JC1,2022-12-21,89,LR462,370,
JC1_Ad_Mayfly_MB_6,KK2271,2022-07-20,KK AltEn 2022,Adult_Mayfly,Adult,Mayfly,JC1,JC1,JC1,2022-12-21,90,LR462,370,
JC2_Ad_Mayfly_MB_1,KK2272,2022-07-19,KK AltEn 2022,Adult_Mayfly,Adult,Mayfly,JC2,JC2,JC2,2022-12-21,91,LR462,370,
JC2_Ad_Mayfly_MB_2,KK2273,2022-07-19,KK AltEn 2022,Adult_Mayfly,Adult,Mayfly,JC2,JC2,JC2,2022-12-21,92,LR462,370,
JC2_Ad_Mayfly_MB_3,KK2274,2022-07-19,KK AltEn 2022,Adult_Mayfly,Adult,Mayfly,JC2,JC2,JC2,2022-12-21,93,LR462,370,
JC2_Ad_Mayfly_MB_4,KK2275,2022-07-19,KK AltEn 2022,Adult_Mayfly,Adult,Mayfly,JC2,JC2,JC2,2022-12-21,94,LR462,370,
JC2_Ad_Mayfly_MB_5,KK2276,2022-07-19,KK AltEn 2022,Adult_Mayfly,Adult,Mayfly,JC2,JC2,JC2,2022-12-21,95,LR462,370,
JC2_Ad_Mayfly_MB_6,KK2277,2022-07-19,KK AltEn 2022,Adult_Mayfly,Adult,Mayfly,JC2,JC2,JC2,2022-12-21,96,LR462,370,
JC3_Ad_Mayfly_MB_1,KK2278,2022-07-18,KK AltEn 2022,Adult_Mayfly,Adult,Mayfly,JC2,JC3,JC3,2022-12-21,97,LR462,370,
JC3_Ad_Mayfly_MB_2,KK2279,2022-07-18,KK AltEn 2022,Adult_Mayfly,Adult,Mayfly,JC3,JC3,JC3,2022-12-21,98,LR462,370,
JC3_Ad_Mayfly_MB_3,KK2280,2022-07-18,KK AltEn 2022,Adult_Mayfly,Adult,Mayfly,JC3,JC3,JC3,2022-12-21,99,LR462,370,
JC3_Ad_Mayfly_MB_4,KK2281,2022-07-18,KK AltEn 2022,Adult_Mayfly,Adult,Mayfly,JC3,JC3,JC3,2022-12-21,100,LR462,370,
JC3_Ad_Mayfly_MB_5,KK2282,2022-07-18,KK AltEn 2022,Adult_Mayfly,Adult,Mayfly,JC3,JC3,JC3,2022-12-21,101,LR462,370,
JC3_Ad_Mayfly_MB_6,KK2283,2022-07-18,KK AltEn 2022,Adult_Mayfly,Adult,Mayfly,JC3,JC3,JC3,2022-12-21,102,LR462,370,
UN1_Ad_Mayfly_MB_1,KK2284,2022-07-17,KK AltEn 2022,Adult_Mayfly,Adult,Mayfly,UN1,UN1,UN1,2022-12-21,103,LR462,370,
UN1_Ad_Mayfly_MB_2,KK2285,2022-07-17,KK AltEn 2022,Adult_Mayfly,Adult,Mayfly,UN1,UN1,UN1,2022-12-21,104,LR462,370,
UN1_Ad_Mayfly_MB_3,KK2286,2022-07-17,KK AltEn 2022,Adult_Mayfly,Adult,Mayfly,UN1,UN1,UN1,2022-12-21,105,LR462,370,
UN1_Ad_Mayfly_MB_4,KK2287,2022-07-17,KK AltEn 2022,Adult_Mayfly,Adult,Mayfly,UN1,UN1,UN1,2022-12-21,106,LR462,370,
UN1_Ad_Mayfly_MB_5,KK2288,2022-07-17,KK AltEn 2022,Adult_Mayfly,Adult,Mayfly,UN1,UN1,UN1,2022-12-21,107,LR462,370,
UN1_Ad_Mayfly_MB_6,KK2289,2022-07-17,KK AltEn 2022,Adult_Mayfly,Adult,Mayfly,UN1,UN1,UN1,2022-12-21,108,LR462,370,
SOYUP1_Araneid_MB_1,KK2290,2022-08-02,KK Soyoil 2022,Araneid,Spider,Araneid,SOY,SOYUP1,UP,2022-12-21,109,LR462,370,
SOYUP1_Araneid_MB_2,KK2291,2022-08-02,KK Soyoil 2022,Araneid,Spider,Araneid,SOY,SOYUP1,UP,2022-12-21,110,LR462,370,
SOYUP1_Araneid_MB_3,KK2292,2022-08-02,KK Soyoil 2022,Araneid,Spider,Araneid,SOY,SOYUP1,UP,2022-12-21,111,LR462,370,
SOYUP1_Araneid_MB_4,KK2293,2022-08-02,KK Soyoil 2022,Araneid,Spider,Araneid,SOY,SOYUP1,UP,2022-12-21,112,LR462,370,
SOYUP1_Araneid_MB_5,KK2294,2022-08-02,KK Soyoil 2022,Araneid,Spider,Araneid,SOY,SOYUP1,UP,2022-12-21,113,LR462,370,
SOYUP1_Araneid_MB_6,KK2295,2022-08-02,KK Soyoil 2022,Araneid,Spider,Araneid,SOY,SOYUP1,UP,2022-12-21,114,LR462,370,
SOYDWN1_Araneid_MB_1,KK2296,2022-08-01,KK Soyoil 2022,Araneid,Spider,Araneid,SOY,SOYDWN1,DWN,2022-12-21,115,LR462,370,
SOYDWN1_Araneid_MB_2,KK2297,2022-08-01,KK Soyoil 2022,Araneid,Spider,Araneid,SOY,SOYDWN1,DWN,2022-12-21,116,LR462,370,
SOYDWN1_Araneid_MB_3,KK2298,2022-08-01,KK Soyoil 2022,Araneid,Spider,Araneid,SOY,SOYDWN1,DWN,2022-12-21,117,LR462,370,
SOYDWN1_Araneid_MB_4,KK2299,2022-08-01,KK Soyoil 2022,Araneid,Spider,Araneid,SOY,SOYDWN1,DWN,2022-12-21,118,LR462,370,
SOYDWN1_Araneid_MB_5,KK2300,2022-08-01,KK Soyoil 2022,Araneid,Spider,Araneid,SOY,SOYDWN1,DWN,2022-12-21,119,LR462,370,
SOYDWN1_Araneid_MB_6,KK2301,2022-08-01,KK Soyoil 2022,Araneid,Spider,Araneid,SOY,SOYDWN1,DWN,2022-12-21,120,LR462,370,
JC1_Araneid_MB_1,KK2302,2022-07-20,KK AltEn 2022,Araneid,Spider,Araneid,JC1,JC1,JC1,2022-12-21,121,LR462,370,
JC1_Araneid_MB_2,KK2303,2022-07-20,KK AltEn 2022,Araneid,Spider,Araneid,JC1,JC1,JC1,2022-12-21,122,LR462,370,
JC1_Araneid_MB_3,KK2304,2022-07-20,KK AltEn 2022,Araneid,Spider,Araneid,JC1,JC1,JC1,2022-12-21,123,LR462,370,
JC1_Araneid_MB_4,KK2305,2022-07-20,KK AltEn 2022,Araneid,Spider,Araneid,JC1,JC1,JC1,2022-12-21,124,LR462,370,
JC2_Araneid_MB_1,KK2306,2022-07-19,KK AltEn 2022,Araneid,Spider,Araneid,JC2,JC2,JC2,2022-12-21,125,LR462,370,
JC2_Araneid_MB_2,KK2307,2022-07-19,KK AltEn 2022,Araneid,Spider,Araneid,JC2,JC2,JC2,2022-12-21,126,LR462,370,
JC2_Araneid_MB_3,KK2308,2022-07-19,KK AltEn 2022,Araneid,Spider,Araneid,JC2,JC2,JC2,2022-12-21,127,LR462,370,
JC2_Araneid_MB_4,KK2309,2022-07-19,KK AltEn 2022,Araneid,Spider,Araneid,JC2,JC2,JC2,2022-12-21,128,LR462,370,
JC2_Araneid_MB_5,KK2310,2022-07-19,KK AltEn 2022,Araneid,Spider,Araneid,JC2,JC2,JC2,2022-12-21,129,LR462,370,
JC2_Araneid_MB_6,KK2311,2022-07-19,KK AltEn 2022,Araneid,Spider,Araneid,JC2,JC2,JC2,2022-12-21,130,LR462,370,
JC3_Araneid_MB_1,KK2312,2022-07-18,KK AltEn 2022,Araneid,Spider,Araneid,JC3,JC3,JC3,2022-12-21,131,LR462,370,
JC3_Araneid_MB_2,KK2313,2022-07-18,KK AltEn 2022,Araneid,Spider,Araneid,JC3,JC3,JC3,2022-12-21,132,LR462,370,
JC3_Araneid_MB_3,KK2314,2022-07-18,KK AltEn 2022,Araneid,Spider,Araneid,JC3,JC3,JC3,2022-12-21,133,LR462,370,
JC3_Araneid_MB_4,KK2315,2022-07-18,KK AltEn 2022,Araneid,Spider,Araneid,JC3,JC3,JC3,2022-12-21,134,LR462,370,
JC3_Araneid_MB_5,KK2316,2022-07-18,KK AltEn 2022,Araneid,Spider,Araneid,JC3,JC3,JC3,2022-12-21,135,LR462,370,
JC3_Araneid_MB_6,KK2317,2022-07-18,KK AltEn 2022,Araneid,Spider,Araneid,JC3,JC3,JC3,2022-12-21,136,LR462,370,
JC1_Araneid_MB_5,KK2318,2022-07-20,KK AltEn 2022,Araneid,Spider,Araneid,JC1,JC1,JC1,2022-12-21,137,LR462,370,
UN1_Araneid_MB_1,KK2319,2022-07-20,KK AltEn 2022,Araneid,Spider,Araneid,UN1,UN1,UN1,2022-12-21,138,LR462,370,
UN1_Araneid_MB_2,KK2320,2022-07-20,KK AltEn 2022,Araneid,Spider,Araneid,UN1,UN1,UN1,2022-12-21,139,LR462,370,
UN1_Araneid_MB_3,KK2321,2022-07-20,KK AltEn 2022,Araneid,Spider,Araneid,UN1,UN1,UN1,2022-12-21,140,LR462,370,
UN1_Araneid_MB_4,KK2322,2022-07-20,KK AltEn 2022,Araneid,Spider,Araneid,UN1,UN1,UN1,2022-12-21,141,LR462,370,
UN1_Araneid_MB_5,KK2323,2022-07-21,KK AltEn 2023,Araneid,Spider,Araneid,UN1,UN1,UN1,2022-12-21,142,LR462,370,
SOYUP1_Lar_Caddis_  MB_1,KK2324,2022-08-02,KK Soyoil 2022,Larvae_Caddis,Larvae,Caddis,SOY,SOYUP1,UP,2022-12-21,143,LR462,370,
SOYUP1_Lar_Caddis_  MB_2,KK2325,2022-08-02,KK Soyoil 2022,Larvae_Caddis,Larvae,Caddis,SOY,SOYUP1,UP,2022-12-21,144,LR462,370,
SOYUP1_Lar_Caddis_  MB_3,KK2326,2022-08-02,KK Soyoil 2022,Larvae_Caddis,Larvae,Caddis,SOY,SOYUP1,UP,2022-12-21,145,LR462,370,
SOYUP1_Lar_Caddis_  MB_4,KK2327,2022-08-02,KK Soyoil 2022,Larvae_Caddis,Larvae,Caddis,SOY,SOYUP1,UP,2022-12-21,146,LR462,370,
SOYUP1_Lar_Caddis_  MB_5,KK2328,2022-08-02,KK Soyoil 2022,Larvae_Caddis,Larvae,Caddis,SOY,SOYUP1,UP,2022-12-21,147,LR462,370,
SOYUP1_Lar_Caddis_  MB_6,KK2329,2022-08-02,KK Soyoil 2022,Larvae_Caddis,Larvae,Caddis,SOY,SOYUP1,UP,2022-12-21,148,LR462,370,
SOYDWN1_Lar_Caddis_  MB_1,KK2330,2022-08-01,KK Soyoil 2022,Larvae_Caddis,Larvae,Caddis,SOY,SOYDWN1,DWN,2022-12-21,149,LR462,370,
SOYDWN1_Lar_Caddis_  MB_2,KK2331,2022-08-01,KK Soyoil 2022,Larvae_Caddis,Larvae,Caddis,SOY,SOYDWN1,DWN,2022-12-21,150,LR462,370,
SOYDWN1_Lar_Caddis_  MB_3,KK2332,2022-08-01,KK Soyoil 2022,Larvae_Caddis,Larvae,Caddis,SOY,SOYDWN1,DWN,2022-12-21,151,LR462,370,
SOYDWN1_Lar_Caddis_  MB_4,KK2333,2022-08-01,KK Soyoil 2022,Larvae_Caddis,Larvae,Caddis,SOY,SOYDWN1,DWN,2022-12-21,152,LR462,370,
SOYDWN1_Lar_Caddis_  MB_5,KK2334,2022-08-01,KK Soyoil 2022,Larvae_Caddis,Larvae,Caddis,SOY,SOYDWN1,DWN,2022-12-21,153,LR463,372,
SOYDWN1_Lar_Caddis_  MB_6,KK2335,2022-08-01,KK Soyoil 2022,Larvae_Caddis,Larvae,Caddis,SOY,SOYDWN1,DWN,2022-12-21,154,LR463,372,
JC1_Lar_Caddis_MB_1,KK2336,2022-07-20,KK AltEn 2022,Larvae_Caddis,Larvae,Caddis,JC1,JC1,JC1,2022-12-21,155,LR463,372,
JC1_Lar_Caddis_MB_2,KK2337,2022-07-20,KK AltEn 2022,Larvae_Caddis,Larvae,Caddis,JC1,JC1,JC1,2022-12-21,156,LR463,372,
JC1_Lar_Caddis_MB_3,KK2338,2022-07-20,KK AltEn 2022,Larvae_Caddis,Larvae,Caddis,JC1,JC1,JC1,2022-12-21,157,LR463,372,
JC1_Lar_Caddis_MB_4,KK2339,2022-07-20,KK AltEn 2022,Larvae_Caddis,Larvae,Caddis,JC1,JC1,JC1,2022-12-21,158,LR463,372,
JC1_Lar_Caddis_MB_5,KK2340,2022-07-20,KK AltEn 2022,Larvae_Caddis,Larvae,Caddis,JC1,JC1,JC1,2022-12-21,159,LR463,372,
SOYUP1_Lar_Chiro_MB_1 ,KK2341,2022-08-02,KK Soyoil 2022,Larvae_Chironomidae,Larvae,Chironomidae,SOY,SOYUP1,UP,2022-12-21,161,LR463,372,
SOYUP1_Lar_Chiro_MB_2,KK2342,2022-08-02,KK Soyoil 2022,Larvae_Chironomidae,Larvae,Chironomidae,SOY,SOYUP1,UP,2022-12-21,162,LR463,372,
SOYUP1_Lar_Chiro_MB_3,KK2343,2022-08-02,KK Soyoil 2022,Larvae_Chironomidae,Larvae,Chironomidae,SOY,SOYUP1,UP,2022-12-21,163,LR463,372,
SOYUP1_Lar_Chiro_MB_4,KK2344,2022-08-02,KK Soyoil 2022,Larvae_Chironomidae,Larvae,Chironomidae,SOY,SOYUP1,UP,2022-12-21,164,LR463,372,
SOYUP1_Lar_Chiro_MB_5,KK2345,2022-08-02,KK Soyoil 2022,Larvae_Chironomidae,Larvae,Chironomidae,SOY,SOYUP1,UP,2022-12-21,165,LR463,372,
SOYUP1_Lar_Chiro_MB_6,KK2346,2022-08-02,KK Soyoil 2022,Larvae_Chironomidae,Larvae,Chironomidae,SOY,SOYUP1,UP,2022-12-21,166,LR463,372,
SOYDWN1_Lar_Chiro_MB_1 ,KK2347,2022-08-01,KK Soyoil 2022,Larvae_Chironomidae,Larvae,Chironomidae,SOY,SOYDWN1,DWN,2022-12-21,167,LR463,372,
SOYDWN1_Lar_Chiro_MB_2,KK2348,2022-08-01,KK Soyoil 2022,Larvae_Chironomidae,Larvae,Chironomidae,SOY,SOYDWN1,DWN,2022-12-21,168,LR463,372,
SOYDWN1_Lar_Chiro_MB_3,KK2349,2022-08-01,KK Soyoil 2022,Larvae_Chironomidae,Larvae,Chironomidae,SOY,SOYDWN1,DWN,2022-12-21,169,LR463,372,
SOYDWN1_Lar_Chiro_MB_4,KK2350,2022-08-01,KK Soyoil 2022,Larvae_Chironomidae,Larvae,Chironomidae,SOY,SOYDWN1,DWN,2022-12-21,170,LR463,372,
SOYDWN1_Lar_Chiro_MB_5,KK2351,2022-08-01,KK Soyoil 2022,Larvae_Chironomidae,Larvae,Chironomidae,SOY,SOYDWN1,DWN,2022-12-21,171,LR463,372,
SOYDWN1_Lar_Chiro_MB_6,KK2352,2022-08-01,KK Soyoil 2022,Larvae_Chironomidae,Larvae,Chironomidae,SOY,SOYDWN1,DWN,2022-12-21,172,LR463,372,
JC1_Lar_Chiro_MB_1,KK2353,2022-07-20,KK AltEn 2022,Larvae_Chironomidae,Larvae,Chironomidae,JC1,JC1,JC1,2022-12-21,173,LR463,372,
JC1_Lar_Chiro_MB_2,KK2354,2022-07-20,KK AltEn 2022,Larvae_Chironomidae,Larvae,Chironomidae,JC1,JC1,JC1,2022-12-21,174,LR463,372,
JC1_Lar_Chiro_MB_3,KK2355,2022-07-20,KK AltEn 2022,Larvae_Chironomidae,Larvae,Chironomidae,JC1,JC1,JC1,2022-12-21,175,LR463,372,
JC1_Lar_Chiro_MB_4,KK2356,2022-07-20,KK AltEn 2022,Larvae_Chironomidae,Larvae,Chironomidae,JC1,JC1,JC1,2022-12-21,176,LR463,372,
JC1_Lar_Chiro_MB_5,KK2357,2022-07-20,KK AltEn 2022,Larvae_Chironomidae,Larvae,Chironomidae,JC1,JC1,JC1,2022-12-21,177,LR463,372,
JC1_Lar_Chiro_MB_6,KK2358,2022-07-20,KK AltEn 2022,Larvae_Chironomidae,Larvae,Chironomidae,JC1,JC1,JC1,2022-12-21,178,LR463,372,
JC2_Lar_Chiro_MB_1,KK2359,2022-07-19,KK AltEn 2022,Larvae_Chironomidae,Larvae,Chironomidae,JC2,JC2,JC2,2022-12-21,179,LR463,372,
JC2_Lar_Chiro_MB_2,KK2360,2022-07-19,KK AltEn 2022,Larvae_Chironomidae,Larvae,Chironomidae,JC2,JC2,JC2,2022-12-21,180,LR463,372,
JC2_Lar_Chiro_MB_3,KK2361,2022-07-19,KK AltEn 2022,Larvae_Chironomidae,Larvae,Chironomidae,JC2,JC2,JC2,2022-12-21,181,LR463,372,
JC2_Lar_Chiro_MB_4,KK2362,2022-07-19,KK AltEn 2022,Larvae_Chironomidae,Larvae,Chironomidae,JC2,JC2,JC2,2022-12-21,182,LR463,372,
JC2_Lar_Chiro_MB_5,KK2363,2022-07-19,KK AltEn 2022,Larvae_Chironomidae,Larvae,Chironomidae,JC2,JC2,JC2,2022-12-21,183,LR463,372,
JC2_Lar_Chiro_MB_6,KK2364,2022-07-19,KK AltEn 2022,Larvae_Chironomidae,Larvae,Chironomidae,JC2,JC2,JC2,2022-12-21,184,LR463,372,
JC3_Lar_Chiro_MB_1,KK2365,2022-07-18,KK AltEn 2022,Larvae_Chironomidae,Larvae,Chironomidae,JC2,JC3,JC3,2022-12-21,185,LR463,372,
JC3_Lar_Chiro_MB_2,KK2366,2022-07-18,KK AltEn 2022,Larvae_Chironomidae,Larvae,Chironomidae,JC3,JC3,JC3,2022-12-21,186,LR463,372,
JC3_Lar_Chiro_MB_3,KK2367,2022-07-18,KK AltEn 2022,Larvae_Chironomidae,Larvae,Chironomidae,JC3,JC3,JC3,2022-12-21,187,LR463,372,
JC3_Lar_Chiro_MB_4,KK2368,2022-07-18,KK AltEn 2022,Larvae_Chironomidae,Larvae,Chironomidae,JC3,JC3,JC3,2022-12-21,188,LR463,372,
JC3_Lar_Chiro_MB_5,KK2369,2022-07-18,KK AltEn 2022,Larvae_Chironomidae,Larvae,Chironomidae,JC3,JC3,JC3,2022-12-21,189,LR463,372,
JC3_Lar_Chiro_MB_6,KK2370,2022-07-18,KK AltEn 2022,Larvae_Chironomidae,Larvae,Chironomidae,JC3,JC3,JC3,2022-12-21,190,LR463,372,
UN1_Lar_Chiro_MB_1,KK2371,2022-07-17,KK AltEn 2022,Larvae_Chironomidae,Larvae,Chironomidae,UN1,UN1,UN1,2022-12-21,191,LR463,372,
SOYUP1_Lar_Damselfly_MB_1 ,KK2372,2022-08-02,KK Soyoil 2022,Larvae_Damsel,Larvae,Damsel,SOY,SOYUP1,UP,2022-12-21,192,LR463,372,
SOYUP1_Lar_Damselfly_MB_2,KK2373,2022-08-02,KK Soyoil 2022,Larvae_Damsel,Larvae,Damsel,SOY,SOYUP1,UP,2022-12-21,193,LR463,372,
SOYUP1_Lar_Damselfly_MB_3,KK2374,2022-08-02,KK Soyoil 2022,Larvae_Damsel,Larvae,Damsel,SOY,SOYUP1,UP,2022-12-21,194,LR463,372,
SOYUP1_Lar_Damselfly_MB_4,KK2375,2022-08-02,KK Soyoil 2022,Larvae_Damsel,Larvae,Damsel,SOY,SOYUP1,UP,2022-12-21,195,LR463,372,
SOYUP1_Lar_Damselfly_MB_5,KK2376,2022-08-02,KK Soyoil 2022,Larvae_Damsel,Larvae,Damsel,SOY,SOYUP1,UP,2022-12-21,196,LR463,372,
SOYUP1_Lar_Damselfly_MB_6,KK2377,2022-08-02,KK Soyoil 2022,Larvae_Damsel,Larvae,Damsel,SOY,SOYUP1,UP,2022-12-21,197,LR463,372,
SOYDWN1_Lar_Damselfly_MB_1 ,KK2378,2022-08-01,KK Soyoil 2022,Larvae_Damsel,Larvae,Damsel,SOY,SOYDWN1,DWN,2022-12-21,198,LR463,372,
SOYDWN1_Lar_Damselfly_MB_2,KK2379,2022-08-01,KK Soyoil 2022,Larvae_Damsel,Larvae,Damsel,SOY,SOYDWN1,DWN,2022-12-21,199,LR463,372,
SOYDWN1_Lar_Damselfly_MB_3,KK2380,2022-08-01,KK Soyoil 2022,Larvae_Damsel,Larvae,Damsel,SOY,SOYDWN1,DWN,2022-12-21,200,LR463,372,
SOYDWN1_Lar_Damselfly_MB_4,KK2381,2022-08-01,KK Soyoil 2022,Larvae_Damsel,Larvae,Damsel,SOY,SOYDWN1,DWN,2022-12-21,201,LR463,372,
SOYDWN1_Lar_Damselfly_MB_5,KK2382,2022-08-01,KK Soyoil 2022,Larvae_Damsel,Larvae,Damsel,SOY,SOYDWN1,DWN,2022-12-21,202,LR463,372,
SOYDWN1_Lar_Damselfly_MB_6,KK2383,2022-08-01,KK Soyoil 2022,Larvae_Damsel,Larvae,Damsel,SOY,SOYDWN1,DWN,2022-12-21,203,LR463,372,
UN1_Lar_Damsel_MB_1,KK2384,2022-07-17,KK AltEn 2022,Larvae_Damsel,Larvae,Damsel,UN1,UN1,UN1,2022-12-21,204,LR463,372,
UN1_Lar_Damsel_MB_2,KK2385,2022-07-17,KK AltEn 2022,Larvae_Damsel,Larvae,Damsel,UN1,UN1,UN1,2022-12-21,205,LR463,372,
UN1_Lar_Damsel_MB_3,KK2386,2022-07-17,KK AltEn 2022,Larvae_Damsel,Larvae,Damsel,UN1,UN1,UN1,2022-12-21,206,LR463,372,
UN1_Lar_Damsel_MB_4,KK2387,2022-07-17,KK AltEn 2022,Larvae_Damsel,Larvae,Damsel,UN1,UN1,UN1,2022-12-21,207,LR463,372,
UN1_Lar_Damsel_MB_5,KK2388,2022-07-17,KK AltEn 2022,Larvae_Damsel,Larvae,Damsel,UN1,UN1,UN1,2022-12-21,208,LR463,372,
JC1_Lar_Damsel_MB_1,KK2389,2022-07-20,KK AltEn 2022,Larvae_Damsel,Larvae,Damsel,JC1,JC1,JC1,2022-12-21,210,LR463,372,
JC1_Lar_Damsel_MB_2,KK2390,2022-07-20,KK AltEn 2022,Larvae_Damsel,Larvae,Damsel,JC1,JC1,JC1,2022-12-21,211,LR463,372,
JC1_Lar_Damsel_MB_3,KK2391,2022-07-20,KK AltEn 2022,Larvae_Damsel,Larvae,Damsel,JC1,JC1,JC1,2022-12-21,212,LR463,372,
JC1_Lar_Damsel_MB_4,KK2392,2022-07-20,KK AltEn 2022,Larvae_Damsel,Larvae,Damsel,JC1,JC1,JC1,2022-12-21,213,LR463,372,
JC1_Lar_Damsel_MB_5,KK2393,2022-07-20,KK AltEn 2022,Larvae_Damsel,Larvae,Damsel,JC1,JC1,JC1,2022-12-21,214,LR463,372,
JC1_Lar_Damsel_MB_6,KK2394,2022-07-20,KK AltEn 2022,Larvae_Damsel,Larvae,Damsel,JC1,JC1,JC1,2022-12-21,215,LR463,372,
JC2_Lar_Damsel_MB_1,KK2395,2022-07-19,KK AltEn 2022,Larvae_Damsel,Larvae,Damsel,JC2,JC2,JC2,2022-12-21,216,LR463,372,
JC2_Lar_Damsel_MB_2,KK2396,2022-07-19,KK AltEn 2022,Larvae_Damsel,Larvae,Damsel,JC2,JC2,JC2,2022-12-21,217,LR463,372,
JC2_Lar_Damsel_MB_3,KK2397,2022-07-19,KK AltEn 2022,Larvae_Damsel,Larvae,Damsel,JC2,JC2,JC2,2022-12-21,218,LR463,372,
JC2_Lar_Damsel_MB_4,KK2398,2022-07-19,KK AltEn 2022,Larvae_Damsel,Larvae,Damsel,JC2,JC2,JC2,2022-12-21,219,LR463,372,
JC2_Lar_Damsel_MB_5,KK2399,2022-07-19,KK AltEn 2022,Larvae_Damsel,Larvae,Damsel,JC2,JC2,JC2,2022-12-21,220,LR463,372,
JC2_Lar_Damsel_MB_6,KK2400,2022-07-19,KK AltEn 2022,Larvae_Damsel,Larvae,Damsel,JC2,JC2,JC2,2022-12-21,221,LR463,372,
JC3_Lar_Damsel_MB_1,KK2401,2022-07-18,KK AltEn 2022,Larvae_Damsel,Larvae,Damsel,JC3,JC3,JC3,2022-12-21,222,LR463,372,
JC3_Lar_Damsel_MB_2,KK2402,2022-07-18,KK AltEn 2022,Larvae_Damsel,Larvae,Damsel,JC3,JC3,JC3,2022-12-21,223,LR463,372,
JC3_Lar_Damsel_MB_3,KK2403,2022-07-18,KK AltEn 2022,Larvae_Damsel,Larvae,Damsel,JC3,JC3,JC3,2022-12-21,224,LR463,372,
JC3_Lar_Damsel_MB_4,KK2404,2022-07-18,KK AltEn 2022,Larvae_Damsel,Larvae,Damsel,JC3,JC3,JC3,2022-12-21,225,LR463,372,
JC3_Lar_Damsel_MB_5,KK2405,2022-07-18,KK AltEn 2022,Larvae_Damsel,Larvae,Damsel,JC3,JC3,JC3,2022-12-21,226,LR463,372,
JC3_Lar_Damsel_MB_6,KK2406,2022-07-18,KK AltEn 2022,Larvae_Damsel,Larvae,Damsel,JC3,JC3,JC3,2022-12-21,227,LR463,372,
SOYUP1_Lar_Mayfly_   MB_1,KK2407,2022-08-02,KK Soyoil 2022,Larvae_Mayfly,Larvae,Mayfly,SOY,SOYUP1,UP,2022-12-21,228,LR463,372,
SOYUP1_Lar_Mayfly_   MB_2,KK2408,2022-08-02,KK Soyoil 2022,Larvae_Mayfly,Larvae,Mayfly,SOY,SOYUP1,UP,2022-12-21,229,LR463,372,
SOYUP1_Lar_Mayfly_   MB_3,KK2409,2022-08-02,KK Soyoil 2022,Larvae_Mayfly,Larvae,Mayfly,SOY,SOYUP1,UP,2022-12-21,230,LR463,372,
SOYUP1_Lar_Mayfly_   MB_4,KK2410,2022-08-02,KK Soyoil 2022,Larvae_Mayfly,Larvae,Mayfly,SOY,SOYUP1,UP,2022-12-21,231,LR463,372,
SOYUP1_Lar_Mayfly_   MB_5,KK2411,2022-08-02,KK Soyoil 2022,Larvae_Mayfly,Larvae,Mayfly,SOY,SOYUP1,UP,2022-12-21,232,LR463,372,
SOYUP1_Lar_Mayfly_   MB_6,KK2412,2022-08-02,KK Soyoil 2022,Larvae_Mayfly,Larvae,Mayfly,SOY,SOYUP1,UP,2022-12-21,233,LR463,372,
SOYDWN1_Lar_Mayfly_   MB_1,KK2413,2022-08-01,KK Soyoil 2022,Larvae_Mayfly,Larvae,Mayfly,SOY,SOYDWN1,DWN,2022-12-21,234,LR463,372,
SOYDWN1_Lar_Mayfly_   MB_2,KK2414,2022-08-01,KK Soyoil 2022,Larvae_Mayfly,Larvae,Mayfly,SOY,SOYDWN1,DWN,2022-12-21,235,LR463,372,
SOYDWN1_Lar_Mayfly_   MB_3,KK2415,2022-08-01,KK Soyoil 2022,Larvae_Mayfly,Larvae,Mayfly,SOY,SOYDWN1,DWN,2022-12-21,236,LR463,372,
SOYDWN1_Lar_Mayfly_   MB_4,KK2416,2022-08-01,KK Soyoil 2022,Larvae_Mayfly,Larvae,Mayfly,SOY,SOYDWN1,DWN,2022-12-21,237,LR463,372,
SOYDWN1_Lar_Mayfly_   MB_5,KK2417,2022-08-01,KK Soyoil 2022,Larvae_Mayfly,Larvae,Mayfly,SOY,SOYDWN1,DWN,2022-12-21,238,LR463,372,
SOYDWN1_Lar_Mayfly_   MB_6,KK2418,2022-08-01,KK Soyoil 2022,Larvae_Mayfly,Larvae,Mayfly,SOY,SOYDWN1,DWN,2022-12-21,239,LR463,372,
JC1_Lar_Mayfly_MB_1,KK2419,2022-07-20,KK AltEn 2022,Larvae_Mayfly,Larvae,Mayfly,JC1,JC1,JC1,2022-12-21,240,LR463,372,
JC1_Lar_Mayfly_MB_2,KK2420,2022-07-20,KK AltEn 2022,Larvae_Mayfly,Larvae,Mayfly,JC1,JC1,JC1,2022-12-21,241,LR463,372,
JC1_Lar_Mayfly_MB_3,KK2421,2022-07-20,KK AltEn 2022,Larvae_Mayfly,Larvae,Mayfly,JC1,JC1,JC1,2022-12-21,242,LR463,372,
JC1_Lar_Mayfly_MB_4,KK2422,2022-07-20,KK AltEn 2022,Larvae_Mayfly,Larvae,Mayfly,JC1,JC1,JC1,2022-12-21,243,LR463,372,
JC1_Lar_Mayfly_MB_5,KK2423,2022-07-20,KK AltEn 2022,Larvae_Mayfly,Larvae,Mayfly,JC1,JC1,JC1,2022-12-21,244,LR463,372,
JC1_Lar_Mayfly_MB_6,KK2424,2022-07-20,KK AltEn 2022,Larvae_Mayfly,Larvae,Mayfly,JC1,JC1,JC1,2022-12-21,245,LR463,372,
JC3_Lar_Mayfly_MB_1,KK2425,2022-07-18,KK AltEn 2022,Larvae_Mayfly,Larvae,Mayfly,JC3,JC3,JC3,2022-12-21,246,LR463,373,
JC3_Lar_Mayfly_MB_2,KK2426,2022-07-18,KK AltEn 2022,Larvae_Mayfly,Larvae,Mayfly,JC3,JC3,JC3,2022-12-21,247,LR463,373,
JC3_Lar_Mayfly_MB_3,KK2427,2022-07-18,KK AltEn 2022,Larvae_Mayfly,Larvae,Mayfly,JC3,JC3,JC3,2022-12-21,248,LR463,373,
JC3_Lar_Mayfly_MB_4,KK2428,2022-07-18,KK AltEn 2022,Larvae_Mayfly,Larvae,Mayfly,JC3,JC3,JC3,2022-12-21,249,LR463,373,
JC3_Lar_Mayfly_MB_5,KK2429,2022-07-18,KK AltEn 2022,Larvae_Mayfly,Larvae,Mayfly,JC3,JC3,JC3,2022-12-21,250,LR463,373,
JC3_Lar_Mayfly_MB_6,KK2430,2022-07-18,KK AltEn 2022,Larvae_Mayfly,Larvae,Mayfly,JC3,JC3,JC3,2022-12-21,251,LR463,373,
UN1_Lar_Mayfly_MB_1,KK2431,2022-07-17,KK AltEn 2022,Larvae_Mayfly,Larvae,Mayfly,UN1,UN1,UN1,2022-12-21,252,LR463,373,
UN1_Lar_Mayfly_MB_2,KK2432,2022-07-17,KK AltEn 2022,Larvae_Mayfly,Larvae,Mayfly,UN1,UN1,UN1,2022-12-21,253,LR463,373,
UN1_Lar_Mayfly_MB_3,KK2433,2022-07-17,KK AltEn 2022,Larvae_Mayfly,Larvae,Mayfly,UN1,UN1,UN1,2022-12-21,254,LR463,373,
UN1_Lar_Mayfly_MB_4,KK2434,2022-07-17,KK AltEn 2022,Larvae_Mayfly,Larvae,Mayfly,UN1,UN1,UN1,2022-12-21,255,LR463,373,
UN1_Lar_Mayfly_MB_5,KK2435,2022-07-17,KK AltEn 2022,Larvae_Mayfly,Larvae,Mayfly,UN1,UN1,UN1,2022-12-21,256,LR463,373,
UN1_Lar_Mayfly_MB_6,KK2436,2022-07-17,KK AltEn 2022,Larvae_Mayfly,Larvae,Mayfly,UN1,UN1,UN1,2022-12-21,257,LR463,373,
SOYUP1_Tetragnatha_MB_1,KK2437,2022-08-02,KK Soyoil 2022,Tetragnatha,Spider,Tetragnatha,SOY,SOYUP1,UP,2022-12-21,258,LR463,373,
SOYUP1_Tetragnatha_MB_2,KK2438,2022-08-02,KK Soyoil 2022,Tetragnatha,Spider,Tetragnatha,SOY,SOYUP1,UP,2022-12-21,259,LR463,373,
SOYUP1_Tetragnatha_MB_3,KK2439,2022-08-02,KK Soyoil 2022,Tetragnatha,Spider,Tetragnatha,SOY,SOYUP1,UP,2022-12-21,260,LR463,373,
SOYUP1_Tetragnatha_MB_4,KK2440,2022-08-02,KK Soyoil 2022,Tetragnatha,Spider,Tetragnatha,SOY,SOYUP1,UP,2022-12-21,261,LR463,373,
SOYUP1_Tetragnatha_MB_5,KK2441,2022-08-02,KK Soyoil 2022,Tetragnatha,Spider,Tetragnatha,SOY,SOYUP1,UP,2022-12-21,262,LR463,373,
SOYUP1_Tetragnatha_MB_6,KK2442,2022-08-02,KK Soyoil 2022,Tetragnatha,Spider,Tetragnatha,SOY,SOYUP1,UP,2022-12-21,263,LR463,373,
SOYDWN1_Tetragnatha_MB_1,KK2443,2022-08-01,KK Soyoil 2022,Tetragnatha,Spider,Tetragnatha,SOY,SOYDWN1,DWN,2022-12-21,264,LR463,373,
SOYDWN1_Tetragnatha_MB_2,KK2444,2022-08-01,KK Soyoil 2022,Tetragnatha,Spider,Tetragnatha,SOY,SOYDWN1,DWN,2022-12-21,265,LR463,373,
SOYDWN1_Tetragnatha_MB_3,KK2445,2022-08-01,KK Soyoil 2022,Tetragnatha,Spider,Tetragnatha,SOY,SOYDWN1,DWN,2022-12-21,266,LR463,373,
SOYDWN1_Tetragnatha_MB_4,KK2446,2022-08-01,KK Soyoil 2022,Tetragnatha,Spider,Tetragnatha,SOY,SOYDWN1,DWN,2022-12-21,267,LR463,373,
SOYDWN1_Tetragnatha_MB_5,KK2447,2022-08-01,KK Soyoil 2022,Tetragnatha,Spider,Tetragnatha,SOY,SOYDWN1,DWN,2022-12-21,268,LR463,373,
SOYDWN1_Tetragnatha_MB_6,KK2448,2022-08-01,KK Soyoil 2022,Tetragnatha,Spider,Tetragnatha,SOY,SOYDWN1,DWN,2022-12-21,269,LR463,373,
JC1_Tetragnatha_MB_1,KK2449,2022-07-20,KK AltEn 2022,Tetragnatha,Spider,Tetragnatha,JC1,JC1,JC1,2022-12-21,270,LR463,373,
JC1_Tetragnatha_MB_2,KK2450,2022-07-20,KK AltEn 2022,Tetragnatha,Spider,Tetragnatha,JC1,JC1,JC1,2022-12-21,271,LR463,373,
JC1_Tetragnatha_MB_3,KK2451,2022-07-20,KK AltEn 2022,Tetragnatha,Spider,Tetragnatha,JC1,JC1,JC1,2022-12-21,272,LR463,373,
JC1_Tetragnatha_MB_4,KK2452,2022-07-20,KK AltEn 2022,Tetragnatha,Spider,Tetragnatha,JC1,JC1,JC1,2022-12-21,273,LR463,373,
JC1_Tetragnatha_MB_5,KK2453,2022-07-20,KK AltEn 2022,Tetragnatha,Spider,Tetragnatha,JC1,JC1,JC1,2022-12-21,274,LR463,373,
JC1_Tetragnatha_MB_6,KK2454,2022-07-20,KK AltEn 2022,Tetragnatha,Spider,Tetragnatha,JC1,JC1,JC1,2022-12-21,275,LR463,373,
JC2_Tetragnatha_MB_1,KK2455,2022-07-19,KK AltEn 2022,Tetragnatha,Spider,Tetragnatha,JC2,JC2,JC2,2022-12-21,276,LR463,373,
JC2_Tetragnatha_MB_2,KK2456,2022-07-19,KK AltEn 2022,Tetragnatha,Spider,Tetragnatha,JC2,JC2,JC2,2022-12-21,277,LR463,373,
JC2_Tetragnatha_MB_3,KK2457,2022-07-19,KK AltEn 2022,Tetragnatha,Spider,Tetragnatha,JC2,JC2,JC2,2022-12-21,278,LR463,373,
JC2_Tetragnatha_MB_4,KK2458,2022-07-19,KK AltEn 2022,Tetragnatha,Spider,Tetragnatha,JC2,JC2,JC2,2022-12-21,279,LR463,373,
JC2_Tetragnatha_MB_5,KK2459,2022-07-19,KK AltEn 2022,Tetragnatha,Spider,Tetragnatha,JC2,JC2,JC2,2022-12-21,280,LR463,373,
JC2_Tetragnatha_MB_6,KK2460,2022-07-19,KK AltEn 2022,Tetragnatha,Spider,Tetragnatha,JC2,JC2,JC2,2022-12-21,281,LR463,373,
JC3_Tetragnatha_MB_1,KK2461,2022-07-18,KK AltEn 2022,Tetragnatha,Spider,Tetragnatha,JC2,JC3,JC3,2022-12-21,282,LR463,373,
JC3_Tetragnatha_MB_2,KK2462,2022-07-18,KK AltEn 2022,Tetragnatha,Spider,Tetragnatha,JC3,JC3,JC3,2022-12-21,283,LR463,373,
JC3_Tetragnatha_MB_3,KK2463,2022-07-18,KK AltEn 2022,Tetragnatha,Spider,Tetragnatha,JC3,JC3,JC3,2022-12-21,284,LR463,373,
JC3_Tetragnatha_MB_4,KK2464,2022-07-18,KK AltEn 2022,Tetragnatha,Spider,Tetragnatha,JC3,JC3,JC3,2022-12-21,285,LR463,373,
JC3_Tetragnatha_MB_5,KK2465,2022-07-18,KK AltEn 2022,Tetragnatha,Spider,Tetragnatha,JC3,JC3,JC3,2022-12-21,286,LR463,373,
JC3_Tetragnatha_MB_6,KK2466,2022-07-18,KK AltEn 2022,Tetragnatha,Spider,Tetragnatha,JC3,JC3,JC3,2022-12-21,287,LR463,373,
UN1_Tetragnatha_MB_1,KK2467,2022-07-17,KK AltEn 2022,Tetragnatha,Spider,Tetragnatha,UN1,UN1,UN1,2022-12-21,288,LR463,373,
UN1_Tetragnatha_MB_2,KK2468,2022-07-17,KK AltEn 2022,Tetragnatha,Spider,Tetragnatha,UN1,UN1,UN1,2022-12-21,289,LR463,373,
UN1_Tetragnatha_MB_3,KK2469,2022-07-17,KK AltEn 2022,Tetragnatha,Spider,Tetragnatha,UN1,UN1,UN1,2022-12-21,290,LR463,373,
UN1_Tetragnatha_MB_4,KK2470,2022-07-17,KK AltEn 2022,Tetragnatha,Spider,Tetragnatha,UN1,UN1,UN1,2022-12-21,291,LR463,373,
UN1_Tetragnatha_MB_5,KK2471,2022-07-17,KK AltEn 2022,Tetragnatha,Spider,Tetragnatha,UN1,UN1,UN1,2022-12-21,292,LR463,373,
UN1_Tetragnatha_MB_6,KK2472,2022-07-17,KK AltEn 2022,Tetragnatha,Spider,Tetragnatha,UN1,UN1,UN1,2022-12-21,293,LR463,373,
SOYUP1_MBDI_RINSE_MB_1,KK2473,2022-08-02,KK Soyoil 2022,MBDI_RINSE,MBDI,RINSE,SOY,SOYUP1,UP,2022-12-21,294,LR463,373,
SOYUP1_MBDI_RINSE_MB_2,KK2474,2022-08-02,KK Soyoil 2022,MBDI_RINSE,MBDI,RINSE,SOY,SOYUP1,UP,2022-12-21,295,LR463,373,
SOYUP1_SHEET_BLANK_MB_1,KK2475,2022-08-02,KK Soyoil 2022,SHEET_BLANK,SHEET,BLANK,SOY,SOYUP1,UP,2022-12-21,296,LR463,373,
SOYUP1_SHEET_BLANK_MB_2,KK2476,2022-08-02,KK Soyoil 2022,SHEET_BLANK,SHEET,BLANK,SOY,SOYUP1,UP,2022-12-21,297,LR463,373,
JC1_DI_RINSE_MB_1,KK2477,2022-07-20,KK AltEn 2022,MBDI_RINSE,MBDI,RINSE,JC1,JC1,JC1,2022-12-21,298,LR463,373,
JC1_DI_RINSE_MB_2,KK2478,2022-07-20,KK AltEn 2022,MBDI_RINSE,MBDI,RINSE,JC1,JC1,JC1,2022-12-21,299,LR463,373,
JC1_SHEET_BLANK_MB_1,KK2479,2022-07-20,KK AltEn 2022,SHEET_BLANK,SHEET,BLANK,JC1,JC1,JC1,2022-12-21,300,LR463,373,
JC1_SHEET_BLANK_MB_2,KK2480,2022-07-20,KK AltEn 2022,SHEET_BLANK,SHEET,BLANK,JC1,JC1,JC1,2022-12-21,301,LR463,373,
JC2_Lar_Mayfly_MB_1,KK2481,2022-07-19,KK AltEn 2022,Larvae_Mayfly,Larvae,Mayfly,JC2,JC2,JC2,2022-12-21,160,LR463,373,
JC2_Lar_Mayfly_MB_2,KK2482,2022-07-19,KK AltEn 2022,Larvae_Mayfly,Larvae,Mayfly,JC2,JC2,JC2,2022-12-21,209,LR463,373,
JC2_Lar_Mayfly_MB_3,KK2483,2022-07-19,KK AltEn 2022,Larvae_Mayfly,Larvae,Mayfly,JC2,JC2,JC2,2022-12-21,687,LR463,373,
JC2_Lar_Mayfly_MB_4,KK2484,2022-07-19,KK AltEn 2022,Larvae_Mayfly,Larvae,Mayfly,JC2,JC2,JC2,2022-12-21,688,LR463,373,
JC2_Lar_Mayfly_MB_5,KK2485,2022-07-19,KK AltEn 2022,Larvae_Mayfly,Larvae,Mayfly,JC2,JC2,JC2,2022-12-21,689,LR463,373,
JC2_Lar_Mayfly_MB_6,KK2486,2022-07-19,KK AltEn 2022,Larvae_Mayfly,Larvae,Mayfly,JC2,JC2,JC2,2022-12-21,690,LR463,373,
WAT_DWN3_Ad_Caddis_MB_1,KK2487,2022-08-18,Grand River T3 2022,Adult_Hydropsychidae,Adult,Hydropsychidae,WAT,WAT_DWN,DWN,2022-12-21,Tube number: 302,LR463,373,
WAT_DWN3_Ad_Caddis_MB_2,KK2488,2022-08-18,Grand River T3 2022,Adult_Hydropsychidae,Adult,Hydropsychidae,WAT,WAT_DWN,DWN,2022-12-21,303,LR463,373,
WAT_DWN3_Ad_Caddis_MB_3,KK2489,2022-08-18,Grand River T3 2022,Adult_Hydropsychidae,Adult,Hydropsychidae,WAT,WAT_DWN,DWN,2022-12-21,304,LR463,373,
WAT_DWN3_Ad_Caddis_MB_4,KK2490,2022-08-18,Grand River T3 2022,Adult_Hydropsychidae,Adult,Hydropsychidae,WAT,WAT_DWN,DWN,2022-12-21,305,LR463,373,
WAT_DWN3_Ad_Caddis_MB_5,KK2491,2022-08-18,Grand River T3 2022,Adult_Hydropsychidae,Adult,Hydropsychidae,WAT,WAT_DWN,DWN,2022-12-21,306,LR463,373,
WAT_DWN3_Ad_Caddis_MB_6,KK2492,2022-08-18,Grand River T3 2022,Adult_Hydropsychidae,Adult,Hydropsychidae,WAT,WAT_DWN,DWN,2022-12-21,307,LR463,373,
WAT_UP3_Ad_Caddis_MB_1,KK2493,2022-08-18,Grand River T3 2022,Adult_Hydropsychidae,Adult,Hydropsychidae,WAT,WAT_UP,UP,2022-12-21,308,LR463,373,
WAT_UP3_Ad_Caddis_MB_3,KK2494,2022-08-18,Grand River T3 2022,Adult_Hydropsychidae,Adult,Hydropsychidae,WAT,WAT_UP,UP,2022-12-21,309,LR463,373,
WAT_UP3_Ad_Caddis_MB_4,KK2495,2022-08-18,Grand River T3 2022,Adult_Hydropsychidae,Adult,Hydropsychidae,WAT,WAT_UP,UP,2022-12-21,310,LR463,373,
WAT_UP3_Ad_Caddis_MB_5,KK2496,2022-08-18,Grand River T3 2022,Adult_Hydropsychidae,Adult,Hydropsychidae,WAT,WAT_UP,UP,2022-12-21,311,LR463,373,
WAT_UP3_Ad_Caddis_MB_7,KK2497,2022-08-18,Grand River T3 2022,Adult_Hydropsychidae,Adult,Hydropsychidae,WAT,WAT_UP,UP,2022-12-21,312,LR463,373,
HESP_UP3_Ad_Caddis_MB_1,KK2498,2022-08-17,Grand River T3 2022,Adult_Hydropsychidae,Adult,Hydropsychidae,HESP,HESP_UP,UP,2022-12-21,313,LR463,373,
HESP_UP3_Ad_Caddis_MB_2,KK2499,2022-08-17,Grand River T3 2022,Adult_Hydropsychidae,Adult,Hydropsychidae,HESP,HESP_UP,UP,2022-12-21,314,LR463,373,
HESP_UP3_Ad_Caddis_MB_3,KK2500,2022-08-17,Grand River T3 2022,Adult_Hydropsychidae,Adult,Hydropsychidae,HESP,HESP_UP,UP,2022-12-21,315,LR463,373,
HESP_UP3_Ad_Caddis_MB_5,KK2501,2022-08-17,Grand River T3 2022,Adult_Hydropsychidae,Adult,Hydropsychidae,HESP,HESP_UP,UP,2022-12-21,316,LR463,373,
HESP_UP3_Ad_Caddis_MB_6,KK2502,2022-08-17,Grand River T3 2022,Adult_Hydropsychidae,Adult,Hydropsychidae,HESP,HESP_UP,UP,2022-12-21,317,LR463,373,
HESP_UP3_Ad_Caddis_MB_7,KK2503,2022-08-17,Grand River T3 2022,Adult_Hydropsychidae,Adult,Hydropsychidae,HESP,HESP_UP,UP,2022-12-21,318,LR463,373,
HESP_DWN3_Ad_Caddis_MB_2,KK2504,2022-08-17,Grand River T3 2022,Adult_Hydropsychidae,Adult,Hydropsychidae,HESP,HESP_DWN,DWN,2022-12-21,319,LR463,373,
HESP_DWN3_Ad_Caddis_MB_5,KK2505,2022-08-17,Grand River T3 2022,Adult_Hydropsychidae,Adult,Hydropsychidae,HESP,HESP_DWN,DWN,2022-12-21,320,LR463,373,
HESP_DWN3_Ad_Caddis_MB_8,KK2506,2022-08-17,Grand River T3 2022,Adult_Hydropsychidae,Adult,Hydropsychidae,HESP,HESP_DWN,DWN,2022-12-21,321,LR463,373,
KIT_DWN3_Ad_Caddis_MB_1,KK2507,2022-08-23,Grand River T3 2022,Adult_Hydropsychidae,Adult,Hydropsychidae,KIT,KIT_DWN,DWN,2022-12-21,322,LR463,373,
KIT_DWN3_Ad_Caddis_MB_5,KK2508,2022-08-23,Grand River T3 2022,Adult_Hydropsychidae,Adult,Hydropsychidae,KIT,KIT_DWN,DWN,2022-12-21,323,LR463,373,
KIT_DWN3_Ad_Caddis_MB_6,KK2509,2022-08-23,Grand River T3 2022,Adult_Hydropsychidae,Adult,Hydropsychidae,KIT,KIT_DWN,DWN,2022-12-21,324,LR463,373,
KIT_DWN3_Ad_Caddis_MB_7,KK2510,2022-08-23,Grand River T3 2022,Adult_Hydropsychidae,Adult,Hydropsychidae,KIT,KIT_DWN,DWN,2022-12-21,325,LR463,373,
KIT_DWN3_Ad_Caddis_MB_8,KK2511,2022-08-23,Grand River T3 2022,Adult_Hydropsychidae,Adult,Hydropsychidae,KIT,KIT_DWN,DWN,2022-12-21,326,LR463,373,
CAL_UP3_Ad_Caddis2_MB_4,KK2512,2022-07-16,Grand River T3 2022,Adult_Hydropsychidae,Adult,Hydropsychidae,CAL,CAL_UP,UP,2022-12-21,327,LR463,373,
CAL_UP3_Ad_Caddis_MB_1,KK2513,2022-07-16,Grand River T3 2022,Adult_Hydropsychidae,Adult,Hydropsychidae,CAL,CAL_UP,UP,2022-12-21,328,LR463,373,
CAL_UP3_Ad_Caddis_MB_3,KK2514,2022-07-16,Grand River T3 2022,Adult_Hydropsychidae,Adult,Hydropsychidae,CAL,CAL_UP,UP,2022-12-21,329,LR463,373,
CAL_UP3_Ad_Caddis_MB_6,KK2515,2022-07-16,Grand River T3 2022,Adult_Hydropsychidae,Adult,Hydropsychidae,CAL,CAL_UP,UP,2022-12-21,330,LR463,373,
CAL_UP3_Ad_Caddis_MB_7,KK2516,2022-07-16,Grand River T3 2022,Adult_Hydropsychidae,Adult,Hydropsychidae,CAL,CAL_UP,UP,2022-12-21,331,LR464,374,
CAL_UP3_Ad_Caddis_MB_9,KK2517,2022-07-16,Grand River T3 2022,Adult_Hydropsychidae,Adult,Hydropsychidae,CAL,CAL_UP,UP,2022-12-21,332,LR464,374,
CAL_DWN3_Ad_Caddis_MB_1,KK2518,2022-07-15,Grand River T3 2022,Adult_Hydropsychidae,Adult,Hydropsychidae,CAL,CAL_DWN,DWN,2022-12-21,333,LR464,374,
CAL_DWN3_Ad_Caddis_MB_2,KK2519,2022-07-15,Grand River T3 2022,Adult_Hydropsychidae,Adult,Hydropsychidae,CAL,CAL_DWN,DWN,2022-12-21,334,LR464,374,
CAL_DWN3_Ad_Caddis_MB_3,KK2520,2022-07-15,Grand River T3 2022,Adult_Hydropsychidae,Adult,Hydropsychidae,CAL,CAL_DWN,DWN,2022-12-21,335,LR464,374,
CAL_DWN3_Ad_Caddis_MB_4,KK2521,2022-07-15,Grand River T3 2022,Adult_Hydropsychidae,Adult,Hydropsychidae,CAL,CAL_DWN,DWN,2022-12-21,336,LR464,374,
CAL_DWN3_Ad_Caddis_MB_5,KK2522,2022-07-15,Grand River T3 2022,Adult_Hydropsychidae,Adult,Hydropsychidae,CAL,CAL_DWN,DWN,2022-12-21,337,LR464,374,
CAL_DWN3_Ad_Caddis_MB_6,KK2523,2022-07-15,Grand River T3 2022,Adult_Hydropsychidae,Adult,Hydropsychidae,CAL,CAL_DWN,DWN,2022-12-21,338,LR464,374,
KIT_UP3_Ad_Caddis_MB_1,KK2524,2022-08-24,Grand River T3 2022,Adult_Hydropsychidae,Adult,Hydropsychidae,KIT,KIT_UP,UP,2022-12-21,339,LR464,374,
KIT_UP3_Ad_Caddis_MB_2,KK2525,2022-08-24,Grand River T3 2022,Adult_Hydropsychidae,Adult,Hydropsychidae,KIT,KIT_UP,UP,2022-12-21,340,LR464,374,
KIT_UP3_Ad_Caddis_MB_3,KK2526,2022-08-24,Grand River T3 2022,Adult_Hydropsychidae,Adult,Hydropsychidae,KIT,KIT_UP,UP,2022-12-21,341,LR464,374,
KIT_UP3_Ad_Caddis_MB_4,KK2527,2022-08-24,Grand River T3 2022,Adult_Hydropsychidae,Adult,Hydropsychidae,KIT,KIT_UP,UP,2022-12-21,342,LR464,374,
KIT_UP3_Ad_Caddis_MB_5,KK2528,2022-08-24,Grand River T3 2022,Adult_Hydropsychidae,Adult,Hydropsychidae,KIT,KIT_UP,UP,2022-12-21,343,LR464,374,
KIT_UP3_Ad_Caddis_MB_6,KK2529,2022-08-24,Grand River T3 2022,Adult_Hydropsychidae,Adult,Hydropsychidae,KIT,KIT_UP,UP,2022-12-21,344,LR464,374,
WAT_DWN3_Ad_Chiro_MB_1,KK2530,2022-08-18,Grand River T3 2022,Adult_Chironomidae,Adult,Chironomidae,WAT,WAT_DWN,DWN,2022-12-21,345,LR464,374,
WAT_DWN3_Ad_Chiro_MB_2,KK2531,2022-08-18,Grand River T3 2022,Adult_Chironomidae,Adult,Chironomidae,WAT,WAT_DWN,DWN,2022-12-21,346,LR464,374,
WAT_DWN3_Ad_Chiro_MB_3,KK2532,2022-08-18,Grand River T3 2022,Adult_Chironomidae,Adult,Chironomidae,WAT,WAT_DWN,DWN,2022-12-21,347,LR464,374,
WAT_DWN3_Ad_Chiro_MB_4,KK2533,2022-08-18,Grand River T3 2022,Adult_Chironomidae,Adult,Chironomidae,WAT,WAT_DWN,DWN,2022-12-21,348,LR464,374,
WAT_DWN3_Ad_Chiro_MB_5,KK2534,2022-08-18,Grand River T3 2022,Adult_Chironomidae,Adult,Chironomidae,WAT,WAT_DWN,DWN,2022-12-21,349,LR464,374,
WAT_DWN3_Ad_Chiro_MB_6,KK2535,2022-08-18,Grand River T3 2022,Adult_Chironomidae,Adult,Chironomidae,WAT,WAT_DWN,DWN,2022-12-21,350,LR464,374,
WAT_UP3_Ad_Chiro_MB_1,KK2536,2022-08-18,Grand River T3 2022,Adult_Chironomidae,Adult,Chironomidae,WAT,WAT_UP,UP,2022-12-21,351,LR464,374,
WAT_UP3_Ad_Chiro_MB_2,KK2537,2022-08-18,Grand River T3 2022,Adult_Chironomidae,Adult,Chironomidae,WAT,WAT_UP,UP,2022-12-21,352,LR464,374,
WAT_UP3_Ad_Chiro_MB_3,KK2538,2022-08-18,Grand River T3 2022,Adult_Chironomidae,Adult,Chironomidae,WAT,WAT_UP,UP,2022-12-21,353,LR464,374,
WAT_UP3_Ad_Chiro_MB_4,KK2539,2022-08-18,Grand River T3 2022,Adult_Chironomidae,Adult,Chironomidae,WAT,WAT_UP,UP,2022-12-21,354,LR464,374,
WAT_UP3_Ad_Chiro_MB_5,KK2540,2022-08-18,Grand River T3 2022,Adult_Chironomidae,Adult,Chironomidae,WAT,WAT_UP,UP,2022-12-21,355,LR464,374,
WAT_UP3_Ad_Chiro_MB_6,KK2541,2022-08-18,Grand River T3 2022,Adult_Chironomidae,Adult,Chironomidae,WAT,WAT_UP,UP,2022-12-21,356,LR464,374,
HESP_UP3_Ad_Chiro_MB_1,KK2542,2022-08-17,Grand River T3 2022,Adult_Chironomidae,Adult,Chironomidae,HESP,HESP_UP,UP,2022-12-21,357,LR464,374,
HESP_UP3_Ad_Chiro_MB_2,KK2543,2022-08-17,Grand River T3 2022,Adult_Chironomidae,Adult,Chironomidae,HESP,HESP_UP,UP,2022-12-21,358,LR464,374,
HESP_UP3_Ad_Chiro_MB_3,KK2544,2022-08-17,Grand River T3 2022,Adult_Chironomidae,Adult,Chironomidae,HESP,HESP_UP,UP,2022-12-21,359,LR464,374,
HESP_UP3_Ad_Chiro_MB_4,KK2545,2022-08-17,Grand River T3 2022,Adult_Chironomidae,Adult,Chironomidae,HESP,HESP_UP,UP,2022-12-21,360,LR464,374,
HESP_UP3_Ad_Chiro_MB_5,KK2546,2022-08-17,Grand River T3 2022,Adult_Chironomidae,Adult,Chironomidae,HESP,HESP_UP,UP,2022-12-21,361,LR464,374,
HESP_UP3_Ad_Chiro_MB_6,KK2547,2022-08-17,Grand River T3 2022,Adult_Chironomidae,Adult,Chironomidae,HESP,HESP_UP,UP,2022-12-21,362,LR464,374,
HESP_DWN3_Ad_Chiro_MB_1,KK2548,2022-08-17,Grand River T3 2022,Adult_Chironomidae,Adult,Chironomidae,HESP,HESP_DWN,DWN,2022-12-21,363,LR464,374,
HESP_DWN3_Ad_Chiro_MB_2,KK2549,2022-08-17,Grand River T3 2022,Adult_Chironomidae,Adult,Chironomidae,HESP,HESP_DWN,DWN,2022-12-21,364,LR464,374,
HESP_DWN3_Ad_Chiro_MB_3,KK2550,2022-08-17,Grand River T3 2022,Adult_Chironomidae,Adult,Chironomidae,HESP,HESP_DWN,DWN,2022-12-21,365,LR464,374,
HESP_DWN3_Ad_Chiro_MB_4,KK2551,2022-08-17,Grand River T3 2022,Adult_Chironomidae,Adult,Chironomidae,HESP,HESP_DWN,DWN,2022-12-21,366,LR464,374,
HESP_DWN3_Ad_Chiro_MB_5,KK2552,2022-08-17,Grand River T3 2022,Adult_Chironomidae,Adult,Chironomidae,HESP,HESP_DWN,DWN,2022-12-21,367,LR464,374,
HESP_DWN3_Ad_Chiro_MB_6,KK2553,2022-08-17,Grand River T3 2022,Adult_Chironomidae,Adult,Chironomidae,HESP,HESP_DWN,DWN,2022-12-21,368,LR464,374,
KIT_DWN3_Ad_Chiro_MB_1,KK2554,2022-08-23,Grand River T3 2022,Adult_Chironomidae,Adult,Chironomidae,KIT,KIT_DWN,DWN,2022-12-21,369,LR464,374,
KIT_DWN3_Ad_Chiro_MB_2,KK2555,2022-08-23,Grand River T3 2022,Adult_Chironomidae,Adult,Chironomidae,KIT,KIT_DWN,DWN,2022-12-21,370,LR464,374,
KIT_DWN3_Ad_Chiro_MB_3,KK2556,2022-08-23,Grand River T3 2022,Adult_Chironomidae,Adult,Chironomidae,KIT,KIT_DWN,DWN,2022-12-21,371,LR464,374,
KIT_DWN3_Ad_Chiro_MB_4,KK2557,2022-08-23,Grand River T3 2022,Adult_Chironomidae,Adult,Chironomidae,KIT,KIT_DWN,DWN,2022-12-21,372,LR464,374,
KIT_DWN3_Ad_Chiro_MB_5,KK2558,2022-08-23,Grand River T3 2022,Adult_Chironomidae,Adult,Chironomidae,KIT,KIT_DWN,DWN,2022-12-21,373,LR464,374,
KIT_DWN3_Ad_Chiro_MB_6,KK2559,2022-08-23,Grand River T3 2022,Adult_Chironomidae,Adult,Chironomidae,KIT,KIT_DWN,DWN,2022-12-21,374,LR464,374,
CAL_UP3_Ad_Chiro_MB_1,KK2560,2022-07-16,Grand River T3 2022,Adult_Chironomidae,Adult,Chironomidae,CAL,CAL_UP,UP,2022-12-21,375,LR464,374,
CAL_UP3_Ad_Chiro_MB_2,KK2561,2022-07-16,Grand River T3 2022,Adult_Chironomidae,Adult,Chironomidae,CAL,CAL_UP,UP,2022-12-21,376,LR464,374,
CAL_UP3_Ad_Chiro_MB_3,KK2562,2022-07-16,Grand River T3 2022,Adult_Chironomidae,Adult,Chironomidae,CAL,CAL_UP,UP,2022-12-21,377,LR464,374,
CAL_UP3_Ad_Chiro_MB_4,KK2563,2022-07-16,Grand River T3 2022,Adult_Chironomidae,Adult,Chironomidae,CAL,CAL_UP,UP,2022-12-21,378,LR464,374,
CAL_UP3_Ad_Chiro_MB_5,KK2564,2022-07-16,Grand River T3 2022,Adult_Chironomidae,Adult,Chironomidae,CAL,CAL_UP,UP,2022-12-21,379,LR464,374,
CAL_UP3_Ad_Chiro_MB_6,KK2565,2022-07-16,Grand River T3 2022,Adult_Chironomidae,Adult,Chironomidae,CAL,CAL_UP,UP,2022-12-21,380,LR464,374,
CAL_DWN3_Ad_Chiro_MB_1,KK2566,2022-07-15,Grand River T3 2022,Adult_Chironomidae,Adult,Chironomidae,CAL,CAL_DWN,DWN,2022-12-21,381,LR464,374,
CAL_DWN3_Ad_Chiro_MB_2,KK2567,2022-07-15,Grand River T3 2022,Adult_Chironomidae,Adult,Chironomidae,CAL,CAL_DWN,DWN,2022-12-21,382,LR464,374,
CAL_DWN3_Ad_Chiro_MB_3,KK2568,2022-07-15,Grand River T3 2022,Adult_Chironomidae,Adult,Chironomidae,CAL,CAL_DWN,DWN,2022-12-21,383,LR464,374,
CAL_DWN3_Ad_Chiro_MB_4,KK2569,2022-07-15,Grand River T3 2022,Adult_Chironomidae,Adult,Chironomidae,CAL,CAL_DWN,DWN,2022-12-21,384,LR464,374,
CAL_DWN3_Ad_Chiro_MB_5,KK2570,2022-07-15,Grand River T3 2022,Adult_Chironomidae,Adult,Chironomidae,CAL,CAL_DWN,DWN,2022-12-21,385,LR464,374,
CAL_DWN3_Ad_Chiro_MB_6,KK2571,2022-07-15,Grand River T3 2022,Adult_Chironomidae,Adult,Chironomidae,CAL,CAL_DWN,DWN,2022-12-21,386,LR464,374,
KIT_UP3_Ad_Chiro_MB_1,KK2572,2022-08-24,Grand River T3 2022,Adult_Chironomidae,Adult,Chironomidae,KIT,KIT_UP,UP,2022-12-21,487,LR464,374,
KIT_UP3_Ad_Chiro_MB_2,KK2573,2022-08-24,Grand River T3 2022,Adult_Chironomidae,Adult,Chironomidae,KIT,KIT_UP,UP,2022-12-21,488,LR464,374,
KIT_UP3_Ad_Chiro_MB_3,KK2574,2022-08-24,Grand River T3 2022,Adult_Chironomidae,Adult,Chironomidae,KIT,KIT_UP,UP,2022-12-21,489,LR464,374,
KIT_UP3_Ad_Chiro_MB_4,KK2575,2022-08-24,Grand River T3 2022,Adult_Chironomidae,Adult,Chironomidae,KIT,KIT_UP,UP,2022-12-21,490,LR464,374,
KIT_UP3_Ad_Chiro_MB_5,KK2576,2022-08-24,Grand River T3 2022,Adult_Chironomidae,Adult,Chironomidae,KIT,KIT_UP,UP,2022-12-21,491,LR464,374,
KIT_UP3_Ad_Chiro_MB_6,KK2577,2022-08-24,Grand River T3 2022,Adult_Chironomidae,Adult,Chironomidae,KIT,KIT_UP,UP,2022-12-21,492,LR464,374,
WAT_DWN3_Ad_Mayfly_MB_1,KK2578,2022-08-18,Grand River T3 2022,Adult_Heptageniidae,Adult,Heptageniidae,WAT,WAT_DWN,DWN,2022-12-21,393,LR464,374,
WAT_DWN3_Ad_Mayfly_MB_2,KK2579,2022-08-18,Grand River T3 2022,Adult_Heptageniidae,Adult,Heptageniidae,WAT,WAT_DWN,DWN,2022-12-21,394,LR464,374,
WAT_DWN3_Ad_Mayfly_MB_3,KK2580,2022-08-18,Grand River T3 2022,Adult_Heptageniidae,Adult,Heptageniidae,WAT,WAT_DWN,DWN,2022-12-21,395,LR464,374,
WAT_DWN3_Ad_Mayfly_MB_4,KK2581,2022-08-18,Grand River T3 2022,Adult_Heptageniidae,Adult,Heptageniidae,WAT,WAT_DWN,DWN,2022-12-21,396,LR464,374,
WAT_UP3_Ad_Mayfly_MB_1,KK2582,2022-08-18,Grand River T3 2022,Adult_Heptageniidae,Adult,Heptageniidae,WAT,WAT_UP,UP,2022-12-21,398,LR464,374,
WAT_UP3_Ad_Mayfly_MB_2,KK2583,2022-08-18,Grand River T3 2022,Adult_Heptageniidae,Adult,Heptageniidae,WAT,WAT_UP,UP,2022-12-21,399,LR464,374,
WAT_UP3_Ad_Mayfly_MB_3,KK2584,2022-08-18,Grand River T3 2022,Adult_Heptageniidae,Adult,Heptageniidae,WAT,WAT_UP,UP,2022-12-21,400,LR464,374,
WAT_UP3_Ad_Mayfly_MB_4,KK2585,2022-08-18,Grand River T3 2022,Adult_Heptageniidae,Adult,Heptageniidae,WAT,WAT_UP,UP,2022-12-21,401,LR464,374,
WAT_UP3_Ad_Mayfly_MB_5,KK2586,2022-08-18,Grand River T3 2022,Adult_Heptageniidae,Adult,Heptageniidae,WAT,WAT_UP,UP,2022-12-21,402,LR464,374,
WAT_UP3_Ad_Mayfly_MB_6,KK2587,2022-08-18,Grand River T3 2022,Adult_Heptageniidae,Adult,Heptageniidae,WAT,WAT_UP,UP,2022-12-21,403,LR464,374,
HESP_UP3_Ad_Mayfly_MB_1,KK2588,2022-08-17,Grand River T3 2022,Adult_Heptageniidae,Adult,Heptageniidae,HESP,HESP_UP,UP,2022-12-21,404,LR464,374,
HESP_UP3_Ad_Mayfly_MB_2,KK2589,2022-08-17,Grand River T3 2022,Adult_Heptageniidae,Adult,Heptageniidae,HESP,HESP_UP,UP,2022-12-21,405,LR464,374,
HESP_UP3_Ad_Mayfly_MB_3,KK2590,2022-08-17,Grand River T3 2022,Adult_Heptageniidae,Adult,Heptageniidae,HESP,HESP_UP,UP,2022-12-21,406,LR464,374,
HESP_UP3_Ad_Mayfly_MB_4,KK2591,2022-08-24,Grand River T3 2022,Adult_Heptageniidae,Adult,Heptageniidae,HESP,HESP_UP,UP,2022-12-21,407,LR464,374,
HESP_UP3_Ad_Mayfly_MB_6,KK2592,2022-08-24,Grand River T3 2022,Adult_Heptageniidae,Adult,Heptageniidae,HESP,HESP_UP,UP,2022-12-21,408,LR464,374,
HESP_DWN3_Ad_Mayfly_MB_1,KK2593,2022-08-17,Grand River T3 2022,Adult_Heptageniidae,Adult,Heptageniidae,HESP,HESP_DWN,DWN,2022-12-21,409,LR464,374,
HESP_DWN3_Ad_Mayfly_MB_2,KK2594,2022-08-17,Grand River T3 2022,Adult_Heptageniidae,Adult,Heptageniidae,HESP,HESP_DWN,DWN,2022-12-21,410,LR464,374,
HESP_DWN3_Ad_Mayfly_MB_4,KK2595,2022-08-17,Grand River T3 2022,Adult_Heptageniidae,Adult,Heptageniidae,HESP,HESP_DWN,DWN,2022-12-21,411,LR464,374,
HESP_DWN3_Ad_Mayfly_MB_5,KK2596,2022-08-17,Grand River T3 2022,Adult_Heptageniidae,Adult,Heptageniidae,HESP,HESP_DWN,DWN,2022-12-21,412,LR464,374,
HESP_DWN3_Ad_Mayfly_MB_6,KK2597,2022-08-17,Grand River T3 2022,Adult_Heptageniidae,Adult,Heptageniidae,HESP,HESP_DWN,DWN,2022-12-21,413,LR464,374,
HESP_DWN3_Ad_Mayfly_MB_8,KK2598,2022-08-17,Grand River T3 2022,Adult_Heptageniidae,Adult,Heptageniidae,HESP,HESP_DWN,DWN,2022-12-21,414,LR464,374,
KIT_DWN3_Ad_Mayfly_MB_2,KK2599,2022-08-23,Grand River T3 2022,Adult_Heptageniidae,Adult,Heptageniidae,KIT,KIT_DWN,DWN,2022-12-21,415,LR464,374,
KIT_DWN3_Ad_Mayfly_MB_4,KK2600,2022-08-23,Grand River T3 2022,Adult_Heptageniidae,Adult,Heptageniidae,KIT,KIT_DWN,DWN,2022-12-21,416,LR464,374,
KIT_DWN3_Ad_Mayfly_MB_5,KK2601,2022-08-23,Grand River T3 2022,Adult_Heptageniidae,Adult,Heptageniidae,KIT,KIT_DWN,DWN,2022-12-21,417,LR464,374,
KIT_DWN3_Ad_Mayfly_MB_6,KK2602,2022-08-23,Grand River T3 2022,Adult_Heptageniidae,Adult,Heptageniidae,KIT,KIT_DWN,DWN,2022-12-21,418,LR464,374,
KIT_DWN3_Ad_Mayfly_MB_7,KK2603,2022-08-23,Grand River T3 2022,Adult_Heptageniidae,Adult,Heptageniidae,KIT,KIT_DWN,DWN,2022-12-21,419,LR464,374,
HESP_DWN3_Ad_Caddis_MB_3,KK2604,2022-08-17,Grand River T3 2022,Adult_Hydropsychidae,Adult,Hydropsychidae,HESP,HESP_DWN,DWN,2022-12-21,420,LR464,374,
CAL_UP3_Ad_Mayfly_MB_1,KK2605,2022-07-16,Grand River T3 2022,Adult_Heptageniidae,Adult,Heptageniidae,CAL,CAL_UP,UP,2022-12-21,421,LR464,374,
CAL_UP3_Ad_Mayfly_MB_2,KK2606,2022-07-16,Grand River T3 2022,Adult_Heptageniidae,Adult,Heptageniidae,CAL,CAL_UP,UP,2022-12-21,422,LR464,374,
CAL_UP3_Ad_Mayfly_MB_3,KK2607,2022-07-16,Grand River T3 2022,Adult_Heptageniidae,Adult,Heptageniidae,CAL,CAL_UP,UP,2022-12-21,423,LR464,375,
CAL_UP3_Ad_Mayfly_MB_4,KK2608,2022-07-16,Grand River T3 2022,Adult_Heptageniidae,Adult,Heptageniidae,CAL,CAL_UP,UP,2022-12-21,424,LR464,375,
CAL_UP3_Ad_Mayfly_MB_5,KK2609,2022-07-16,Grand River T3 2022,Adult_Heptageniidae,Adult,Heptageniidae,CAL,CAL_UP,UP,2022-12-21,425,LR464,375,
CAL_UP3_Ad_Mayfly_MB_6,KK2610,2022-07-16,Grand River T3 2022,Adult_Heptageniidae,Adult,Heptageniidae,CAL,CAL_UP,UP,2022-12-21,426,LR464,375,
CAL_DWN3_Ad_Mayfly_MB_1,KK2611,2022-07-15,Grand River T3 2022,Adult_Heptageniidae,Adult,Heptageniidae,CAL,CAL_DWN,DWN,2022-12-21,427,LR464,375,
CAL_DWN3_Ad_Mayfly_MB_2,KK2612,2022-07-15,Grand River T3 2022,Adult_Heptageniidae,Adult,Heptageniidae,CAL,CAL_DWN,DWN,2022-12-21,428,LR464,375,
CAL_DWN3_Ad_Mayfly_MB_3,KK2613,2022-07-15,Grand River T3 2022,Adult_Heptageniidae,Adult,Heptageniidae,CAL,CAL_DWN,DWN,2022-12-21,429,LR464,375,
CAL_DWN3_Ad_Mayfly_MB_4,KK2614,2022-07-15,Grand River T3 2022,Adult_Heptageniidae,Adult,Heptageniidae,CAL,CAL_DWN,DWN,2022-12-21,430,LR464,375,
CAL_DWN3_Ad_Mayfly_MB_5,KK2615,2022-07-15,Grand River T3 2022,Adult_Heptageniidae,Adult,Heptageniidae,CAL,CAL_DWN,DWN,2022-12-21,431,LR464,375,
CAL_DWN3_Ad_Mayfly_MB_6,KK2616,2022-07-15,Grand River T3 2022,Adult_Heptageniidae,Adult,Heptageniidae,CAL,CAL_DWN,DWN,2022-12-21,432,LR464,375,
KIT_UP3_Ad_Mayfly_MB_1,KK2617,2022-08-24,Grand River T3 2022,Adult_Heptageniidae,Adult,Heptageniidae,KIT,KIT_UP,UP,2022-12-21,433,LR464,375,
KIT_UP3_Ad_Mayfly_MB_2,KK2618,2022-08-24,Grand River T3 2022,Adult_Heptageniidae,Adult,Heptageniidae,KIT,KIT_UP,UP,2022-12-21,434,LR464,375,
KIT_UP3_Ad_Mayfly_MB_3,KK2619,2022-08-24,Grand River T3 2022,Adult_Heptageniidae,Adult,Heptageniidae,KIT,KIT_UP,UP,2022-12-21,435,LR464,375,
KIT_UP3_Ad_Mayfly_MB_4,KK2620,2022-08-24,Grand River T3 2022,Adult_Heptageniidae,Adult,Heptageniidae,KIT,KIT_UP,UP,2022-12-21,436,LR464,375,
KIT_UP3_Ad_Mayfly_MB_5,KK2621,2022-08-24,Grand River T3 2022,Adult_Heptageniidae,Adult,Heptageniidae,KIT,KIT_UP,UP,2022-12-21,437,LR464,375,
KIT_UP3_Ad_Mayfly_MB_6,KK2622,2022-08-24,Grand River T3 2022,Adult_Heptageniidae,Adult,Heptageniidae,KIT,KIT_UP,UP,2022-12-21,438,LR464,375,
WAT_DWN3_Araneid_MB_1,KK2623,2022-08-18,Grand River T3 2022,Araneid,Spider,Araneid,WAT,WAT_DWN,DWN,2022-12-21,439,LR464,375,
WAT_DWN3_Araneid_MB_2,KK2624,2022-08-18,Grand River T3 2022,Araneid,Spider,Araneid,WAT,WAT_DWN,DWN,2022-12-21,440,LR464,375,
WAT_DWN3_Araneid_MB_3,KK2625,2022-08-18,Grand River T3 2022,Araneid,Spider,Araneid,WAT,WAT_DWN,DWN,2022-12-21,441,LR464,375,
WAT_DWN3_Araneid_MB_4,KK2626,2022-08-18,Grand River T3 2022,Araneid,Spider,Araneid,WAT,WAT_DWN,DWN,2022-12-21,442,LR464,375,
WAT_DWN3_Araneid_MB_5,KK2627,2022-08-18,Grand River T3 2022,Araneid,Spider,Araneid,WAT,WAT_DWN,DWN,2022-12-21,443,LR464,375,
WAT_DWN3_Araneid_MB_6,KK2628,2022-08-18,Grand River T3 2022,Araneid,Spider,Araneid,WAT,WAT_DWN,DWN,2022-12-21,444,LR464,375,
WAT_UP3_Araneid_MB_1,KK2629,2022-08-18,Grand River T3 2022,Araneid,Spider,Araneid,WAT,WAT_UP,UP,2022-12-21,445,LR464,375,
WAT_UP3_Araneid_MB_2,KK2630,2022-08-18,Grand River T3 2022,Araneid,Spider,Araneid,WAT,WAT_UP,UP,2022-12-21,446,LR464,375,
WAT_UP3_Araneid_MB_3,KK2631,2022-08-18,Grand River T3 2022,Araneid,Spider,Araneid,WAT,WAT_UP,UP,2022-12-21,447,LR464,375,
WAT_UP3_Araneid_MB_4,KK2632,2022-08-18,Grand River T3 2022,Araneid,Spider,Araneid,WAT,WAT_UP,UP,2022-12-21,448,LR464,375,
WAT_UP3_Araneid_MB_5,KK2633,2022-08-18,Grand River T3 2022,Araneid,Spider,Araneid,WAT,WAT_UP,UP,2022-12-21,449,LR464,375,
WAT_UP3_Araneid_MB_6,KK2634,2022-08-18,Grand River T3 2022,Araneid,Spider,Araneid,WAT,WAT_UP,UP,2022-12-21,450,LR464,375,
HESP_UP3_Araneid_MB_1,KK2635,2022-08-17,Grand River T3 2022,Araneid,Spider,Araneid,HESP,HESP_UP,UP,2022-12-21,451,LR464,375,
HESP_UP3_Araneid_MB_2,KK2636,2022-08-17,Grand River T3 2022,Araneid,Spider,Araneid,HESP,HESP_UP,UP,2022-12-21,452,LR464,375,
HESP_UP3_Araneid_MB_3,KK2637,2022-08-17,Grand River T3 2022,Araneid,Spider,Araneid,HESP,HESP_UP,UP,2022-12-21,453,LR464,375,
HESP_UP3_Araneid_MB_4,KK2638,2022-08-17,Grand River T3 2022,Araneid,Spider,Araneid,HESP,HESP_UP,UP,2022-12-21,454,LR464,375,
HESP_UP3_Araneid_MB_5,KK2639,2022-08-17,Grand River T3 2022,Araneid,Spider,Araneid,HESP,HESP_UP,UP,2022-12-21,455,LR464,375,
HESP_UP3_Araneid_MB_6,KK2640,2022-08-17,Grand River T3 2022,Araneid,Spider,Araneid,HESP,HESP_UP,UP,2022-12-21,456,LR464,375,
KIT_DWN3_Araneid_MB_1,KK2641,2022-08-23,Grand River T3 2022,Araneid,Spider,Araneid,KIT,KIT_DWN,DWN,2022-12-21,457,LR464,375,
KIT_DWN3_Araneid_MB_2,KK2642,2022-08-23,Grand River T3 2022,Araneid,Spider,Araneid,KIT,KIT_DWN,DWN,2022-12-21,458,LR464,375,
KIT_DWN3_Araneid_MB_3,KK2643,2022-08-23,Grand River T3 2022,Araneid,Spider,Araneid,KIT,KIT_DWN,DWN,2022-12-21,459,LR464,375,
KIT_DWN3_Araneid_MB_4,KK2644,2022-08-23,Grand River T3 2022,Araneid,Spider,Araneid,KIT,KIT_DWN,DWN,2022-12-21,460,LR464,375,
KIT_DWN3_Araneid_MB_5,KK2645,2022-08-23,Grand River T3 2022,Araneid,Spider,Araneid,KIT,KIT_DWN,DWN,2022-12-21,461,LR464,375,
KIT_DWN3_Araneid_MB_6,KK2646,2022-08-23,Grand River T3 2022,Araneid,Spider,Araneid,KIT,KIT_DWN,DWN,2022-12-21,462,LR464,375,
HESP_DWN3_Araneid_MB_1,KK2647,2022-08-17,Grand River T3 2022,Araneid,Spider,Araneid,HESP,HESP_DWN,DWN,2022-12-21,463,LR464,375,
HESP_DWN3_Araneid_MB_2,KK2648,2022-08-17,Grand River T3 2022,Araneid,Spider,Araneid,HESP,HESP_DWN,DWN,2022-12-21,464,LR464,375,
HESP_DWN3_Araneid_MB_3,KK2649,2022-08-17,Grand River T3 2022,Araneid,Spider,Araneid,HESP,HESP_DWN,DWN,2022-12-21,465,LR464,375,
HESP_DWN3_Araneid_MB_4,KK2650,2022-08-17,Grand River T3 2022,Araneid,Spider,Araneid,HESP,HESP_DWN,DWN,2022-12-21,466,LR464,375,
HESP_DWN3_Araneid_MB_5,KK2651,2022-08-17,Grand River T3 2022,Araneid,Spider,Araneid,HESP,HESP_DWN,DWN,2022-12-21,467,LR464,375,
HESP_DWN3_Araneid_MB_6,KK2652,2022-08-17,Grand River T3 2022,Araneid,Spider,Araneid,HESP,HESP_DWN,DWN,2022-12-21,468,LR464,375,
KIT_UP3_Araneid_MB_1,KK2653,2022-08-24,Grand River T3 2022,Araneid,Spider,Araneid,KIT,KIT_UP,UP,2022-12-21,469,LR464,375,
KIT_UP3_Araneid_MB_2,KK2654,2022-08-24,Grand River T3 2022,Araneid,Spider,Araneid,KIT,KIT_UP,UP,2022-12-21,470,LR464,375,
KIT_UP3_Araneid_MB_3,KK2655,2022-08-24,Grand River T3 2022,Araneid,Spider,Araneid,KIT,KIT_UP,UP,2022-12-21,471,LR464,375,
KIT_UP3_Araneid_MB_4,KK2656,2022-08-24,Grand River T3 2022,Araneid,Spider,Araneid,KIT,KIT_UP,UP,2022-12-21,472,LR464,375,
KIT_UP3_Araneid_MB_5,KK2657,2022-08-24,Grand River T3 2022,Araneid,Spider,Araneid,KIT,KIT_UP,UP,2022-12-21,473,LR464,375,
KIT_UP3_Araneid_MB_6,KK2658,2022-08-24,Grand River T3 2022,Araneid,Spider,Araneid,KIT,KIT_UP,UP,2022-12-21,474,LR464,375,
CAL_UP3_Araneid_MB_1,KK2659,2022-07-16,Grand River T3 2022,Araneid,Spider,Araneid,CAL,CAL_UP,UP,2022-12-21,475,LR464,375,
CAL_UP3_Araneid_MB_2,KK2660,2022-07-16,Grand River T3 2022,Araneid,Spider,Araneid,CAL,CAL_UP,UP,2022-12-21,476,LR464,375,
CAL_UP3_Araneid_MB_3,KK2661,2022-07-16,Grand River T3 2022,Araneid,Spider,Araneid,CAL,CAL_UP,UP,2022-12-21,477,LR464,375,
CAL_UP3_Araneid_MB_4,KK2662,2022-07-16,Grand River T3 2022,Araneid,Spider,Araneid,CAL,CAL_UP,UP,2022-12-21,478,LR464,375,
CAL_UP3_Araneid_MB_5,KK2663,2022-07-16,Grand River T3 2022,Araneid,Spider,Araneid,CAL,CAL_UP,UP,2022-12-21,479,LR464,375,
CAL_UP3_Araneid_MB_6,KK2664,2022-07-16,Grand River T3 2022,Araneid,Spider,Araneid,CAL,CAL_UP,UP,2022-12-21,480,LR464,375,
CAL_DWN3_Araneid_MB_1,KK2665,2022-07-15,Grand River T3 2022,Araneid,Spider,Araneid,CAL,CAL_DWN,DWN,2022-12-21,481,LR464,375,
CAL_DWN3_Araneid_MB_2,KK2666,2022-07-15,Grand River T3 2022,Araneid,Spider,Araneid,CAL,CAL_DWN,DWN,2022-12-21,482,LR464,375,
CAL_DWN3_Araneid_MB_3,KK2667,2022-07-15,Grand River T3 2022,Araneid,Spider,Araneid,CAL,CAL_DWN,DWN,2022-12-21,483,LR464,375,
CAL_DWN3_Araneid_MB_4,KK2668,2022-07-15,Grand River T3 2022,Araneid,Spider,Araneid,CAL,CAL_DWN,DWN,2022-12-21,484,LR464,375,
CAL_DWN3_Araneid_MB_5,KK2669,2022-07-15,Grand River T3 2022,Araneid,Spider,Araneid,CAL,CAL_DWN,DWN,2022-12-21,485,LR464,375,
CAL_DWN3_Araneid_MB_6,KK2670,2022-07-15,Grand River T3 2022,Araneid,Spider,Araneid,CAL,CAL_DWN,DWN,2022-12-21,486,LR464,375,
WAT_UP3_Lar_Caddis_MB_1,KK2671,2022-08-19,Grand River T3 2022,Larvae_Hydropsychidae,Larvae,Hydropsychidae,WAT,WAT_UP,UP,2022-12-21,387,LR464,375,
WAT_UP3_Lar_Caddis_MB_2,KK2672,2022-08-19,Grand River T3 2022,Larvae_Hydropsychidae,Larvae,Hydropsychidae,WAT,WAT_UP,UP,2022-12-21,388,LR464,375,
WAT_UP3_Lar_Caddis_MB_3,KK2673,2022-08-19,Grand River T3 2022,Larvae_Hydropsychidae,Larvae,Hydropsychidae,WAT,WAT_UP,UP,2022-12-21,389,LR464,375,
WAT_UP3_Lar_Caddis_MB_4,KK2674,2022-08-19,Grand River T3 2022,Larvae_Hydropsychidae,Larvae,Hydropsychidae,WAT,WAT_UP,UP,2022-12-21,390,LR464,375,
WAT_UP3_Lar_Caddis_MB_5,KK2675,2022-08-19,Grand River T3 2022,Larvae_Hydropsychidae,Larvae,Hydropsychidae,WAT,WAT_UP,UP,2022-12-21,391,LR464,375,
WAT_UP3_Lar_Caddis_MB_6,KK2676,2022-08-19,Grand River T3 2022,Larvae_Hydropsychidae,Larvae,Hydropsychidae,WAT,WAT_UP,UP,2022-12-21,392,LR464,375,
HESP_UP3_Lar_Caddis_MB_1,KK2677,2022-08-17,Grand River T3 2022,Larvae_Hydropsychidae,Larvae,Hydropsychidae,HESP,HESP_UP,UP,2022-12-21,493,LR464,375,
HESP_UP3_Lar_Caddis_MB_2,KK2678,2022-08-17,Grand River T3 2022,Larvae_Hydropsychidae,Larvae,Hydropsychidae,HESP,HESP_UP,UP,2022-12-21,494,LR464,375,
HESP_UP3_Lar_Caddis_MB_3,KK2679,2022-08-17,Grand River T3 2022,Larvae_Hydropsychidae,Larvae,Hydropsychidae,HESP,HESP_UP,UP,2022-12-21,495,LR464,375,
HESP_UP3_Lar_Caddis_MB_4,KK2680,2022-08-17,Grand River T3 2022,Larvae_Hydropsychidae,Larvae,Hydropsychidae,HESP,HESP_UP,UP,2022-12-21,496,LR464,375,
HESP_UP3_Lar_Caddis_MB_5,KK2681,2022-08-17,Grand River T3 2022,Larvae_Hydropsychidae,Larvae,Hydropsychidae,HESP,HESP_UP,UP,2022-12-21,497,LR464,375,
HESP_UP3_Lar_Caddis_MB_6,KK2682,2022-08-17,Grand River T3 2022,Larvae_Hydropsychidae,Larvae,Hydropsychidae,HESP,HESP_UP,UP,2022-12-21,498,LR464,375,
HESP_DWN3_Lar_Caddis_MB_1,KK2683,2022-08-17,Grand River T3 2022,Larvae_Hydropsychidae,Larvae,Hydropsychidae,HESP,HESP_DWN,DWN,2022-12-21,499,LR464,375,
HESP_DWN3_Lar_Caddis_MB_2,KK2684,2022-08-17,Grand River T3 2022,Larvae_Hydropsychidae,Larvae,Hydropsychidae,HESP,HESP_DWN,DWN,2022-12-21,500,LR464,375,
HESP_DWN3_Lar_Caddis_MB_3,KK2685,2022-08-17,Grand River T3 2022,Larvae_Hydropsychidae,Larvae,Hydropsychidae,HESP,HESP_DWN,DWN,2022-12-21,501,LR464,375,
HESP_DWN3_Lar_Caddis_MB_4,KK2686,2022-08-17,Grand River T3 2022,Larvae_Hydropsychidae,Larvae,Hydropsychidae,HESP,HESP_DWN,DWN,2022-12-21,502,LR464,375,
HESP_DWN3_Lar_Caddis_MB_5,KK2687,2022-08-17,Grand River T3 2022,Larvae_Hydropsychidae,Larvae,Hydropsychidae,HESP,HESP_DWN,DWN,2022-12-21,503,LR464,375,
HESP_DWN3_Lar_Caddis_MB_6,KK2688,2022-08-17,Grand River T3 2022,Larvae_Hydropsychidae,Larvae,Hydropsychidae,HESP,HESP_DWN,DWN,2022-12-21,504,LR464,375,
KIT_DWN3_Lar_Caddis_MB_1,KK2689,2022-08-23,Grand River T3 2022,Larvae_Hydropsychidae,Larvae,Hydropsychidae,KIT,KIT_DWN,DWN,2022-12-21,505,LR464,375,
KIT_DWN3_Lar_Caddis_MB_2,KK2690,2022-08-23,Grand River T3 2022,Larvae_Hydropsychidae,Larvae,Hydropsychidae,KIT,KIT_DWN,DWN,2022-12-21,506,LR464,375,
KIT_DWN3_Lar_Caddis_MB_3,KK2691,2022-08-23,Grand River T3 2022,Larvae_Hydropsychidae,Larvae,Hydropsychidae,KIT,KIT_DWN,DWN,2022-12-21,507,LR464,375,
KIT_DWN3_Lar_Caddis_MB_4,KK2692,2022-08-23,Grand River T3 2022,Larvae_Hydropsychidae,Larvae,Hydropsychidae,KIT,KIT_DWN,DWN,2022-12-21,508,LR464,375,
KIT_DWN3_Lar_Caddis_MB_5,KK2693,2022-08-23,Grand River T3 2022,Larvae_Hydropsychidae,Larvae,Hydropsychidae,KIT,KIT_DWN,DWN,2022-12-21,509,LR464,375,
KIT_DWN3_Lar_Caddis_MB_6,KK2694,2022-08-23,Grand River T3 2022,Larvae_Hydropsychidae,Larvae,Hydropsychidae,KIT,KIT_DWN,DWN,2022-12-21,510,LR464,375,
CAL_UP3_Lar_Caddis_MB_1,KK2695,2022-07-16,Grand River T3 2022,Larvae_Hydropsychidae,Larvae,Hydropsychidae,CAL,CAL_UP,UP,2022-12-21,511,LR464,375,
CAL_UP3_Lar_Caddis_MB_2,KK2696,2022-07-16,Grand River T3 2022,Larvae_Hydropsychidae,Larvae,Hydropsychidae,CAL,CAL_UP,UP,2022-12-21,512,LR464,375,
CAL_UP3_Lar_Caddis_MB_3,KK2697,2022-07-16,Grand River T3 2022,Larvae_Hydropsychidae,Larvae,Hydropsychidae,CAL,CAL_UP,UP,2022-12-21,513,LR464,375,
CAL_UP3_Lar_Caddis_MB_4,KK2698,2022-07-16,Grand River T3 2022,Larvae_Hydropsychidae,Larvae,Hydropsychidae,CAL,CAL_UP,UP,2022-12-21,514,LR465,376,
CAL_UP3_Lar_Caddis_MB_5,KK2699,2022-07-16,Grand River T3 2022,Larvae_Hydropsychidae,Larvae,Hydropsychidae,CAL,CAL_UP,UP,2022-12-21,515,LR465,376,
CAL_UP3_Lar_Caddis_MB_6,KK2700,2022-07-16,Grand River T3 2022,Larvae_Hydropsychidae,Larvae,Hydropsychidae,CAL,CAL_UP,UP,2022-12-21,516,LR465,376,
CAL_DWN3_Lar_Caddis_MB_1,KK2701,2022-07-15,Grand River T3 2022,Larvae_Hydropsychidae,Larvae,Hydropsychidae,CAL,CAL_DWN,DWN,2022-12-21,517,LR465,376,
CAL_DWN3_Lar_Caddis_MB_2,KK2702,2022-07-15,Grand River T3 2022,Larvae_Hydropsychidae,Larvae,Hydropsychidae,CAL,CAL_DWN,DWN,2022-12-21,518,LR465,376,
CAL_DWN3_Lar_Caddis_MB_3,KK2703,2022-07-15,Grand River T3 2022,Larvae_Hydropsychidae,Larvae,Hydropsychidae,CAL,CAL_DWN,DWN,2022-12-21,519,LR465,376,
CAL_DWN3_Lar_Caddis_MB_4,KK2704,2022-07-15,Grand River T3 2022,Larvae_Hydropsychidae,Larvae,Hydropsychidae,CAL,CAL_DWN,DWN,2022-12-21,520,LR465,376,
CAL_DWN3_Lar_Caddis_MB_5,KK2705,2022-07-15,Grand River T3 2022,Larvae_Hydropsychidae,Larvae,Hydropsychidae,CAL,CAL_DWN,DWN,2022-12-21,521,LR465,376,
CAL_DWN3_Lar_Caddis_MB_6,KK2706,2022-07-15,Grand River T3 2022,Larvae_Hydropsychidae,Larvae,Hydropsychidae,CAL,CAL_DWN,DWN,2022-12-21,522,LR465,376,
WAT_DWN3_Lar_Caddis_MB_1,KK2707,2022-08-18,Grand River T3 2022,Larvae_Hydropsychidae,Larvae,Hydropsychidae,WAT,WAT_DWN,DWN,2022-12-21,523,LR465,376,
WAT_DWN3_Lar_Caddis_MB_2,KK2708,2022-08-18,Grand River T3 2022,Larvae_Hydropsychidae,Larvae,Hydropsychidae,WAT,WAT_DWN,DWN,2022-12-21,524,LR465,376,
WAT_DWN3_Lar_Caddis_MB_3,KK2709,2022-08-18,Grand River T3 2022,Larvae_Hydropsychidae,Larvae,Hydropsychidae,WAT,WAT_DWN,DWN,2022-12-21,525,LR465,376,
WAT_DWN3_Lar_Caddis_MB_4,KK2710,2022-08-18,Grand River T3 2022,Larvae_Hydropsychidae,Larvae,Hydropsychidae,WAT,WAT_DWN,DWN,2022-12-21,526,LR465,376,
WAT_DWN3_Lar_Caddis_MB_5,KK2711,2022-08-18,Grand River T3 2022,Larvae_Hydropsychidae,Larvae,Hydropsychidae,WAT,WAT_DWN,DWN,2022-12-21,527,LR465,376,
WAT_DWN3_Lar_Caddis_MB_6,KK2712,2022-08-18,Grand River T3 2022,Larvae_Hydropsychidae,Larvae,Hydropsychidae,WAT,WAT_DWN,DWN,2022-12-21,528,LR465,376,
KIT_UP3_Lar_Caddis_MB_1,KK2713,2022-08-24,Grand River T3 2022,Larvae_Hydropsychidae,Larvae,Hydropsychidae,KIT,KIT_UP,UP,2022-12-21,529,LR465,376,
KIT_UP3_Lar_Caddis_MB_2,KK2714,2022-08-24,Grand River T3 2022,Larvae_Hydropsychidae,Larvae,Hydropsychidae,KIT,KIT_UP,UP,2022-12-21,530,LR465,376,
KIT_UP3_Lar_Caddis_MB_3,KK2715,2022-08-24,Grand River T3 2022,Larvae_Hydropsychidae,Larvae,Hydropsychidae,KIT,KIT_UP,UP,2022-12-21,531,LR465,376,
KIT_UP3_Lar_Caddis_MB_4,KK2716,2022-08-24,Grand River T3 2022,Larvae_Hydropsychidae,Larvae,Hydropsychidae,KIT,KIT_UP,UP,2022-12-21,532,LR465,376,
KIT_UP3_Lar_Caddis_MB_5,KK2717,2022-08-24,Grand River T3 2022,Larvae_Hydropsychidae,Larvae,Hydropsychidae,KIT,KIT_UP,UP,2022-12-21,533,LR465,376,
KIT_UP3_Lar_Caddis_MB_6,KK2718,2022-08-24,Grand River T3 2022,Larvae_Hydropsychidae,Larvae,Hydropsychidae,KIT,KIT_UP,UP,2022-12-21,534,LR465,376,
WAT_UP3_Lar_Mayfly_MB_1,KK2719,2022-08-19,Grand River T3 2022,Larvae_Heptageniidae,Larvae,Heptageniidae,WAT,WAT_UP,UP,2022-12-21,535,LR465,376,
WAT_UP3_Lar_Mayfly_MB_2,KK2720,2022-08-19,Grand River T3 2022,Larvae_Heptageniidae,Larvae,Heptageniidae,WAT,WAT_UP,UP,2022-12-21,536,LR465,376,
WAT_UP3_Lar_Mayfly_MB_3,KK2721,2022-08-19,Grand River T3 2022,Larvae_Heptageniidae,Larvae,Heptageniidae,WAT,WAT_UP,UP,2022-12-21,537,LR465,376,
WAT_UP3_Lar_Mayfly_MB_4,KK2722,2022-08-19,Grand River T3 2022,Larvae_Heptageniidae,Larvae,Heptageniidae,WAT,WAT_UP,UP,2022-12-21,538,LR465,376,
WAT_UP3_Lar_Mayfly_MB_5,KK2723,2022-08-19,Grand River T3 2022,Larvae_Heptageniidae,Larvae,Heptageniidae,WAT,WAT_UP,UP,2022-12-21,539,LR465,376,
WAT_UP3_Lar_Mayfly_MB_6,KK2724,2022-08-19,Grand River T3 2022,Larvae_Heptageniidae,Larvae,Heptageniidae,WAT,WAT_UP,UP,2022-12-21,540,LR465,376,
HESP_UP3_Lar_Mayfly_MB_1,KK2725,2022-08-17,Grand River T3 2022,Larvae_Heptageniidae,Larvae,Heptageniidae,HESP,HESP_UP,UP,2022-12-21,541,LR465,376,
HESP_UP3_Lar_Mayfly_MB_2,KK2726,2022-08-17,Grand River T3 2022,Larvae_Heptageniidae,Larvae,Heptageniidae,HESP,HESP_UP,UP,2022-12-21,542,LR465,376,
HESP_UP3_Lar_Mayfly_MB_3,KK2727,2022-08-17,Grand River T3 2022,Larvae_Heptageniidae,Larvae,Heptageniidae,HESP,HESP_UP,UP,2022-12-21,543,LR465,376,
HESP_UP3_Lar_Mayfly_MB_4,KK2728,2022-08-17,Grand River T3 2022,Larvae_Heptageniidae,Larvae,Heptageniidae,HESP,HESP_UP,UP,2022-12-21,544,LR465,376,
HESP_UP3_Lar_Mayfly_MB_5,KK2729,2022-08-17,Grand River T3 2022,Larvae_Heptageniidae,Larvae,Heptageniidae,HESP,HESP_UP,UP,2022-12-21,545,LR465,376,
HESP_UP3_Lar_Mayfly_MB_6,KK2730,2022-08-17,Grand River T3 2022,Larvae_Heptageniidae,Larvae,Heptageniidae,HESP,HESP_UP,UP,2022-12-21,546,LR465,376,
HESP_DWN3_Lar_Mayfly_MB_1,KK2731,2022-08-17,Grand River T3 2022,Larvae_Heptageniidae,Larvae,Heptageniidae,HESP,HESP_DWN,DWN,2022-12-21,547,LR465,376,
HESP_DWN3_Lar_Mayfly_MB_2,KK2732,2022-08-17,Grand River T3 2022,Larvae_Heptageniidae,Larvae,Heptageniidae,HESP,HESP_DWN,DWN,2022-12-21,548,LR465,376,
HESP_DWN3_Lar_Mayfly_MB_3,KK2733,2022-08-17,Grand River T3 2022,Larvae_Heptageniidae,Larvae,Heptageniidae,HESP,HESP_DWN,DWN,2022-12-21,549,LR465,376,
HESP_DWN3_Lar_Mayfly_MB_4,KK2734,2022-08-17,Grand River T3 2022,Larvae_Heptageniidae,Larvae,Heptageniidae,HESP,HESP_DWN,DWN,2022-12-21,550,LR465,376,
HESP_DWN3_Lar_Mayfly_MB_5,KK2735,2022-08-17,Grand River T3 2022,Larvae_Heptageniidae,Larvae,Heptageniidae,HESP,HESP_DWN,DWN,2022-12-21,551,LR465,376,
HESP_DWN3_Lar_Mayfly_MB_6,KK2736,2022-08-17,Grand River T3 2022,Larvae_Heptageniidae,Larvae,Heptageniidae,HESP,HESP_DWN,DWN,2022-12-21,552,LR465,376,
KIT_DWN3_Lar_Mayfly_MB_1,KK2737,2022-08-23,Grand River T3 2022,Larvae_Heptageniidae,Larvae,Heptageniidae,KIT,KIT_DWN,DWN,2022-12-21,553,LR465,376,
KIT_DWN3_Lar_Mayfly_MB_2,KK2738,2022-08-23,Grand River T3 2022,Larvae_Heptageniidae,Larvae,Heptageniidae,KIT,KIT_DWN,DWN,2022-12-21,554,LR465,376,
KIT_DWN3_Lar_Mayfly_MB_3,KK2739,2022-08-23,Grand River T3 2022,Larvae_Heptageniidae,Larvae,Heptageniidae,KIT,KIT_DWN,DWN,2022-12-21,555,LR465,376,
KIT_DWN3_Lar_Mayfly_MB_4,KK2740,2022-08-23,Grand River T3 2022,Larvae_Heptageniidae,Larvae,Heptageniidae,KIT,KIT_DWN,DWN,2022-12-21,556,LR465,376,
KIT_DWN3_Lar_Mayfly_MB_5,KK2741,2022-08-23,Grand River T3 2022,Larvae_Heptageniidae,Larvae,Heptageniidae,KIT,KIT_DWN,DWN,2022-12-21,557,LR465,376,
KIT_DWN3_Lar_Mayfly_MB_6,KK2742,2022-08-23,Grand River T3 2022,Larvae_Heptageniidae,Larvae,Heptageniidae,KIT,KIT_DWN,DWN,2022-12-21,558,LR465,376,
CAL_UP3_Lar_Mayfly_MB_1,KK2743,2022-07-16,Grand River T3 2022,Larvae_Heptageniidae,Larvae,Heptageniidae,CAL,CAL_UP,UP,2022-12-21,559,LR465,376,
CAL_UP3_Lar_Mayfly_MB_2,KK2744,2022-07-16,Grand River T3 2022,Larvae_Heptageniidae,Larvae,Heptageniidae,CAL,CAL_UP,UP,2022-12-21,560,LR465,376,
CAL_UP3_Lar_Mayfly_MB_3,KK2745,2022-07-16,Grand River T3 2022,Larvae_Heptageniidae,Larvae,Heptageniidae,CAL,CAL_UP,UP,2022-12-21,561,LR465,376,
CAL_UP3_Lar_Mayfly_MB_4,KK2746,2022-07-16,Grand River T3 2022,Larvae_Heptageniidae,Larvae,Heptageniidae,CAL,CAL_UP,UP,2022-12-21,562,LR465,376,
CAL_UP3_Lar_Mayfly_MB_5,KK2747,2022-07-16,Grand River T3 2022,Larvae_Heptageniidae,Larvae,Heptageniidae,CAL,CAL_UP,UP,2022-12-21,563,LR465,376,
CAL_UP3_Lar_Mayfly_MB_6,KK2748,2022-07-16,Grand River T3 2022,Larvae_Heptageniidae,Larvae,Heptageniidae,CAL,CAL_UP,UP,2022-12-21,564,LR465,376,
CAL_DWN3_Lar_Mayfly_MB_1,KK2749,2022-07-15,Grand River T3 2022,Larvae_Heptageniidae,Larvae,Heptageniidae,CAL,CAL_DWN,DWN,2022-12-21,565,LR465,376,
CAL_DWN3_Lar_Mayfly_MB_2,KK2750,2022-07-15,Grand River T3 2022,Larvae_Heptageniidae,Larvae,Heptageniidae,CAL,CAL_DWN,DWN,2022-12-21,566,LR465,376,
CAL_DWN3_Lar_Mayfly_MB_3,KK2751,2022-07-15,Grand River T3 2022,Larvae_Heptageniidae,Larvae,Heptageniidae,CAL,CAL_DWN,DWN,2022-12-21,567,LR465,376,
CAL_DWN3_Lar_Mayfly_MB_4,KK2752,2022-07-15,Grand River T3 2022,Larvae_Heptageniidae,Larvae,Heptageniidae,CAL,CAL_DWN,DWN,2022-12-21,568,LR465,376,
CAL_DWN3_Lar_Mayfly_MB_5,KK2753,2022-07-15,Grand River T3 2022,Larvae_Heptageniidae,Larvae,Heptageniidae,CAL,CAL_DWN,DWN,2022-12-21,569,LR465,376,
CAL_DWN3_Lar_Mayfly_MB_6,KK2754,2022-07-15,Grand River T3 2022,Larvae_Heptageniidae,Larvae,Heptageniidae,CAL,CAL_DWN,DWN,2022-12-21,570,LR465,376,
WAT_DWN3_Lar_Mayfly_MB_1,KK2755,2022-08-18,Grand River T3 2022,Larvae_Heptageniidae,Larvae,Heptageniidae,WAT,WAT_DWN,DWN,2022-12-21,571,LR465,376,
WAT_DWN3_Lar_Mayfly_MB_2,KK2756,2022-08-18,Grand River T3 2022,Larvae_Heptageniidae,Larvae,Heptageniidae,WAT,WAT_DWN,DWN,2022-12-21,572,LR465,376,
WAT_DWN3_Lar_Mayfly_MB_3,KK2757,2022-08-18,Grand River T3 2022,Larvae_Heptageniidae,Larvae,Heptageniidae,WAT,WAT_DWN,DWN,2022-12-21,573,LR465,376,
WAT_DWN3_Lar_Mayfly_MB_4,KK2758,2022-08-18,Grand River T3 2022,Larvae_Heptageniidae,Larvae,Heptageniidae,WAT,WAT_DWN,DWN,2022-12-21,574,LR465,376,
WAT_DWN3_Lar_Mayfly_MB_5,KK2759,2022-08-18,Grand River T3 2022,Larvae_Heptageniidae,Larvae,Heptageniidae,WAT,WAT_DWN,DWN,2022-12-21,575,LR465,376,
WAT_DWN3_Lar_Mayfly_MB_6,KK2760,2022-08-18,Grand River T3 2022,Larvae_Heptageniidae,Larvae,Heptageniidae,WAT,WAT_DWN,DWN,2022-12-21,576,LR465,376,
KIT_UP3_Lar_Mayfly_MB_1,KK2761,2022-08-24,Grand River T3 2022,Larvae_Heptageniidae,Larvae,Heptageniidae,KIT,KIT_UP,UP,2022-12-21,577,LR465,376,
KIT_UP3_Lar_Mayfly_MB_2,KK2762,2022-08-24,Grand River T3 2022,Larvae_Heptageniidae,Larvae,Heptageniidae,KIT,KIT_UP,UP,2022-12-21,578,LR465,376,
KIT_UP3_Lar_Mayfly_MB_3,KK2763,2022-08-24,Grand River T3 2022,Larvae_Heptageniidae,Larvae,Heptageniidae,KIT,KIT_UP,UP,2022-12-21,579,LR465,376,
KIT_UP3_Lar_Mayfly_MB_4,KK2764,2022-08-24,Grand River T3 2022,Larvae_Heptageniidae,Larvae,Heptageniidae,KIT,KIT_UP,UP,2022-12-21,580,LR465,376,
KIT_UP3_Lar_Mayfly_MB_5,KK2765,2022-08-24,Grand River T3 2022,Larvae_Heptageniidae,Larvae,Heptageniidae,KIT,KIT_UP,UP,2022-12-21,581,LR465,376,
KIT_UP3_Lar_Mayfly_MB_6,KK2766,2022-08-24,Grand River T3 2022,Larvae_Heptageniidae,Larvae,Heptageniidae,KIT,KIT_UP,UP,2022-12-21,582,LR465,376,
WAT_DWN3_Tetragnatha_MB_1,KK2767,2022-08-18,Grand River T3 2022,Tetragnatha,Spider,Tetragnatha,WAT,WAT_DWN,DWN,2022-12-21,583,LR465,376,
WAT_DWN3_Tetragnatha_MB_2,KK2768,2022-08-18,Grand River T3 2022,Tetragnatha,Spider,Tetragnatha,WAT,WAT_DWN,DWN,2022-12-21,584,LR465,376,
WAT_DWN3_Tetragnatha_MB_3,KK2769,2022-08-18,Grand River T3 2022,Tetragnatha,Spider,Tetragnatha,WAT,WAT_DWN,DWN,2022-12-21,585,LR465,376,
WAT_DWN3_Tetragnatha_MB_4,KK2770,2022-08-18,Grand River T3 2022,Tetragnatha,Spider,Tetragnatha,WAT,WAT_DWN,DWN,2022-12-21,586,LR465,376,
WAT_DWN3_Tetragnatha_MB_5,KK2771,2022-08-18,Grand River T3 2022,Tetragnatha,Spider,Tetragnatha,WAT,WAT_DWN,DWN,2022-12-21,587,LR465,376,
WAT_DWN3_Tetragnatha_MB_6,KK2772,2022-08-18,Grand River T3 2022,Tetragnatha,Spider,Tetragnatha,WAT,WAT_DWN,DWN,2022-12-21,588,LR465,376,
WAT_UP3_Tetragnatha_MB_1,KK2773,2022-08-18,Grand River T3 2022,Tetragnatha,Spider,Tetragnatha,WAT,WAT_UP,UP,2022-12-21,589,LR465,376,
WAT_UP3_Tetragnatha_MB_2,KK2774,2022-08-18,Grand River T3 2022,Tetragnatha,Spider,Tetragnatha,WAT,WAT_UP,UP,2022-12-21,590,LR465,376,
WAT_UP3_Tetragnatha_MB_3,KK2775,2022-08-18,Grand River T3 2022,Tetragnatha,Spider,Tetragnatha,WAT,WAT_UP,UP,2022-12-21,591,LR465,376,
WAT_UP3_Tetragnatha_MB_4,KK2776,2022-08-18,Grand River T3 2022,Tetragnatha,Spider,Tetragnatha,WAT,WAT_UP,UP,2022-12-21,592,LR465,376,
WAT_UP3_Tetragnatha_MB_5,KK2777,2022-08-18,Grand River T3 2022,Tetragnatha,Spider,Tetragnatha,WAT,WAT_UP,UP,2022-12-21,593,LR465,376,
WAT_UP3_Tetragnatha_MB_6,KK2778,2022-08-18,Grand River T3 2022,Tetragnatha,Spider,Tetragnatha,WAT,WAT_UP,UP,2022-12-21,594,LR465,376,
HESP_UP3_Tetragnatha_MB_1,KK2779,2022-08-17,Grand River T3 2022,Tetragnatha,Spider,Tetragnatha,HESP,HESP_UP,UP,2022-12-21,595,LR465,376,
HESP_UP3_Tetragnatha_MB_2,KK2780,2022-08-17,Grand River T3 2022,Tetragnatha,Spider,Tetragnatha,HESP,HESP_UP,UP,2022-12-21,596,LR465,376,
HESP_UP3_Tetragnatha_MB_3,KK2781,2022-08-17,Grand River T3 2022,Tetragnatha,Spider,Tetragnatha,HESP,HESP_UP,UP,2022-12-21,597,LR465,376,
HESP_UP3_Tetragnatha_MB_4,KK2782,2022-08-17,Grand River T3 2022,Tetragnatha,Spider,Tetragnatha,HESP,HESP_UP,UP,2022-12-21,598,LR465,376,
HESP_UP3_Tetragnatha_MB_5,KK2783,2022-08-17,Grand River T3 2022,Tetragnatha,Spider,Tetragnatha,HESP,HESP_UP,UP,2022-12-21,599,LR465,376,
HESP_UP3_Tetragnatha_MB_6,KK2784,2022-08-17,Grand River T3 2022,Tetragnatha,Spider,Tetragnatha,HESP,HESP_UP,UP,2022-12-21,600,LR465,376,
KIT_DWN3_Tetragnatha_MB_1,KK2785,2022-08-23,Grand River T3 2022,Tetragnatha,Spider,Tetragnatha,KIT,KIT_DWN,DWN,2022-12-21,601,LR465,376,
KIT_DWN3_Tetragnatha_MB_2,KK2786,2022-08-23,Grand River T3 2022,Tetragnatha,Spider,Tetragnatha,KIT,KIT_DWN,DWN,2022-12-21,602,LR465,376,
KIT_DWN3_Tetragnatha_MB_3,KK2787,2022-08-23,Grand River T3 2022,Tetragnatha,Spider,Tetragnatha,KIT,KIT_DWN,DWN,2022-12-21,603,LR465,376,
KIT_DWN3_Tetragnatha_MB_4,KK2788,2022-08-23,Grand River T3 2022,Tetragnatha,Spider,Tetragnatha,KIT,KIT_DWN,DWN,2022-12-21,604,LR465,376,
KIT_DWN3_Tetragnatha_MB_5,KK2789,2022-08-23,Grand River T3 2022,Tetragnatha,Spider,Tetragnatha,KIT,KIT_DWN,DWN,2022-12-21,605,LR466,378,
KIT_DWN3_Tetragnatha_MB_6,KK2790,2022-08-23,Grand River T3 2022,Tetragnatha,Spider,Tetragnatha,KIT,KIT_DWN,DWN,2022-12-21,606,LR466,378,
HESP_DWN3_Tetragnatha_MB_1,KK2791,2022-08-17,Grand River T3 2022,Tetragnatha,Spider,Tetragnatha,HESP,HESP_DWN,DWN,2022-12-21,607,LR466,378,
HESP_DWN3_Tetragnatha_MB_2,KK2792,2022-08-17,Grand River T3 2022,Tetragnatha,Spider,Tetragnatha,HESP,HESP_DWN,DWN,2022-12-21,608,LR466,378,
HESP_DWN3_Tetragnatha_MB_3,KK2793,2022-08-17,Grand River T3 2022,Tetragnatha,Spider,Tetragnatha,HESP,HESP_DWN,DWN,2022-12-21,609,LR466,378,
HESP_DWN3_Tetragnatha_MB_4,KK2794,2022-08-17,Grand River T3 2022,Tetragnatha,Spider,Tetragnatha,HESP,HESP_DWN,DWN,2022-12-21,610,LR466,378,
HESP_DWN3_Tetragnatha_MB_5,KK2795,2022-08-17,Grand River T3 2022,Tetragnatha,Spider,Tetragnatha,HESP,HESP_DWN,DWN,2022-12-21,611,LR466,378,
HESP_DWN3_Tetragnatha_MB_6,KK2796,2022-08-17,Grand River T3 2022,Tetragnatha,Spider,Tetragnatha,HESP,HESP_DWN,DWN,2022-12-21,612,LR466,378,
KIT_UP3_Tetragnatha_MB_1,KK2797,2022-08-24,Grand River T3 2022,Tetragnatha,Spider,Tetragnatha,KIT,KIT_UP,UP,2022-12-21,613,LR466,378,
KIT_UP3_Tetragnatha_MB_2,KK2798,2022-08-24,Grand River T3 2022,Tetragnatha,Spider,Tetragnatha,KIT,KIT_UP,UP,2022-12-21,614,LR466,378,
KIT_UP3_Tetragnatha_MB_3,KK2799,2022-08-24,Grand River T3 2022,Tetragnatha,Spider,Tetragnatha,KIT,KIT_UP,UP,2022-12-21,615,LR466,378,
KIT_UP3_Tetragnatha_MB_4,KK2800,2022-08-24,Grand River T3 2022,Tetragnatha,Spider,Tetragnatha,KIT,KIT_UP,UP,2022-12-21,616,LR466,378,
KIT_UP3_Tetragnatha_MB_5,KK2801,2022-08-24,Grand River T3 2022,Tetragnatha,Spider,Tetragnatha,KIT,KIT_UP,UP,2022-12-21,617,LR466,378,
KIT_UP3_Tetragnatha_MB_6,KK2802,2022-08-24,Grand River T3 2022,Tetragnatha,Spider,Tetragnatha,KIT,KIT_UP,UP,2022-12-21,618,LR466,378,
CAL_UP3_Tetragnatha_MB_1,KK2803,2022-07-16,Grand River T3 2022,Tetragnatha,Spider,Tetragnatha,CAL,CAL_UP,UP,2022-12-21,619,LR466,378,
CAL_UP3_Tetragnatha_MB_2,KK2804,2022-07-16,Grand River T3 2022,Tetragnatha,Spider,Tetragnatha,CAL,CAL_UP,UP,2022-12-21,620,LR466,378,
CAL_UP3_Tetragnatha_MB_3,KK2805,2022-07-16,Grand River T3 2022,Tetragnatha,Spider,Tetragnatha,CAL,CAL_UP,UP,2022-12-21,621,LR466,378,
CAL_UP3_Tetragnatha_MB_4,KK2806,2022-07-16,Grand River T3 2022,Tetragnatha,Spider,Tetragnatha,CAL,CAL_UP,UP,2022-12-21,622,LR466,378,
CAL_UP3_Tetragnatha_MB_5,KK2807,2022-07-16,Grand River T3 2022,Tetragnatha,Spider,Tetragnatha,CAL,CAL_UP,UP,2022-12-21,623,LR466,378,
CAL_UP3_Tetragnatha_MB_6,KK2808,2022-07-16,Grand River T3 2022,Tetragnatha,Spider,Tetragnatha,CAL,CAL_UP,UP,2022-12-21,624,LR466,378,
CAL_DWN3_Tetragnatha_MB_1,KK2809,2022-07-15,Grand River T3 2022,Tetragnatha,Spider,Tetragnatha,CAL,CAL_DWN,DWN,2022-12-21,625,LR466,378,
CAL_DWN3_Tetragnatha_MB_2,KK2810,2022-07-15,Grand River T3 2022,Tetragnatha,Spider,Tetragnatha,CAL,CAL_DWN,DWN,2022-12-21,626,LR466,378,
CAL_DWN3_Tetragnatha_MB_3,KK2811,2022-07-15,Grand River T3 2022,Tetragnatha,Spider,Tetragnatha,CAL,CAL_DWN,DWN,2022-12-21,627,LR466,378,
CAL_DWN3_Tetragnatha_MB_4,KK2812,2022-07-15,Grand River T3 2022,Tetragnatha,Spider,Tetragnatha,CAL,CAL_DWN,DWN,2022-12-21,628,LR466,378,
CAL_DWN3_Tetragnatha_MB_5,KK2813,2022-07-15,Grand River T3 2022,Tetragnatha,Spider,Tetragnatha,CAL,CAL_DWN,DWN,2022-12-21,629,LR466,378,
CAL_DWN3_Tetragnatha_MB_6,KK2814,2022-07-15,Grand River T3 2022,Tetragnatha,Spider,Tetragnatha,CAL,CAL_DWN,DWN,2022-12-21,630,LR466,378,
WAT_UP3_Lar_Chiro_MB_1,KK2815,2022-08-19,Grand River T3 2022,Larvae_Chironomidae,Larvae,Chironomidae,WAT,WAT_UP,UP,2022-12-21,631,LR466,378,
WAT_UP3_Lar_Chiro_MB_2,KK2816,2022-08-19,Grand River T3 2022,Larvae_Chironomidae,Larvae,Chironomidae,WAT,WAT_UP,UP,2022-12-21,632,LR466,378,
WAT_UP3_Lar_Chiro_MB_3,KK2817,2022-08-19,Grand River T3 2022,Larvae_Chironomidae,Larvae,Chironomidae,WAT,WAT_UP,UP,2022-12-21,633,LR466,378,
WAT_UP3_Lar_Chiro_MB_4,KK2818,2022-08-19,Grand River T3 2022,Larvae_Chironomidae,Larvae,Chironomidae,WAT,WAT_UP,UP,2022-12-21,634,LR466,378,
WAT_UP3_Lar_Chiro_MB_5,KK2819,2022-08-19,Grand River T3 2022,Larvae_Chironomidae,Larvae,Chironomidae,WAT,WAT_UP,UP,2022-12-21,635,LR466,378,
WAT_UP3_Lar_Chiro_MB_6,KK2820,2022-08-19,Grand River T3 2022,Larvae_Chironomidae,Larvae,Chironomidae,WAT,WAT_UP,UP,2022-12-21,636,LR466,378,
HESP_UP3_Lar_Chiro_MB_1,KK2821,2022-08-17,Grand River T3 2022,Larvae_Chironomidae,Larvae,Chironomidae,HESP,HESP_UP,UP,2022-12-21,637,LR466,378,
HESP_UP3_Lar_Chiro_MB_2,KK2822,2022-08-17,Grand River T3 2022,Larvae_Chironomidae,Larvae,Chironomidae,HESP,HESP_UP,UP,2022-12-21,638,LR466,378,
HESP_UP3_Lar_Chiro_MB_3,KK2823,2022-08-17,Grand River T3 2022,Larvae_Chironomidae,Larvae,Chironomidae,HESP,HESP_UP,UP,2022-12-21,639,LR466,378,
HESP_UP3_Lar_Chiro_MB_4,KK2824,2022-08-17,Grand River T3 2022,Larvae_Chironomidae,Larvae,Chironomidae,HESP,HESP_UP,UP,2022-12-21,640,LR466,378,
HESP_UP3_Lar_Chiro_MB_5,KK2825,2022-08-17,Grand River T3 2022,Larvae_Chironomidae,Larvae,Chironomidae,HESP,HESP_UP,UP,2022-12-21,641,LR466,378,
HESP_UP3_Lar_Chiro_MB_6,KK2826,2022-08-17,Grand River T3 2022,Larvae_Chironomidae,Larvae,Chironomidae,HESP,HESP_UP,UP,2022-12-21,642,LR466,378,
HESP_DWN3_Lar_Chiro_MB_1,KK2827,2022-08-17,Grand River T3 2022,Larvae_Chironomidae,Larvae,Chironomidae,HESP,HESP_DWN,DWN,2022-12-21,643,LR466,378,
HESP_DWN3_Lar_Chiro_MB_2,KK2828,2022-08-17,Grand River T3 2022,Larvae_Chironomidae,Larvae,Chironomidae,HESP,HESP_DWN,DWN,2022-12-21,644,LR466,378,
HESP_DWN3_Lar_Chiro_MB_3,KK2829,2022-08-17,Grand River T3 2022,Larvae_Chironomidae,Larvae,Chironomidae,HESP,HESP_DWN,DWN,2022-12-21,645,LR466,378,
HESP_DWN3_Lar_Chiro_MB_4,KK2830,2022-08-17,Grand River T3 2022,Larvae_Chironomidae,Larvae,Chironomidae,HESP,HESP_DWN,DWN,2022-12-21,646,LR466,378,
HESP_DWN3_Lar_Chiro_MB_5,KK2831,2022-08-17,Grand River T3 2022,Larvae_Chironomidae,Larvae,Chironomidae,HESP,HESP_DWN,DWN,2022-12-21,647,LR466,378,
HESP_DWN3_Lar_Chiro_MB_6,KK2832,2022-08-17,Grand River T3 2022,Larvae_Chironomidae,Larvae,Chironomidae,HESP,HESP_DWN,DWN,2022-12-21,648,LR466,378,
KIT_UP3_Lar_Chiro_MB_1,KK2833,2022-08-24,Grand River T3 2022,Larvae_Chironomidae,Larvae,Chironomidae,KIT,KIT_UP,UP,2022-12-21,649,LR466,378,
KIT_UP3_Lar_Chiro_MB_2,KK2834,2022-08-24,Grand River T3 2022,Larvae_Chironomidae,Larvae,Chironomidae,KIT,KIT_UP,UP,2022-12-21,650,LR466,378,
KIT_UP3_Lar_Chiro_MB_3,KK2835,2022-08-24,Grand River T3 2022,Larvae_Chironomidae,Larvae,Chironomidae,KIT,KIT_UP,UP,2022-12-21,651,LR466,378,
KIT_UP3_Lar_Chiro_MB_4,KK2836,2022-08-24,Grand River T3 2022,Larvae_Chironomidae,Larvae,Chironomidae,KIT,KIT_UP,UP,2022-12-21,652,LR466,378,
KIT_UP3_Lar_Chiro_MB_5,KK2837,2022-08-24,Grand River T3 2022,Larvae_Chironomidae,Larvae,Chironomidae,KIT,KIT_UP,UP,2022-12-21,653,LR466,378,
KIT_UP3_Lar_Chiro_MB_6,KK2838,2022-08-24,Grand River T3 2022,Larvae_Chironomidae,Larvae,Chironomidae,KIT,KIT_UP,UP,2022-12-21,654,LR466,378,
CAL_DWN3_Lar_Chiro_MB_1,KK2839,2022-07-15,Grand River T3 2022,Larvae_Chironomidae,Larvae,Chironomidae,CAL,CAL_DWN,DWN,2022-12-21,655,LR466,378,
CAL_DWN3_Lar_Chiro_MB_2,KK2840,2022-07-15,Grand River T3 2022,Larvae_Chironomidae,Larvae,Chironomidae,CAL,CAL_DWN,DWN,2022-12-21,656,LR466,378,
CAL_DWN3_Lar_Chiro_MB_3,KK2841,2022-07-15,Grand River T3 2022,Larvae_Chironomidae,Larvae,Chironomidae,CAL,CAL_DWN,DWN,2022-12-21,657,LR466,378,
CAL_DWN3_Lar_Chiro_MB_4,KK2842,2022-07-15,Grand River T3 2022,Larvae_Chironomidae,Larvae,Chironomidae,CAL,CAL_DWN,DWN,2022-12-21,658,LR466,378,
CAL_DWN3_Lar_Chiro_MB_5,KK2843,2022-07-15,Grand River T3 2022,Larvae_Chironomidae,Larvae,Chironomidae,CAL,CAL_DWN,DWN,2022-12-21,659,LR466,378,
CAL_DWN3_Lar_Chiro_MB_6,KK2844,2022-07-15,Grand River T3 2022,Larvae_Chironomidae,Larvae,Chironomidae,CAL,CAL_DWN,DWN,2022-12-21,660,LR466,378,
KIT_DWN3_Lar_Chiro_MB_1,KK2845,2022-08-23,Grand River T3 2022,Larvae_Chironomidae,Larvae,Chironomidae,KIT,KIT_DWN,DWN,2022-12-21,661,LR466,378,
KIT_DWN3_Lar_Chiro_MB_2,KK2846,2022-08-23,Grand River T3 2022,Larvae_Chironomidae,Larvae,Chironomidae,KIT,KIT_DWN,DWN,2022-12-21,662,LR466,378,
KIT_DWN3_Lar_Chiro_MB_3,KK2847,2022-08-23,Grand River T3 2022,Larvae_Chironomidae,Larvae,Chironomidae,KIT,KIT_DWN,DWN,2022-12-21,663,LR466,378,
KIT_DWN3_Lar_Chiro_MB_4,KK2848,2022-08-23,Grand River T3 2022,Larvae_Chironomidae,Larvae,Chironomidae,KIT,KIT_DWN,DWN,2022-12-21,664,LR466,378,
KIT_DWN3_Lar_Chiro_MB_5,KK2849,2022-08-23,Grand River T3 2022,Larvae_Chironomidae,Larvae,Chironomidae,KIT,KIT_DWN,DWN,2022-12-21,665,LR466,378,
KIT_DWN3_Lar_Chiro_MB_6,KK2850,2022-08-23,Grand River T3 2022,Larvae_Chironomidae,Larvae,Chironomidae,KIT,KIT_DWN,DWN,2022-12-21,666,LR466,378,
WAT_DWN3_Lar_Chiro_MB_1,KK2851,2022-08-18,Grand River T3 2022,Larvae_Chironomidae,Larvae,Chironomidae,WAT,WAT_DWN,DWN,2022-12-21,667,LR466,378,
WAT_DWN3_Lar_Chiro_MB_2,KK2852,2022-08-18,Grand River T3 2022,Larvae_Chironomidae,Larvae,Chironomidae,WAT,WAT_DWN,DWN,2022-12-21,668,LR466,378,
WAT_DWN3_Lar_Chiro_MB_3,KK2853,2022-08-18,Grand River T3 2022,Larvae_Chironomidae,Larvae,Chironomidae,WAT,WAT_DWN,DWN,2022-12-21,669,LR466,378,
WAT_DWN3_Lar_Chiro_MB_4,KK2854,2022-08-18,Grand River T3 2022,Larvae_Chironomidae,Larvae,Chironomidae,WAT,WAT_DWN,DWN,2022-12-21,670,LR466,378,
WAT_DWN3_Lar_Chiro_MB_5,KK2855,2022-08-18,Grand River T3 2022,Larvae_Chironomidae,Larvae,Chironomidae,WAT,WAT_DWN,DWN,2022-12-21,671,LR466,378,
WAT_DWN3_Lar_Chiro_MB_6,KK2856,2022-08-18,Grand River T3 2022,Larvae_Chironomidae,Larvae,Chironomidae,WAT,WAT_DWN,DWN,2022-12-21,672,LR466,378,
CAL_UP3_Lar_Chiro_MB_1,KK2857,2022-07-16,Grand River T3 2022,Larvae_Chironomidae,Larvae,Chironomidae,CAL,CAL_UP,UP,2022-12-21,673,LR466,378,
CAL_UP3_Lar_Chiro_MB_2,KK2858,2022-07-16,Grand River T3 2022,Larvae_Chironomidae,Larvae,Chironomidae,CAL,CAL_UP,UP,2022-12-21,674,LR466,378,
CAL_UP3_Lar_Chiro_MB_3,KK2859,2022-07-16,Grand River T3 2022,Larvae_Chironomidae,Larvae,Chironomidae,CAL,CAL_UP,UP,2022-12-21,675,LR466,378,
CAL_UP3_Lar_Chiro_MB_4,KK2860,2022-07-16,Grand River T3 2022,Larvae_Chironomidae,Larvae,Chironomidae,CAL,CAL_UP,UP,2022-12-21,676,LR466,378,
CAL_UP3_Lar_Chiro_MB_5,KK2861,2022-07-16,Grand River T3 2022,Larvae_Chironomidae,Larvae,Chironomidae,CAL,CAL_UP,UP,2022-12-21,677,LR466,378,
CAL_UP3_Lar_Chiro_MB_6,KK2862,2022-07-16,Grand River T3 2022,Larvae_Chironomidae,Larvae,Chironomidae,CAL,CAL_UP,UP,2022-12-21,397,LR466,378,
KIT_DWN3_MBDI_RINSE_MB_1,KK2863,2022-08-23,Grand River T3 2022,MBDI_RINSE,MBDI,RINSE,KIT,KIT_DWN,DWN,2022-12-21,679,LR466,378,
KIT_DWN3_MBDI_RINSE_MB_2,KK2864,2022-08-23,Grand River T3 2022,MBDI_RINSE,MBDI,RINSE,KIT,KIT_DWN,DWN,2022-12-21,680,LR466,378,
KIT_DWN3_SHEET_BLANK_MB_1,KK2865,2022-08-23,Grand River T3 2022,SHEET_BLANK,SHEET,BLANK,KIT,KIT_DWN,DWN,2022-12-21,681,LR466,378,
KIT_DWN3_SHEET_BLANK_MB_2,KK2866,2022-08-23,Grand River T3 2022,SHEET_BLANK,SHEET,BLANK,KIT,KIT_DWN,DWN,2022-12-21,682,LR466,378,
HESP_DWN3_SHEET_BLANK_MB_1,KK2867,2022-08-17,Grand River T3 2022,MBDI_RINSE,MBDI,RINSE,HESP,HESP_DWN,DWN,2022-12-21,683,LR466,378,
HESP_DWN3_SHEET_BLANK_MB_2,KK2868,2022-08-17,Grand River T3 2022,MBDI_RINSE,MBDI,RINSE,HESP,HESP_DWN,DWN,2022-12-21,684,LR466,378,
HESP_DWN3_MBDI_RINSE_MB_1,KK2869,2022-08-17,Grand River T3 2022,SHEET_BLANK,SHEET,BLANK,HESP,HESP_DWN,DWN,2022-12-21,685,LR466,378,
HESP_DWN3_MBDI_RINSE_MB_2,KK2870,2022-08-17,Grand River T3 2022,SHEET_BLANK,SHEET,BLANK,HESP,HESP_DWN,DWN,2022-12-21,686,LR466,378,
,,,,,,,,,,,,,,
