feature	ASV3	ASV5	ASV14	ASV19	ASV40	ASV42	ASV58	ASV74	ASV75	ASV85	ASV99	ASV121	ASV135	ASV146	ASV147	ASV163	ASV191	ASV192	ASV199	ASV201	ASV260	ASV262	ASV280	ASV307	ASV316	ASV340	ASV389	ASV402	ASV423	ASV465	ASV468	ASV477	ASV488	ASV499	ASV503	ASV533	ASV582	ASV622	ASV624	ASV638	ASV667	ASV730	ASV755	ASV783	ASV798	ASV809	ASV824	ASV847	ASV869	ASV870	ASV904	ASV925	ASV944	ASV951	ASV1025	ASV1037	ASV1045	ASV1054	ASV1056	ASV1064	ASV1071	ASV1079	ASV1084	ASV1105	ASV1107	ASV1147	ASV1158	ASV1161	ASV1209	ASV1226	ASV1240	ASV1293	ASV1342	ASV1346	ASV1348	ASV1416	ASV1417	ASV1454	ASV1485	ASV1504	ASV1526	ASV1564	ASV1597	ASV1614	ASV1764	ASV1832	ASV1838	ASV1863	ASV1930	ASV1931	ASV1957	ASV1973	ASV1977	ASV2009	ASV2091	ASV2159	ASV2216	ASV2255	ASV2281	ASV2328	ASV2385	ASV2441	ASV2449	ASV2642	ASV2650	ASV2721	ASV2771	ASV2786	ASV2813	ASV2921	ASV2940	ASV2964	ASV2994	ASV3005	ASV3032	ASV3132	ASV3171	ASV3233	ASV3245	ASV3399	ASV3462	ASV3464	ASV3493	ASV3496	ASV3516	ASV3524	ASV3605	ASV3618	ASV3679	ASV3701	ASV3751	ASV3817	ASV3858	ASV3913	ASV3926	ASV4094	ASV4138	ASV4242	ASV4265	ASV4322	ASV4339	ASV4412	ASV4518	ASV4553	ASV4592	ASV4598	ASV4755	ASV4810	ASV4825	ASV5048	ASV5131	ASV5145	ASV5215	ASV5340	ASV5353	ASV5414	ASV5457	ASV5501	ASV5556	ASV5593	ASV5616	ASV5622	ASV5764	ASV5848	ASV5905	ASV5917	ASV6001	ASV6060	ASV6116	ASV6374	ASV6581	ASV6655	ASV6767	ASV6861	ASV6870	ASV6994	ASV7104	ASV7144	ASV7218	ASV7333	ASV7440	ASV7687	ASV7715	ASV7787	ASV8121	ASV8252	ASV8261	ASV8434	ASV8631	ASV8876	ASV8895	ASV9030	ASV9097	ASV9350	ASV9429	ASV9686	ASV9858	ASV9955	ASV10083	ASV10375	ASV10659	ASV10697	ASV11143	ASV11373	ASV11425	ASV11429	ASV11682	ASV11900	ASV12240	ASV12640	ASV13076	ASV14524	ASV14888	ASV14900	ASV15845	ASV16491	ASV18255
KK2530	-0.0863837359560326	NA	NA	NA	NA	NA	NA	-8.99561013993561	NA	NA	NA	NA	NA	NA	NA	NA	NA	NA	NA	NA	NA	NA	-6.25864454576941	NA	NA	NA	NA	-6.91760762793434	NA	-8.58057264065677	-9.58057264065677	NA	NA	NA	NA	NA	NA	NA	NA	NA	-7.46509542323683	NA	NA	NA	NA	NA	NA	-10.5805726406568	NA	-10.1655351413779	NA	NA	NA	NA	-7.77321771859916	NA	NA	NA	NA	NA	NA	NA	NA	NA	-8.25864454576941	NA	NA	NA	NA	NA	-7.58057264065677	NA	NA	NA	-9.35818021932032	-8.58057264065677	NA	NA	NA	NA	NA	NA	NA	NA	NA	NA	NA	NA	NA	NA	NA	NA	NA	NA	NA	NA	NA	NA	NA	NA	NA	NA	NA	NA	NA	-9.35818021932032	NA	NA	NA	NA	NA	NA	NA	NA	NA	NA	NA	NA	NA	NA	NA	NA	NA	NA	NA	NA	NA	NA	NA	NA	NA	NA	NA	NA	NA	NA	NA	NA	NA	NA	NA	NA	NA	NA	NA	NA	NA	NA	NA	NA	NA	NA	NA	NA	NA	-7.64197318532091	NA	NA	NA	NA	NA	NA	NA	NA	NA	NA	NA	NA	NA	NA	NA	NA	NA	NA	NA	NA	NA	NA	NA	NA	NA	NA	NA	NA	NA	NA	NA	NA	NA	NA	NA	NA	NA	NA	NA	NA	NA	NA	NA	NA	NA	NA	NA	NA	NA	NA	NA	NA	NA	NA	NA	NA	NA	NA	NA	NA	NA
KK2531	NA	NA	NA	NA	NA	NA	NA	-5.67519602659664	NA	NA	NA	NA	NA	NA	NA	NA	NA	NA	NA	NA	NA	NA	-4.01670449045352	NA	NA	NA	NA	NA	-2.89641025673581	-6.2601585273178	-7.09969385512455	NA	NA	NA	NA	NA	-4.44073077295962	NA	NA	NA	NA	NA	NA	NA	NA	-7.64718165042704	-5.70376517879341	NA	NA	-4.97258193722121	-6.54026644651053	NA	NA	NA	-3.21833835162317	NA	NA	-3.92135661386604	-4.74770852638101	NA	NA	-7.76265886784698	NA	NA	-5.02569327368077	NA	NA	-5.37034144506822	NA	NA	NA	NA	NA	NA	-4.01670449045352	NA	-7.09969385512455	NA	NA	NA	NA	NA	NA	NA	NA	NA	-6.64718165042704	-4.52744240615295	NA	NA	NA	NA	NA	NA	-5.67519602659664	NA	NA	NA	-4.67519602659664	-5.46497831920629	NA	NA	NA	NA	NA	NA	NA	NA	NA	NA	NA	NA	NA	NA	NA	NA	NA	NA	NA	NA	NA	NA	NA	NA	NA	NA	NA	NA	NA	NA	-7.17769636712582	NA	NA	NA	NA	NA	NA	NA	NA	NA	NA	NA	NA	NA	NA	NA	NA	NA	NA	NA	NA	NA	NA	NA	NA	NA	NA	NA	NA	NA	NA	NA	NA	NA	NA	NA	NA	-6.39342505818126	NA	-6.95530394578937	NA	NA	NA	-6.30322724920968	NA	NA	NA	NA	NA	NA	NA	NA	NA	-7.34762136856813	NA	NA	NA	NA	NA	NA	NA	NA	-7.64718165042704	NA	NA	NA	NA	NA	NA	NA	NA	NA	-7.64718165042704	NA	NA	NA	NA	NA	NA	NA	NA	NA	NA	NA	NA	NA	NA
KK2532	-6.21593739919915	NA	NA	NA	NA	NA	NA	NA	NA	NA	NA	NA	NA	NA	NA	NA	NA	NA	NA	NA	NA	NA	NA	NA	NA	-3.9935449778627	NA	NA	-1.84670358953343	NA	NA	NA	NA	NA	NA	NA	NA	NA	NA	NA	NA	NA	NA	NA	-4.63097489847799	NA	NA	NA	NA	-4.21593739919915	-3.63097489847799	NA	NA	NA	-4.10046018177921	-3.34146828128301	NA	NA	NA	NA	NA	NA	NA	NA	NA	NA	NA	NA	NA	NA	NA	NA	NA	NA	NA	NA	-5.21593739919915	NA	NA	NA	NA	NA	NA	NA	NA	NA	NA	NA	NA	NA	NA	NA	NA	NA	NA	NA	NA	NA	-3.9935449778627	NA	NA	NA	NA	NA	NA	NA	NA	NA	NA	NA	NA	NA	NA	NA	NA	NA	NA	NA	NA	NA	NA	NA	NA	NA	NA	NA	NA	NA	NA	NA	NA	NA	NA	NA	NA	NA	NA	NA	NA	NA	NA	NA	NA	NA	NA	NA	NA	NA	NA	NA	NA	NA	NA	NA	NA	NA	NA	NA	NA	NA	NA	NA	NA	NA	NA	NA	NA	NA	NA	-2.71343705866997	NA	NA	NA	NA	NA	NA	NA	NA	NA	NA	NA	NA	NA	NA	NA	NA	NA	NA	NA	NA	NA	NA	NA	NA	NA	NA	NA	NA	NA	NA	NA	NA	NA	NA	NA	NA	NA	NA	NA	NA	NA	NA	NA	NA	NA	NA	NA
KK2533	-0.289352491342492	NA	NA	NA	NA	NA	NA	NA	NA	NA	NA	NA	NA	NA	NA	NA	NA	NA	NA	NA	NA	NA	NA	NA	NA	NA	NA	NA	NA	NA	NA	NA	NA	NA	-5.63005039024969	NA	-6.4374053123073	NA	NA	NA	NA	NA	NA	NA	NA	NA	NA	NA	NA	-6.11547721741994	NA	NA	NA	NA	-4.93490497177812	NA	-5.85244281158614	NA	NA	NA	NA	NA	NA	NA	NA	NA	NA	NA	NA	NA	NA	NA	NA	NA	-5.70043971814109	NA	NA	NA	NA	NA	NA	NA	NA	NA	NA	NA	NA	NA	NA	NA	NA	NA	NA	NA	NA	NA	NA	NA	-4.85244281158614	NA	NA	NA	NA	NA	NA	-7.21501289097085	NA	NA	NA	NA	NA	NA	NA	NA	NA	NA	NA	NA	NA	NA	NA	NA	NA	NA	NA	NA	NA	NA	NA	NA	NA	NA	NA	NA	NA	NA	NA	NA	NA	NA	NA	NA	-7.21501289097085	NA	NA	NA	NA	NA	NA	NA	NA	NA	NA	NA	NA	NA	NA	NA	NA	NA	NA	NA	NA	-8.4374053123073	NA	NA	NA	NA	NA	NA	NA	NA	NA	NA	NA	NA	NA	NA	NA	NA	NA	NA	NA	NA	NA	NA	NA	NA	NA	NA	NA	NA	NA	NA	NA	NA	NA	NA	NA	NA	NA	NA	NA	NA	NA	NA	NA	NA	NA	NA	NA	NA	NA	NA	NA	NA	NA
KK2534	-7.26209484537018	NA	NA	NA	NA	NA	NA	NA	NA	NA	NA	NA	NA	NA	NA	NA	NA	NA	NA	NA	NA	NA	NA	-5.67713234464902	NA	NA	NA	NA	-1.22867184383273	NA	-6.94016675048282	NA	NA	NA	NA	NA	-4.56165512722909	NA	NA	NA	NA	NA	NA	NA	-5.56165512722909	NA	NA	NA	NA	-5.35520424976166	-5.94016675048282	NA	NA	NA	-3.94016675048282	NA	-5.26209484537018	NA	NA	NA	NA	-3.3078985349833	NA	NA	NA	NA	NA	NA	NA	NA	NA	NA	NA	NA	NA	NA	NA	-3.50720734320671	NA	NA	NA	NA	NA	NA	NA	NA	NA	NA	NA	NA	NA	NA	NA	-4.26209484537018	NA	NA	NA	NA	NA	NA	NA	NA	NA	NA	NA	NA	NA	NA	NA	NA	NA	NA	NA	NA	NA	NA	NA	NA	NA	NA	NA	NA	NA	NA	NA	NA	NA	NA	NA	NA	NA	NA	NA	NA	NA	NA	NA	NA	NA	NA	NA	NA	NA	NA	NA	NA	NA	NA	NA	NA	NA	NA	NA	NA	NA	NA	NA	NA	NA	NA	NA	NA	NA	NA	NA	NA	NA	NA	NA	NA	NA	NA	NA	NA	NA	NA	NA	NA	NA	NA	NA	NA	NA	NA	NA	NA	-6.09216984392787	NA	NA	NA	NA	NA	NA	NA	NA	NA	NA	NA	NA	NA	NA	NA	NA	NA	NA	NA	NA	NA	NA	NA	NA	NA	NA	NA	NA	NA	NA
KK2535	-4.15696616287069	NA	NA	NA	NA	NA	NA	NA	NA	NA	NA	NA	NA	NA	NA	NA	NA	-8.76182822102955	NA	NA	NA	NA	-9.02486262686334	-10.7618282210295	NA	NA	NA	-0.821759376626702	NA	NA	NA	NA	NA	NA	NA	NA	NA	NA	NA	NA	NA	NA	NA	NA	NA	NA	NA	NA	NA	NA	NA	NA	NA	NA	-8.3467907217507	NA	NA	NA	NA	NA	NA	NA	NA	NA	NA	NA	NA	NA	NA	NA	NA	NA	NA	NA	NA	NA	NA	NA	NA	NA	NA	NA	NA	NA	NA	NA	NA	NA	NA	NA	NA	NA	NA	NA	NA	NA	NA	NA	NA	NA	NA	NA	NA	NA	NA	NA	NA	NA	NA	NA	NA	NA	NA	NA	NA	NA	NA	NA	NA	NA	NA	NA	NA	NA	NA	NA	NA	NA	NA	NA	NA	NA	NA	NA	NA	NA	NA	NA	NA	NA	NA	NA	NA	NA	NA	NA	NA	NA	NA	NA	NA	NA	NA	NA	NA	NA	NA	NA	NA	NA	NA	NA	NA	NA	NA	NA	NA	NA	NA	NA	NA	NA	NA	-10.7618282210295	NA	NA	NA	NA	NA	NA	NA	NA	NA	NA	NA	NA	NA	NA	NA	NA	NA	NA	NA	NA	NA	NA	NA	NA	NA	NA	NA	NA	NA	NA	NA	NA	NA	NA	NA	NA	NA	NA	NA	NA	NA	NA	NA
KK2537	NA	NA	NA	NA	NA	NA	NA	NA	NA	NA	NA	NA	NA	NA	NA	NA	NA	NA	NA	NA	NA	NA	-3.20255600568228	-0.923696632686803	NA	NA	NA	NA	NA	NA	NA	NA	NA	NA	NA	NA	NA	-2.63180736418082	NA	NA	NA	NA	NA	NA	NA	NA	NA	NA	NA	NA	NA	NA	NA	NA	NA	NA	NA	NA	NA	NA	NA	NA	NA	NA	NA	NA	NA	NA	NA	NA	NA	NA	NA	NA	NA	NA	NA	NA	NA	NA	NA	NA	NA	NA	-2.30133416016045	NA	NA	NA	NA	NA	NA	NA	NA	NA	NA	NA	NA	NA	NA	NA	NA	NA	NA	NA	NA	NA	NA	NA	NA	NA	NA	NA	NA	NA	NA	NA	NA	NA	NA	NA	NA	NA	NA	NA	NA	NA	NA	NA	NA	NA	NA	NA	NA	NA	NA	NA	NA	NA	NA	NA	NA	NA	NA	NA	NA	NA	NA	NA	NA	NA	NA	NA	NA	NA	NA	NA	NA	NA	NA	NA	NA	NA	NA	NA	NA	NA	NA	NA	NA	NA	NA	NA	NA	NA	NA	NA	NA	NA	NA	NA	NA	NA	NA	NA	NA	NA	NA	NA	NA	NA	NA	NA	NA	NA	NA	NA	NA	NA	NA	NA	NA	NA	NA	NA	NA	NA	NA	NA	NA	NA	NA	NA	NA	NA	NA	NA	NA
KK2538	NA	NA	NA	NA	NA	NA	NA	NA	NA	NA	NA	NA	NA	NA	NA	NA	NA	NA	NA	NA	NA	NA	NA	NA	NA	NA	NA	NA	-2.13375138888883	NA	-5.77760757866355	NA	NA	NA	NA	NA	NA	NA	NA	NA	NA	NA	NA	NA	NA	NA	NA	NA	NA	-1.87071698305503	NA	NA	NA	NA	-1.63076619033428	NA	NA	NA	NA	NA	NA	NA	NA	NA	NA	NA	NA	NA	NA	NA	NA	NA	NA	NA	NA	NA	NA	NA	NA	NA	NA	NA	NA	NA	NA	NA	NA	NA	NA	NA	NA	NA	NA	NA	NA	NA	NA	NA	NA	NA	NA	NA	NA	NA	NA	NA	NA	NA	NA	NA	NA	NA	NA	NA	NA	NA	NA	NA	NA	NA	NA	NA	NA	NA	NA	NA	NA	NA	NA	NA	NA	NA	NA	NA	NA	NA	NA	NA	NA	NA	NA	-2.66609926344656	NA	NA	NA	NA	NA	NA	NA	NA	NA	NA	NA	NA	NA	NA	NA	NA	NA	NA	NA	NA	NA	NA	NA	NA	NA	NA	NA	NA	NA	NA	NA	NA	NA	NA	NA	NA	NA	NA	NA	NA	NA	NA	NA	NA	NA	NA	NA	NA	NA	NA	NA	NA	NA	NA	NA	NA	NA	NA	NA	NA	NA	NA	NA	NA	NA	NA	NA	NA	NA	NA	NA	NA	NA	NA	NA
KK2539	-6.59494658929378	NA	NA	NA	NA	NA	NA	NA	NA	NA	NA	NA	NA	NA	NA	NA	NA	NA	NA	NA	NA	NA	NA	-2.50748374804344	NA	NA	NA	NA	NA	NA	NA	NA	NA	NA	NA	NA	NA	NA	NA	NA	NA	NA	NA	NA	-2.82235708539685	NA	NA	NA	NA	NA	NA	NA	NA	NA	NA	NA	NA	NA	NA	NA	NA	NA	NA	NA	NA	NA	NA	NA	NA	NA	NA	NA	NA	NA	NA	NA	NA	NA	NA	NA	-1.14648608847748	NA	NA	NA	-2.32192809488736	NA	NA	NA	NA	NA	NA	NA	NA	NA	NA	NA	NA	NA	NA	NA	NA	NA	NA	NA	NA	NA	NA	NA	NA	NA	NA	NA	NA	NA	NA	NA	NA	NA	NA	NA	NA	NA	NA	NA	NA	NA	NA	NA	NA	NA	NA	NA	NA	-5.59494658929378	NA	NA	NA	NA	NA	NA	NA	NA	NA	NA	NA	NA	NA	NA	NA	NA	NA	NA	NA	NA	NA	NA	NA	NA	NA	NA	NA	NA	NA	NA	NA	NA	NA	NA	NA	NA	NA	NA	NA	NA	NA	NA	NA	NA	NA	NA	NA	NA	NA	NA	NA	NA	NA	NA	NA	NA	NA	NA	NA	NA	NA	NA	NA	NA	NA	NA	NA	NA	NA	NA	NA	NA	NA	NA	NA	NA	NA	NA	NA	NA	NA	NA	NA
KK2540	-11.3279268355088	NA	NA	NA	NA	NA	NA	NA	NA	NA	NA	NA	NA	NA	NA	NA	NA	NA	NA	NA	NA	NA	-4.279894139087	-7.18496888166676	NA	NA	NA	NA	NA	NA	-4.55533733161188	NA	NA	NA	NA	NA	NA	-3.05335454984731	NA	NA	NA	NA	NA	NA	-8.5205719134512	NA	NA	NA	-2.07053899281615	-5.76314221672528	NA	NA	NA	NA	NA	NA	NA	NA	NA	NA	NA	NA	NA	NA	NA	NA	-3.63676493095572	NA	NA	NA	NA	NA	NA	NA	-4.02110563301165	NA	NA	NA	-3.10553441417236	NA	NA	NA	NA	NA	-4.22989475254828	NA	NA	NA	NA	NA	NA	NA	NA	NA	NA	NA	NA	NA	NA	-4.79394826350645	NA	NA	NA	NA	NA	NA	NA	NA	NA	-6.07999932206522	-4.47826110859324	NA	NA	NA	-4.21592180999567	NA	NA	NA	NA	NA	-4.82013219531011	NA	NA	NA	NA	NA	NA	NA	NA	NA	NA	NA	NA	NA	NA	NA	NA	NA	NA	NA	NA	NA	NA	NA	NA	NA	NA	NA	NA	NA	NA	NA	NA	NA	NA	NA	NA	NA	NA	NA	NA	NA	NA	NA	NA	NA	NA	NA	NA	NA	NA	NA	NA	NA	NA	NA	NA	NA	NA	NA	NA	NA	NA	NA	NA	NA	NA	NA	NA	NA	-7.95869302584309	NA	NA	NA	NA	NA	NA	NA	NA	NA	NA	NA	NA	NA	NA	NA	NA	NA	NA	NA	NA	NA	NA	NA	NA	NA	NA
KK2541	-9.19167614635243	NA	NA	NA	NA	NA	NA	NA	NA	NA	NA	NA	NA	NA	NA	NA	NA	NA	NA	NA	NA	NA	NA	NA	NA	NA	NA	NA	-4.53346466360063	NA	-7.86974805146507	NA	NA	NA	-7.38432122429482	NA	NA	NA	NA	NA	NA	NA	NA	NA	NA	NA	NA	NA	NA	-4.20299145958026	-2.94374863290884	NA	NA	NA	-2.03180480957404	NA	NA	NA	NA	NA	NA	NA	NA	NA	NA	NA	NA	-3.96285745585655	NA	NA	NA	NA	NA	NA	NA	NA	NA	-3.56231952627282	NA	NA	NA	NA	NA	NA	-3.27281290907783	NA	-3.58434583260282	-4.39726028000232	NA	NA	NA	NA	NA	NA	NA	NA	NA	NA	NA	NA	NA	NA	NA	NA	NA	NA	NA	NA	NA	NA	-9.19167614635243	NA	NA	NA	NA	NA	NA	NA	NA	NA	NA	NA	NA	NA	NA	NA	NA	NA	NA	NA	-3.97250762589027	NA	NA	NA	NA	NA	NA	NA	NA	NA	NA	NA	NA	NA	NA	NA	NA	NA	NA	NA	NA	NA	NA	NA	NA	NA	NA	NA	NA	NA	NA	NA	NA	NA	NA	NA	NA	NA	NA	NA	NA	NA	NA	NA	NA	NA	NA	NA	NA	NA	NA	NA	NA	NA	NA	NA	NA	NA	NA	NA	NA	NA	NA	NA	NA	NA	NA	NA	NA	NA	NA	NA	NA	NA	NA	NA	NA	NA	NA	NA	NA	NA	NA	NA	NA	NA	NA
KK2542	-5.15987133677839	NA	NA	NA	NA	NA	NA	NA	NA	NA	NA	NA	NA	NA	NA	NA	NA	NA	NA	NA	NA	NA	NA	NA	NA	NA	NA	NA	NA	NA	NA	NA	NA	NA	NA	NA	NA	NA	NA	NA	NA	NA	NA	NA	NA	NA	NA	NA	NA	NA	NA	NA	NA	NA	NA	NA	NA	NA	NA	NA	NA	NA	NA	NA	NA	NA	NA	NA	NA	NA	NA	NA	NA	NA	NA	NA	NA	NA	NA	NA	NA	NA	NA	NA	NA	NA	NA	NA	NA	NA	NA	NA	NA	NA	NA	NA	NA	NA	NA	NA	NA	NA	-0.0409302640548821	NA	NA	NA	NA	NA	NA	NA	NA	NA	NA	NA	NA	NA	NA	NA	NA	NA	NA	NA	NA	NA	NA	NA	NA	NA	NA	NA	NA	NA	NA	NA	NA	NA	NA	NA	NA	NA	NA	NA	NA	NA	NA	NA	NA	NA	NA	NA	NA	NA	NA	NA	NA	NA	NA	NA	NA	NA	NA	NA	NA	NA	NA	NA	NA	NA	NA	NA	NA	NA	NA	NA	NA	NA	NA	NA	NA	NA	NA	NA	NA	NA	NA	NA	NA	NA	NA	NA	NA	NA	NA	NA	NA	NA	NA	NA	NA	NA	NA	NA	NA	NA	NA	NA	NA	NA	NA	NA	NA	NA	NA	NA	NA	NA	NA
KK2543	-8.9962380812038	NA	NA	NA	NA	NA	NA	NA	NA	NA	NA	NA	NA	NA	NA	NA	NA	NA	NA	NA	NA	NA	NA	-1.95184396184535	NA	NA	NA	NA	-1.81301625714803	NA	-5.88076086378386	NA	NA	NA	NA	NA	NA	NA	NA	NA	NA	NA	NA	NA	NA	NA	NA	NA	NA	-3.16334806703906	NA	NA	NA	NA	NA	NA	NA	NA	NA	NA	NA	NA	NA	NA	NA	NA	NA	NA	NA	NA	NA	NA	NA	NA	NA	NA	NA	NA	NA	NA	NA	NA	NA	NA	NA	NA	NA	-2.50973821936833	NA	NA	NA	NA	NA	NA	NA	NA	NA	NA	NA	NA	NA	NA	NA	NA	NA	NA	NA	NA	NA	NA	NA	NA	NA	NA	NA	NA	NA	NA	NA	NA	NA	NA	-7.58120058192496	NA	NA	NA	NA	NA	NA	NA	NA	NA	NA	NA	NA	NA	-4.5588327688965	NA	NA	NA	NA	NA	NA	NA	NA	NA	NA	NA	NA	NA	NA	NA	NA	NA	NA	NA	NA	NA	NA	NA	NA	NA	NA	NA	NA	NA	NA	NA	NA	NA	NA	NA	NA	NA	NA	NA	NA	NA	NA	NA	NA	NA	NA	NA	NA	NA	NA	NA	NA	NA	NA	NA	NA	NA	NA	NA	NA	NA	NA	NA	NA	NA	NA	NA	NA	NA	NA	NA	NA	NA	NA	NA	NA	NA	NA	NA	NA
KK2544	NA	-0.101506120077425	NA	NA	NA	NA	NA	NA	NA	NA	NA	NA	NA	NA	NA	NA	NA	NA	NA	NA	NA	NA	NA	NA	NA	NA	NA	NA	NA	NA	NA	NA	NA	NA	NA	NA	NA	NA	NA	NA	NA	NA	NA	NA	NA	NA	NA	NA	NA	NA	NA	NA	NA	NA	NA	NA	NA	NA	NA	NA	NA	NA	NA	NA	NA	NA	NA	NA	NA	NA	NA	NA	NA	NA	NA	NA	NA	NA	NA	NA	NA	NA	NA	NA	NA	NA	NA	NA	NA	NA	NA	NA	NA	NA	NA	NA	NA	NA	NA	NA	NA	NA	NA	NA	NA	NA	NA	NA	NA	NA	NA	NA	NA	NA	NA	NA	NA	NA	-3.87958324961278	NA	NA	NA	NA	NA	NA	NA	NA	NA	NA	NA	NA	NA	NA	NA	NA	NA	NA	NA	NA	NA	NA	NA	NA	NA	NA	NA	NA	NA	NA	NA	NA	NA	NA	NA	NA	NA	NA	NA	NA	NA	NA	NA	NA	NA	NA	NA	NA	NA	NA	NA	NA	NA	NA	NA	NA	NA	NA	NA	NA	NA	NA	NA	NA	NA	NA	NA	NA	NA	NA	NA	NA	NA	NA	NA	NA	NA	NA	NA	NA	NA	NA	NA	NA	NA	NA	NA	NA	NA	NA	NA	NA	NA	NA	NA	NA	NA	NA
KK2546	-8.58120058192496	NA	NA	NA	NA	NA	NA	NA	NA	NA	NA	NA	NA	NA	NA	NA	NA	NA	NA	NA	NA	NA	NA	-3.35880816058851	NA	-2.77384565986735	NA	NA	-2.26529627466536	NA	-2.9763385237661	NA	NA	NA	NA	NA	NA	NA	NA	NA	NA	NA	NA	NA	NA	NA	NA	-1.96159193839691	NA	-3.59630747431517	-5.16616308264611	NA	NA	NA	NA	NA	NA	NA	NA	NA	NA	NA	NA	NA	NA	NA	NA	NA	NA	NA	NA	NA	NA	NA	NA	NA	NA	NA	NA	NA	NA	NA	NA	NA	NA	NA	-4.28352003328427	NA	NA	NA	NA	NA	NA	NA	NA	NA	NA	NA	NA	NA	NA	NA	NA	NA	NA	NA	NA	NA	NA	NA	NA	NA	NA	NA	NA	NA	NA	NA	NA	NA	NA	NA	NA	NA	NA	NA	NA	NA	NA	NA	NA	NA	NA	NA	NA	NA	NA	NA	NA	NA	NA	NA	NA	NA	NA	NA	NA	NA	NA	NA	NA	NA	NA	NA	NA	NA	NA	NA	NA	NA	NA	NA	NA	NA	NA	NA	NA	NA	NA	NA	NA	NA	NA	NA	NA	NA	NA	NA	NA	NA	NA	NA	NA	NA	NA	NA	NA	NA	NA	NA	NA	NA	NA	NA	NA	NA	NA	NA	NA	NA	NA	NA	NA	NA	NA	NA	NA	NA	NA	NA	NA	NA	NA	NA	NA	NA	NA
KK2547	NA	NA	NA	NA	NA	NA	-4.55405645913544	NA	NA	NA	NA	NA	-4.41125585873642	NA	NA	NA	NA	NA	NA	NA	-6.18132976471456	NA	-3.04617018143293	NA	NA	NA	NA	NA	-2.39436008284732	NA	-7.6667565918848	NA	NA	NA	NA	NA	-5.09386692346422	NA	NA	NA	NA	NA	NA	NA	NA	NA	NA	NA	NA	NA	NA	NA	NA	NA	NA	NA	NA	NA	NA	NA	NA	-4.33763299559324	NA	-3.15579467260742	NA	NA	NA	NA	NA	NA	NA	NA	NA	NA	NA	NA	NA	NA	NA	NA	NA	NA	NA	-5.10604163741032	NA	NA	NA	NA	NA	NA	NA	NA	NA	NA	NA	NA	NA	NA	NA	NA	NA	NA	NA	NA	NA	NA	NA	NA	NA	NA	NA	NA	NA	NA	NA	NA	NA	NA	NA	NA	NA	NA	NA	NA	NA	NA	NA	NA	NA	NA	NA	NA	NA	NA	NA	NA	NA	NA	NA	NA	NA	NA	NA	NA	NA	NA	NA	NA	NA	NA	NA	NA	NA	NA	NA	NA	NA	NA	NA	NA	NA	NA	NA	NA	NA	NA	NA	NA	NA	NA	NA	NA	NA	NA	NA	NA	NA	NA	NA	NA	NA	NA	NA	NA	NA	NA	NA	NA	NA	NA	NA	NA	NA	NA	NA	NA	NA	NA	NA	NA	NA	NA	NA	NA	NA	NA	NA	NA	NA	NA	NA	NA	NA	NA	NA	NA	NA
KK2548	NA	NA	NA	-5.89481776330794	NA	NA	NA	NA	NA	NA	NA	NA	NA	NA	NA	NA	NA	NA	NA	NA	NA	NA	NA	NA	NA	NA	NA	NA	-1.37125580725093	NA	-3.08746284125034	NA	NA	NA	NA	NA	NA	NA	NA	NA	NA	NA	NA	NA	NA	NA	NA	NA	NA	NA	NA	NA	NA	NA	NA	NA	NA	NA	NA	NA	NA	NA	NA	NA	NA	NA	NA	NA	NA	NA	NA	NA	NA	NA	NA	NA	NA	NA	NA	NA	NA	NA	NA	NA	NA	NA	NA	NA	NA	NA	NA	NA	NA	NA	NA	NA	NA	NA	NA	NA	NA	NA	NA	NA	NA	NA	NA	NA	NA	NA	NA	NA	NA	NA	NA	NA	NA	NA	NA	NA	NA	NA	NA	NA	NA	NA	NA	NA	NA	NA	NA	NA	NA	NA	NA	NA	NA	NA	NA	NA	NA	NA	NA	NA	NA	NA	NA	NA	NA	NA	NA	NA	NA	NA	NA	NA	NA	NA	NA	NA	NA	NA	NA	NA	NA	NA	NA	NA	NA	NA	NA	NA	NA	NA	NA	NA	NA	NA	NA	NA	NA	NA	NA	NA	NA	NA	NA	NA	NA	NA	NA	NA	NA	NA	NA	NA	NA	NA	NA	NA	NA	NA	NA	NA	NA	NA	NA	NA	NA	NA	NA	NA	NA	NA	NA	NA	NA
KK2549	-3.64385618977472	NA	NA	NA	NA	NA	NA	NA	NA	NA	NA	NA	NA	NA	NA	NA	NA	NA	NA	NA	NA	NA	NA	NA	NA	NA	NA	NA	NA	NA	NA	NA	NA	NA	NA	NA	NA	NA	NA	NA	NA	NA	NA	NA	NA	NA	NA	NA	NA	NA	NA	NA	NA	NA	NA	NA	NA	NA	NA	NA	NA	NA	NA	NA	NA	NA	NA	NA	NA	NA	NA	NA	NA	NA	NA	NA	NA	NA	NA	NA	NA	NA	NA	NA	NA	NA	NA	NA	NA	NA	NA	NA	NA	NA	NA	NA	NA	NA	NA	NA	NA	NA	NA	NA	NA	NA	NA	NA	NA	NA	NA	NA	NA	NA	NA	NA	NA	NA	NA	NA	NA	NA	NA	NA	NA	NA	NA	NA	NA	NA	NA	NA	NA	NA	NA	NA	NA	NA	NA	NA	NA	NA	NA	NA	NA	NA	NA	NA	NA	NA	NA	NA	NA	NA	NA	NA	NA	NA	NA	NA	NA	NA	NA	NA	NA	NA	NA	NA	NA	NA	NA	NA	NA	NA	NA	NA	NA	NA	NA	NA	NA	NA	NA	NA	NA	NA	NA	NA	NA	NA	-0.120294233717712	NA	NA	NA	NA	NA	NA	NA	NA	NA	NA	NA	NA	NA	NA	NA	NA	NA	NA	NA	NA	NA	NA	NA	NA	NA	NA
KK2550	NA	NA	NA	NA	NA	NA	NA	NA	NA	NA	NA	NA	-1.80444919088219	NA	NA	NA	NA	NA	NA	NA	NA	NA	NA	-1.89891387488569	NA	NA	NA	NA	NA	NA	NA	NA	NA	NA	NA	NA	NA	NA	NA	NA	NA	NA	NA	NA	NA	NA	NA	NA	NA	NA	NA	NA	NA	NA	NA	NA	NA	NA	NA	NA	NA	NA	NA	NA	NA	NA	NA	NA	NA	NA	NA	NA	NA	NA	NA	NA	NA	NA	NA	NA	NA	NA	NA	NA	NA	NA	-2.95419631038688	NA	NA	NA	NA	NA	NA	NA	NA	NA	NA	NA	NA	NA	NA	NA	NA	NA	NA	NA	NA	NA	NA	NA	NA	NA	NA	NA	NA	NA	NA	NA	NA	NA	NA	NA	NA	NA	NA	NA	NA	-3.63226821549951	NA	NA	NA	NA	NA	NA	NA	NA	NA	NA	NA	NA	NA	NA	NA	NA	NA	NA	NA	NA	NA	NA	NA	NA	NA	NA	NA	NA	NA	NA	NA	NA	NA	NA	NA	NA	NA	NA	NA	NA	-2.44640167018818	NA	NA	NA	NA	NA	NA	NA	NA	NA	NA	NA	NA	NA	NA	-4.43063435432986	NA	NA	NA	NA	NA	NA	NA	NA	NA	NA	NA	NA	NA	NA	NA	NA	NA	NA	NA	NA	NA	NA	-7.36923380966572	NA	NA	NA	NA	NA	NA	NA	NA	NA	NA
KK2551	NA	NA	NA	NA	NA	NA	NA	NA	NA	NA	NA	NA	-1.92891690193852	NA	NA	NA	NA	NA	NA	NA	NA	NA	NA	NA	NA	NA	NA	NA	-2.14822993034299	NA	-3.4594316186373	NA	NA	NA	NA	NA	NA	NA	NA	NA	NA	NA	NA	NA	NA	NA	NA	NA	NA	NA	NA	NA	NA	NA	NA	NA	NA	NA	NA	NA	NA	NA	NA	NA	NA	NA	NA	NA	NA	NA	NA	NA	NA	NA	NA	NA	NA	NA	NA	NA	NA	NA	NA	NA	NA	NA	NA	NA	NA	NA	NA	NA	NA	NA	NA	NA	NA	NA	NA	NA	NA	NA	NA	NA	NA	NA	-1.94753258010586	NA	NA	NA	NA	NA	NA	NA	NA	NA	NA	NA	NA	NA	NA	NA	NA	NA	NA	NA	NA	NA	NA	NA	NA	NA	NA	NA	NA	NA	NA	NA	NA	NA	NA	NA	NA	NA	NA	NA	NA	NA	NA	NA	NA	NA	NA	NA	NA	NA	NA	NA	NA	NA	NA	NA	NA	NA	NA	NA	NA	NA	NA	NA	NA	NA	NA	NA	NA	NA	NA	NA	NA	NA	NA	NA	NA	NA	NA	NA	NA	NA	NA	NA	NA	NA	NA	NA	NA	NA	NA	NA	NA	NA	NA	NA	NA	NA	NA	NA	NA	NA	NA	NA	NA	NA	NA	NA	NA	NA	NA
KK2552	-3	NA	NA	NA	NA	NA	-1.67807190511264	NA	NA	NA	NA	NA	NA	NA	NA	NA	NA	NA	NA	NA	NA	NA	NA	NA	NA	NA	NA	NA	NA	NA	NA	NA	NA	NA	NA	NA	NA	NA	NA	NA	NA	NA	NA	NA	NA	NA	NA	NA	NA	NA	NA	NA	NA	NA	NA	NA	NA	NA	NA	NA	NA	NA	NA	NA	NA	NA	NA	NA	NA	NA	NA	NA	NA	NA	NA	NA	NA	NA	NA	NA	NA	NA	NA	NA	NA	NA	NA	NA	NA	NA	NA	NA	NA	NA	NA	NA	NA	NA	NA	NA	NA	NA	NA	NA	NA	NA	NA	NA	NA	NA	NA	NA	NA	NA	NA	NA	NA	NA	NA	NA	NA	NA	NA	NA	NA	NA	NA	NA	NA	-0.830074998557688	NA	NA	NA	NA	NA	NA	NA	NA	NA	NA	NA	NA	NA	NA	NA	NA	NA	NA	NA	NA	NA	NA	NA	NA	NA	NA	NA	NA	NA	NA	NA	NA	NA	NA	NA	NA	NA	NA	NA	NA	NA	NA	NA	NA	NA	NA	NA	NA	NA	NA	NA	NA	NA	NA	NA	NA	NA	NA	NA	NA	NA	NA	NA	NA	NA	NA	NA	NA	NA	NA	NA	NA	NA	NA	NA	NA	NA	NA	NA	NA	NA	NA	NA	NA	NA	NA	NA
KK2553	-6.23521646169403	NA	NA	NA	NA	NA	NA	NA	NA	NA	NA	NA	NA	NA	NA	NA	NA	NA	NA	NA	NA	NA	NA	NA	NA	NA	NA	NA	NA	NA	NA	NA	NA	NA	NA	NA	NA	NA	NA	NA	NA	NA	NA	NA	NA	NA	NA	NA	NA	NA	NA	NA	NA	NA	NA	NA	NA	NA	NA	NA	NA	NA	NA	NA	NA	NA	NA	-0.019279062494883	NA	NA	NA	NA	NA	NA	NA	NA	NA	NA	NA	NA	NA	NA	NA	NA	NA	NA	NA	NA	NA	NA	NA	NA	NA	NA	NA	NA	NA	NA	NA	NA	NA	NA	NA	NA	NA	NA	NA	NA	NA	NA	NA	NA	NA	NA	NA	NA	NA	NA	NA	NA	NA	NA	NA	NA	NA	NA	NA	NA	NA	NA	NA	NA	NA	NA	NA	NA	NA	NA	NA	NA	NA	NA	NA	NA	NA	NA	NA	NA	NA	NA	NA	NA	NA	NA	NA	NA	NA	NA	NA	NA	NA	NA	NA	NA	NA	NA	NA	NA	NA	NA	NA	NA	NA	NA	NA	NA	NA	NA	NA	NA	NA	NA	NA	NA	NA	NA	NA	NA	NA	NA	NA	NA	NA	NA	NA	NA	NA	NA	NA	NA	NA	NA	NA	NA	NA	NA	NA	NA	NA	NA	NA	NA	NA	NA	NA	NA	NA
KK2554	NA	NA	NA	NA	NA	NA	NA	NA	NA	NA	NA	NA	NA	NA	NA	NA	NA	NA	NA	NA	NA	NA	NA	-3.60565235948834	NA	NA	NA	NA	-3.14397413509071	NA	-5.80893595787708	NA	NA	NA	NA	NA	NA	NA	NA	NA	NA	NA	NA	NA	NA	NA	NA	NA	NA	-3.69638213566391	NA	-1.73869729522951	NA	NA	NA	NA	NA	NA	NA	NA	NA	NA	NA	NA	NA	NA	NA	NA	NA	NA	NA	NA	NA	NA	-8.18239435340453	NA	NA	NA	NA	NA	NA	NA	NA	NA	-4.07197036371088	NA	-7.11826401598481	NA	NA	NA	NA	NA	NA	NA	NA	NA	NA	NA	NA	NA	NA	NA	NA	NA	NA	NA	NA	NA	NA	NA	NA	NA	NA	NA	NA	NA	NA	NA	NA	NA	NA	NA	-8.24950854926307	NA	NA	NA	NA	NA	-4.63059871661857	NA	NA	NA	NA	NA	NA	NA	NA	NA	NA	NA	NA	NA	-5.96940063007033	NA	NA	NA	NA	NA	NA	-6.39389845859824	NA	NA	NA	NA	NA	NA	NA	NA	NA	NA	NA	NA	NA	NA	NA	-7.39389845859824	NA	NA	NA	NA	NA	NA	NA	NA	NA	NA	NA	NA	NA	NA	NA	NA	NA	NA	NA	NA	NA	NA	NA	NA	NA	NA	NA	NA	NA	NA	NA	NA	NA	NA	NA	NA	NA	NA	NA	NA	NA	NA	NA	NA	NA	NA	NA	NA	NA	NA	NA
KK2555	-5.97345821254751	NA	NA	NA	NA	NA	NA	NA	NA	NA	NA	NA	NA	NA	NA	NA	NA	NA	NA	NA	NA	NA	NA	NA	NA	NA	NA	NA	-1.49772478158111	NA	NA	NA	NA	NA	-2.71293066232429	NA	NA	NA	NA	NA	NA	NA	NA	NA	NA	NA	NA	NA	NA	NA	NA	NA	NA	NA	-2.92906409318905	NA	NA	NA	NA	NA	NA	NA	NA	NA	NA	-4.8035332111052	NA	-1.68805599368526	NA	NA	NA	NA	NA	NA	NA	NA	NA	NA	NA	NA	NA	NA	NA	NA	NA	NA	NA	NA	NA	NA	NA	NA	NA	NA	NA	NA	NA	NA	NA	NA	NA	NA	NA	NA	NA	NA	NA	NA	NA	NA	NA	NA	NA	NA	NA	NA	NA	NA	NA	NA	NA	NA	NA	NA	NA	NA	NA	NA	NA	NA	NA	NA	NA	NA	NA	NA	NA	NA	NA	NA	NA	NA	NA	NA	NA	NA	NA	NA	NA	NA	NA	NA	NA	NA	NA	NA	NA	NA	NA	NA	NA	NA	NA	NA	NA	NA	NA	NA	NA	NA	NA	NA	NA	NA	NA	NA	NA	NA	NA	NA	NA	NA	NA	NA	NA	NA	NA	NA	NA	NA	NA	NA	NA	NA	NA	NA	NA	NA	NA	NA	NA	NA	NA	NA	NA	NA	NA	NA	NA	NA	NA	NA	NA	NA	NA	NA	NA
KK2556	-6.30930408968958	NA	NA	NA	NA	NA	NA	NA	NA	NA	NA	NA	NA	NA	NA	NA	NA	NA	NA	NA	NA	NA	NA	NA	NA	NA	NA	NA	-3.48333348946463	NA	-8.18377320760572	NA	NA	NA	NA	NA	NA	NA	-5.54634328699043	NA	NA	NA	NA	NA	NA	NA	NA	NA	NA	NA	NA	-4.97865877770111	NA	NA	NA	NA	-5.39950189866116	NA	NA	NA	NA	NA	NA	NA	NA	NA	NA	-3.27154916769416	NA	NA	NA	NA	NA	NA	NA	-3.66021125154871	NA	NA	NA	NA	-4.29841577354685	NA	NA	-3.21927188882711	NA	NA	NA	NA	NA	NA	NA	NA	NA	NA	NA	NA	NA	NA	-3.52080819488329	NA	NA	NA	NA	NA	NA	NA	NA	NA	NA	NA	NA	NA	NA	NA	NA	NA	NA	NA	NA	NA	NA	NA	NA	NA	NA	NA	NA	NA	-5.44680761343952	NA	NA	NA	NA	NA	-4.05907746015641	NA	NA	NA	NA	NA	NA	NA	NA	NA	NA	NA	NA	NA	NA	NA	NA	NA	NA	NA	NA	-4.86184511271836	NA	NA	NA	NA	NA	NA	NA	NA	NA	NA	NA	-5.33133039601958	-6.54634328699043	NA	NA	NA	NA	NA	NA	NA	NA	NA	NA	NA	NA	NA	NA	NA	NA	NA	NA	NA	NA	NA	NA	NA	-6.35369820904803	NA	NA	NA	NA	NA	NA	NA	NA	NA	NA	NA	NA	NA	-7.35369820904803	NA	NA	NA	NA	NA	NA	NA	NA	NA	NA
KK2557	NA	NA	NA	NA	NA	NA	NA	NA	NA	NA	NA	NA	NA	NA	NA	NA	NA	NA	NA	NA	NA	NA	NA	NA	NA	NA	NA	NA	NA	NA	-6.8703647195834	NA	NA	NA	NA	NA	NA	NA	NA	NA	NA	NA	NA	NA	-1.28540221886225	NA	NA	NA	NA	NA	NA	NA	NA	NA	NA	NA	NA	NA	NA	NA	NA	NA	NA	NA	NA	NA	NA	NA	NA	NA	NA	NA	NA	NA	-1.16070647141293	NA	NA	NA	NA	NA	-3.64797229824696	NA	NA	NA	NA	NA	NA	NA	NA	NA	NA	NA	NA	NA	NA	NA	NA	NA	NA	NA	NA	NA	NA	NA	NA	NA	NA	NA	NA	NA	NA	NA	NA	NA	NA	NA	NA	NA	NA	NA	NA	NA	NA	NA	NA	NA	NA	NA	NA	NA	NA	NA	NA	NA	NA	NA	NA	NA	NA	NA	NA	NA	NA	NA	NA	NA	NA	NA	NA	NA	NA	NA	NA	NA	NA	NA	NA	NA	NA	NA	NA	NA	NA	NA	NA	NA	NA	NA	NA	NA	NA	NA	NA	NA	NA	NA	NA	NA	NA	NA	NA	NA	NA	NA	NA	NA	NA	NA	NA	NA	NA	NA	NA	NA	NA	-4.20739970686098	NA	NA	NA	NA	NA	NA	NA	NA	NA	NA	NA	NA	NA	NA	NA	NA	NA	NA	NA	NA	NA
KK2558	NA	NA	NA	NA	NA	NA	NA	NA	NA	NA	NA	NA	NA	NA	NA	NA	NA	NA	NA	NA	-6.31992295899699	NA	-5.70848824691464	-4.58295736483078	NA	NA	NA	NA	-1.18720903665175	NA	-7.09753053766054	-6.16791986555194	NA	NA	NA	NA	-6.78940824229821	NA	NA	NA	NA	NA	NA	NA	-6.09753053766054	NA	-5.51256803693938	NA	NA	-6.13229595582121	-8.16791986555194	NA	NA	NA	-6.20444574157705	NA	NA	-4.84599177066457	-4.61948324085589	NA	NA	-4.14111980620822	NA	NA	NA	NA	NA	NA	NA	NA	NA	NA	NA	NA	NA	NA	NA	-3.63186696531173	NA	NA	NA	NA	NA	NA	NA	NA	NA	NA	NA	NA	NA	NA	-6.96628600438228	NA	NA	NA	NA	NA	-5.38132350366113	NA	NA	NA	NA	NA	NA	NA	NA	NA	NA	NA	NA	NA	NA	NA	NA	NA	NA	NA	NA	NA	NA	-6.96628600438228	NA	NA	NA	NA	NA	NA	NA	NA	NA	NA	NA	NA	-3.95068914933127	NA	NA	NA	NA	NA	NA	NA	NA	NA	NA	NA	NA	NA	NA	NA	NA	NA	NA	NA	-5.20444574157705	-5.73496045827583	NA	NA	NA	NA	NA	NA	NA	NA	NA	NA	NA	NA	NA	NA	NA	NA	NA	NA	NA	-8.68249303838169	NA	NA	NA	NA	NA	NA	NA	NA	NA	NA	NA	NA	NA	NA	NA	-7.58295736483078	NA	NA	NA	NA	NA	NA	NA	-10.4898479604393	NA	NA	NA	NA	NA	NA	-9.90488545971814	NA	NA	NA	NA	NA	NA	NA	NA	NA	NA
KK2559	-6.54946381949977	NA	NA	NA	NA	NA	NA	NA	NA	NA	NA	NA	NA	NA	NA	NA	NA	NA	NA	NA	NA	NA	NA	NA	NA	NA	NA	NA	-0.944601761340909	NA	-6.54946381949977	NA	NA	NA	NA	NA	NA	NA	NA	NA	NA	NA	NA	NA	NA	NA	NA	NA	NA	NA	NA	NA	NA	NA	NA	NA	NA	NA	NA	NA	NA	NA	NA	NA	NA	NA	NA	NA	NA	NA	NA	NA	NA	NA	NA	NA	NA	NA	NA	NA	NA	NA	NA	NA	NA	NA	NA	NA	NA	NA	NA	NA	NA	NA	NA	NA	NA	NA	NA	NA	NA	NA	NA	NA	NA	NA	NA	NA	NA	NA	NA	NA	NA	NA	NA	NA	NA	NA	NA	NA	NA	NA	NA	NA	NA	NA	NA	NA	NA	NA	NA	NA	NA	NA	NA	NA	NA	NA	NA	NA	-1.12319906479767	NA	NA	NA	NA	NA	NA	NA	NA	NA	NA	NA	NA	NA	NA	NA	NA	NA	NA	NA	NA	NA	NA	NA	NA	NA	NA	NA	NA	NA	NA	NA	NA	NA	NA	NA	NA	NA	NA	NA	NA	NA	NA	NA	NA	NA	NA	NA	NA	NA	NA	NA	NA	NA	NA	NA	NA	NA	NA	NA	NA	NA	NA	NA	NA	NA	NA	NA	NA	NA	NA	NA	NA	NA	NA	NA	NA
KK2560	NA	NA	NA	NA	NA	NA	NA	NA	NA	NA	NA	NA	NA	NA	NA	NA	NA	NA	NA	NA	NA	NA	NA	NA	NA	NA	NA	NA	NA	NA	-2.50447258286079	NA	NA	NA	NA	NA	NA	NA	NA	NA	NA	NA	NA	NA	NA	NA	NA	NA	NA	NA	NA	NA	NA	NA	NA	NA	NA	NA	NA	NA	NA	NA	NA	NA	NA	NA	NA	NA	NA	NA	NA	NA	NA	NA	NA	-0.640718490630268	NA	NA	NA	NA	NA	NA	NA	NA	NA	NA	NA	NA	NA	NA	NA	NA	NA	NA	NA	NA	NA	NA	NA	NA	NA	NA	NA	NA	NA	NA	NA	NA	NA	NA	NA	NA	NA	NA	NA	NA	NA	NA	NA	NA	NA	NA	NA	NA	NA	NA	NA	NA	NA	NA	NA	NA	NA	NA	NA	NA	NA	NA	NA	NA	NA	NA	NA	NA	NA	NA	NA	NA	NA	NA	NA	NA	NA	NA	NA	NA	NA	NA	NA	NA	NA	NA	NA	NA	NA	NA	NA	NA	NA	NA	NA	NA	NA	NA	NA	-2.45500390659649	NA	NA	NA	NA	NA	NA	NA	NA	NA	NA	NA	NA	NA	NA	NA	NA	NA	NA	NA	NA	NA	NA	NA	NA	NA	NA	NA	NA	NA	NA	NA	NA	NA	NA	NA	NA	NA	NA	NA	NA	NA
KK2561	-5.71080643369935	NA	NA	NA	NA	NA	NA	NA	NA	NA	NA	NA	NA	NA	NA	NA	NA	NA	NA	NA	NA	NA	NA	NA	NA	NA	NA	NA	-1.6773834321619	NA	NA	NA	NA	NA	NA	NA	NA	NA	NA	NA	NA	NA	NA	NA	NA	NA	NA	NA	NA	NA	NA	NA	NA	NA	NA	NA	NA	-0.942622108922425	NA	NA	NA	NA	NA	NA	NA	NA	NA	NA	NA	NA	NA	NA	NA	NA	NA	NA	NA	NA	NA	NA	NA	NA	NA	NA	NA	NA	NA	NA	NA	NA	NA	NA	NA	NA	NA	NA	NA	NA	NA	NA	NA	NA	NA	NA	NA	NA	NA	NA	NA	NA	NA	NA	NA	NA	NA	NA	NA	NA	NA	NA	NA	NA	NA	NA	NA	NA	NA	NA	NA	NA	NA	NA	NA	NA	NA	NA	NA	NA	NA	NA	NA	NA	NA	NA	NA	NA	NA	NA	NA	NA	NA	NA	NA	NA	NA	NA	NA	NA	NA	NA	NA	NA	NA	NA	NA	NA	NA	NA	NA	NA	NA	NA	NA	NA	NA	NA	NA	NA	NA	NA	NA	NA	NA	NA	NA	NA	NA	NA	NA	NA	NA	NA	NA	NA	NA	NA	NA	NA	NA	NA	NA	NA	NA	NA	NA	NA	NA	NA	NA	NA	NA	NA	NA	NA	NA	NA	NA
KK2562	NA	NA	NA	-3.02832526832485	NA	NA	NA	NA	NA	NA	NA	NA	NA	NA	NA	NA	NA	NA	NA	NA	NA	NA	-2.35025336321222	-3.56437816856506	-5.07895134139482	NA	NA	NA	-2.35025336321222	NA	-2.43344729873861	NA	NA	NA	-3.8506823537217	NA	NA	NA	NA	NA	NA	NA	NA	NA	NA	NA	NA	NA	NA	-6.03830935689748	NA	NA	NA	NA	NA	NA	NA	NA	NA	NA	NA	NA	NA	NA	NA	NA	NA	NA	NA	NA	-4.2774970207769	NA	NA	NA	NA	NA	NA	NA	NA	NA	NA	NA	NA	NA	NA	NA	NA	NA	NA	NA	NA	NA	NA	NA	NA	NA	NA	NA	NA	NA	NA	NA	NA	NA	NA	NA	NA	NA	NA	NA	NA	NA	NA	NA	NA	NA	NA	NA	NA	NA	NA	NA	NA	NA	NA	NA	NA	NA	NA	NA	NA	NA	NA	NA	NA	NA	NA	NA	NA	NA	NA	-5.62327185761863	NA	NA	NA	NA	NA	NA	NA	NA	NA	NA	NA	NA	NA	NA	NA	NA	NA	NA	NA	NA	NA	NA	NA	NA	NA	NA	NA	NA	NA	NA	NA	NA	NA	NA	NA	NA	NA	NA	NA	NA	NA	NA	NA	NA	NA	NA	NA	NA	NA	NA	NA	NA	NA	NA	NA	NA	NA	NA	NA	NA	NA	NA	NA	NA	NA	NA	NA	NA	NA	NA	NA	NA	NA	NA	NA
KK2563	NA	NA	NA	NA	NA	NA	NA	NA	NA	NA	NA	NA	NA	NA	NA	NA	NA	NA	NA	NA	NA	NA	NA	NA	NA	NA	NA	NA	NA	NA	NA	NA	NA	NA	NA	NA	NA	NA	NA	NA	NA	NA	NA	NA	NA	NA	NA	NA	NA	NA	NA	NA	NA	NA	NA	NA	NA	NA	NA	NA	NA	NA	NA	NA	NA	NA	NA	NA	NA	NA	NA	NA	NA	NA	NA	NA	NA	NA	NA	NA	NA	NA	NA	NA	NA	NA	NA	NA	NA	NA	NA	NA	NA	NA	NA	NA	NA	NA	NA	NA	NA	NA	NA	NA	NA	NA	NA	NA	NA	NA	NA	NA	NA	NA	NA	NA	NA	NA	NA	NA	NA	NA	NA	NA	NA	NA	NA	NA	NA	NA	NA	NA	NA	NA	NA	NA	NA	NA	NA	NA	NA	NA	NA	NA	NA	NA	NA	NA	NA	NA	NA	NA	NA	NA	NA	NA	NA	NA	NA	NA	NA	NA	NA	NA	NA	NA	NA	NA	NA	NA	NA	NA	NA	NA	NA	NA	NA	NA	NA	NA	NA	NA	NA	NA	NA	NA	NA	NA	NA	NA	NA	NA	NA	NA	NA	NA	NA	NA	NA	NA	NA	NA	NA	NA	NA	NA	NA	NA	NA	NA	NA	NA	NA	NA	NA	NA	NA
KK2564	NA	NA	NA	-0.0173931077327855	NA	NA	NA	NA	NA	NA	NA	NA	NA	NA	NA	NA	NA	NA	NA	NA	NA	NA	-8.23840473932508	NA	NA	NA	NA	NA	NA	NA	-7.60835434907538	NA	NA	NA	NA	NA	NA	NA	NA	NA	NA	NA	NA	NA	-9.17129054346654	NA	NA	NA	NA	NA	NA	NA	NA	NA	NA	NA	NA	NA	NA	NA	NA	NA	NA	NA	NA	NA	NA	NA	NA	NA	NA	NA	NA	NA	NA	NA	NA	NA	NA	NA	NA	NA	NA	NA	NA	NA	NA	NA	NA	NA	NA	NA	NA	NA	NA	NA	NA	NA	NA	NA	NA	NA	NA	NA	NA	NA	NA	NA	NA	NA	NA	NA	NA	NA	NA	NA	NA	NA	NA	NA	NA	NA	NA	NA	NA	NA	NA	NA	NA	NA	NA	NA	NA	NA	NA	NA	NA	NA	NA	NA	NA	NA	NA	NA	NA	NA	NA	NA	NA	NA	NA	NA	NA	NA	NA	NA	NA	NA	NA	NA	-9.5432593208535	NA	NA	NA	NA	NA	NA	NA	NA	NA	NA	NA	NA	NA	NA	NA	NA	NA	NA	NA	NA	NA	NA	NA	NA	NA	NA	NA	NA	NA	NA	NA	NA	NA	NA	NA	NA	NA	NA	NA	NA	NA	NA	NA	NA	NA	NA	NA	NA	NA	NA	NA	NA	NA	NA	-11.0457596613827	NA
KK2566	NA	NA	NA	NA	NA	NA	NA	NA	NA	NA	NA	NA	NA	NA	NA	NA	NA	NA	NA	NA	NA	NA	NA	NA	NA	NA	NA	NA	-3.05128050494369	NA	-3.88417051910844	NA	NA	NA	NA	NA	NA	NA	NA	NA	NA	NA	NA	NA	NA	NA	NA	NA	NA	NA	NA	NA	NA	NA	-3.24031432933371	NA	NA	NA	NA	NA	NA	NA	NA	NA	NA	NA	NA	NA	NA	NA	NA	NA	NA	NA	NA	NA	NA	-3.58038977093133	NA	NA	NA	NA	NA	NA	NA	NA	NA	NA	NA	NA	NA	NA	NA	NA	NA	NA	NA	NA	NA	NA	NA	NA	NA	NA	NA	NA	NA	NA	NA	NA	NA	NA	NA	NA	NA	NA	NA	NA	NA	NA	NA	NA	-7.56224242422107	NA	NA	NA	NA	-2.17681138702755	NA	NA	NA	NA	NA	NA	NA	NA	NA	NA	NA	NA	NA	NA	NA	NA	NA	NA	NA	NA	NA	NA	NA	-7.88417051910843	NA	NA	NA	NA	NA	NA	NA	NA	NA	NA	NA	NA	NA	NA	NA	NA	NA	NA	NA	NA	NA	NA	NA	NA	NA	NA	NA	NA	NA	NA	NA	NA	NA	NA	NA	NA	NA	NA	NA	NA	NA	NA	NA	NA	NA	NA	NA	NA	NA	NA	-4.83977639974998	NA	NA	NA	NA	NA	NA	NA	NA	NA	NA	NA	NA	NA	NA
KK2567	NA	NA	NA	NA	NA	NA	NA	NA	NA	NA	NA	NA	NA	NA	NA	NA	NA	NA	NA	NA	NA	NA	-0.818887317925229	-3.02160225448521	NA	NA	NA	NA	NA	NA	-4.07222832755518	NA	NA	NA	-3.92538693922591	NA	NA	NA	NA	NA	NA	NA	NA	NA	-5.55765515472542	NA	NA	NA	NA	NA	NA	NA	NA	NA	NA	NA	NA	NA	NA	NA	NA	NA	NA	NA	NA	NA	NA	NA	NA	NA	-5.17914353147169	NA	NA	NA	NA	NA	NA	NA	NA	NA	NA	NA	NA	NA	NA	NA	NA	NA	NA	NA	NA	NA	NA	NA	NA	-3.67012988398383	NA	NA	NA	NA	NA	NA	-5.70965824817047	NA	NA	NA	NA	NA	NA	NA	NA	NA	NA	NA	NA	NA	NA	NA	NA	NA	NA	NA	-4.70965824817047	NA	NA	NA	NA	NA	NA	NA	NA	NA	NA	NA	NA	NA	NA	NA	NA	NA	NA	NA	NA	NA	NA	NA	NA	NA	NA	NA	NA	NA	NA	NA	NA	NA	NA	NA	NA	NA	NA	NA	NA	NA	NA	NA	NA	NA	NA	NA	NA	NA	NA	NA	NA	NA	NA	NA	NA	NA	NA	NA	NA	NA	NA	NA	NA	NA	NA	NA	NA	NA	NA	NA	NA	NA	NA	NA	NA	NA	NA	NA	NA	NA	NA	NA	NA	NA	NA	NA	NA	NA	NA	NA	NA	NA	NA
KK2568	-1.15754127698648	NA	NA	NA	NA	NA	NA	NA	NA	NA	NA	NA	NA	NA	NA	NA	NA	NA	NA	NA	NA	NA	-2.53605290024021	-4.05961485629722	NA	NA	NA	NA	NA	NA	-2.75218633110498	NA	NA	NA	NA	NA	NA	NA	NA	NA	NA	NA	NA	NA	NA	NA	NA	NA	NA	NA	NA	NA	NA	NA	NA	NA	NA	NA	NA	NA	NA	NA	NA	NA	NA	NA	NA	NA	NA	NA	NA	NA	NA	NA	NA	-5.68110323304349	NA	NA	NA	NA	NA	NA	NA	NA	NA	NA	NA	NA	NA	NA	NA	NA	NA	NA	NA	NA	NA	NA	NA	-3.52356195605701	NA	NA	NA	NA	NA	NA	NA	NA	NA	NA	NA	NA	NA	NA	NA	NA	NA	NA	NA	NA	NA	NA	NA	NA	NA	NA	NA	NA	NA	NA	NA	NA	NA	NA	NA	NA	NA	NA	NA	NA	NA	NA	NA	NA	NA	NA	NA	NA	NA	NA	NA	NA	NA	NA	NA	NA	NA	NA	NA	NA	NA	NA	NA	NA	NA	NA	NA	NA	NA	NA	NA	NA	NA	NA	NA	NA	NA	NA	NA	NA	NA	NA	NA	NA	NA	NA	NA	NA	NA	NA	NA	NA	NA	NA	NA	NA	NA	NA	NA	NA	NA	NA	NA	NA	NA	NA	NA	NA	NA	NA	NA	NA	NA	NA	NA	NA	NA
KK2569	NA	NA	NA	NA	NA	NA	NA	NA	NA	NA	NA	NA	NA	NA	NA	NA	NA	NA	NA	NA	NA	NA	-3.10691520391651	-2.8073549220576	NA	NA	NA	NA	NA	NA	-1.47005160128333	NA	NA	NA	NA	NA	NA	NA	NA	NA	NA	NA	NA	NA	-3.75672884898764	NA	NA	NA	NA	NA	NA	NA	NA	NA	NA	NA	NA	NA	NA	NA	NA	NA	NA	NA	NA	NA	NA	NA	NA	NA	-2.75672884898764	NA	NA	NA	NA	NA	NA	NA	NA	NA	NA	NA	NA	NA	NA	NA	NA	NA	NA	NA	NA	NA	NA	NA	NA	NA	NA	NA	NA	NA	NA	NA	-6.4447848426729	NA	NA	NA	NA	NA	NA	NA	NA	NA	NA	NA	NA	NA	NA	NA	NA	NA	NA	NA	NA	NA	NA	NA	NA	NA	NA	NA	NA	NA	NA	NA	NA	NA	NA	NA	NA	NA	NA	NA	NA	NA	NA	NA	NA	NA	NA	NA	NA	NA	NA	NA	NA	NA	NA	NA	NA	NA	NA	NA	NA	NA	NA	NA	NA	NA	NA	NA	-4.22239242133645	NA	NA	NA	NA	NA	NA	NA	NA	NA	NA	NA	NA	NA	NA	-3.75672884898764	NA	NA	NA	NA	NA	NA	NA	NA	NA	-5.70781924850669	NA	NA	NA	NA	NA	NA	NA	NA	NA	NA	NA	NA	NA	NA	NA	NA	NA	NA	NA	NA	NA
KK2570	NA	NA	NA	NA	NA	NA	NA	NA	NA	NA	NA	NA	NA	NA	NA	NA	NA	NA	NA	NA	NA	NA	-1.96621168654372	-2.08551061491606	NA	NA	NA	NA	NA	NA	-2.24305189190254	NA	NA	NA	-3.04463833350053	NA	NA	NA	NA	NA	NA	NA	NA	NA	-3.06084856068179	NA	NA	NA	-4.97386525908715	NA	NA	NA	NA	NA	NA	NA	NA	NA	NA	NA	NA	NA	NA	NA	NA	NA	NA	NA	NA	NA	NA	NA	NA	NA	NA	NA	NA	NA	NA	NA	NA	NA	NA	NA	NA	NA	NA	NA	NA	NA	NA	NA	NA	NA	NA	-5.67047311563722	NA	NA	NA	NA	NA	NA	NA	NA	NA	NA	NA	NA	NA	NA	NA	NA	NA	NA	NA	NA	NA	NA	NA	NA	NA	NA	-7.72109918870718	NA	NA	NA	NA	NA	NA	NA	NA	NA	NA	NA	NA	NA	NA	NA	NA	NA	NA	NA	NA	NA	NA	NA	NA	NA	NA	NA	NA	NA	NA	NA	NA	NA	NA	NA	NA	NA	NA	NA	NA	NA	NA	NA	NA	NA	NA	NA	NA	NA	NA	NA	NA	NA	NA	NA	NA	NA	NA	NA	NA	NA	NA	NA	NA	NA	NA	NA	NA	NA	NA	NA	NA	NA	NA	NA	NA	NA	NA	NA	NA	NA	NA	NA	NA	NA	NA	NA	NA	NA	NA	NA	NA	NA	NA
KK2571	-4.8550516640889	NA	NA	NA	NA	NA	NA	NA	NA	NA	NA	NA	NA	NA	NA	NA	NA	NA	NA	NA	NA	NA	-1.71369581484336	-3.65711228647699	NA	NA	NA	NA	NA	NA	-2.92014669231079	NA	NA	NA	-3.69458699189565	NA	NA	NA	NA	NA	NA	NA	NA	NA	-5.03562390973072	NA	NA	NA	NA	NA	-2.65711228647699	NA	NA	NA	NA	NA	NA	NA	NA	NA	NA	NA	NA	NA	NA	-5.77258950389693	NA	NA	NA	NA	NA	NA	NA	NA	NA	NA	NA	-3.48308288670194	NA	NA	NA	NA	NA	NA	NA	NA	NA	NA	NA	NA	NA	NA	NA	NA	NA	NA	NA	NA	NA	NA	NA	NA	NA	NA	NA	NA	NA	NA	NA	NA	NA	NA	NA	NA	NA	NA	NA	NA	NA	NA	NA	NA	-4.35755200461808	NA	NA	NA	NA	NA	NA	NA	NA	NA	NA	NA	NA	NA	NA	NA	NA	NA	NA	NA	NA	NA	NA	NA	NA	NA	NA	NA	NA	NA	NA	NA	NA	NA	NA	NA	NA	NA	NA	NA	NA	NA	NA	NA	NA	NA	NA	NA	NA	NA	NA	NA	NA	NA	NA	NA	NA	NA	NA	NA	NA	NA	NA	NA	NA	NA	NA	NA	NA	NA	NA	NA	NA	NA	NA	NA	NA	-6.13515958328164	NA	NA	NA	NA	NA	NA	NA	NA	NA	NA	NA	NA	NA	NA	NA	NA	NA
KK2572	NA	NA	NA	NA	NA	NA	NA	NA	NA	NA	NA	NA	NA	NA	NA	NA	NA	NA	NA	NA	NA	NA	-2.72935241005633	-2.58496250072116	NA	NA	NA	NA	NA	NA	-3.8073549220576	-3.03242147769238	NA	NA	NA	NA	NA	NA	NA	NA	NA	NA	NA	NA	NA	NA	NA	-3.03242147769238	NA	NA	-2.66985139830767	NA	NA	NA	NA	NA	NA	NA	NA	NA	NA	NA	NA	-3.87294326368518	NA	NA	NA	NA	NA	NA	NA	NA	NA	NA	NA	NA	NA	NA	NA	NA	NA	NA	NA	NA	NA	NA	NA	NA	NA	NA	NA	NA	NA	NA	NA	NA	NA	NA	NA	NA	NA	NA	-7.71424551766612	NA	NA	NA	NA	NA	NA	NA	NA	NA	NA	NA	NA	NA	NA	NA	NA	NA	NA	NA	NA	NA	NA	NA	NA	NA	NA	NA	NA	NA	NA	NA	NA	NA	NA	NA	NA	NA	NA	NA	-4.16992500144231	NA	NA	NA	NA	NA	NA	NA	NA	NA	NA	NA	NA	NA	NA	NA	NA	NA	NA	NA	NA	NA	NA	NA	NA	NA	NA	NA	NA	NA	NA	NA	NA	NA	NA	NA	NA	NA	NA	NA	NA	NA	NA	NA	NA	NA	NA	NA	NA	NA	NA	NA	NA	NA	NA	NA	NA	NA	-4.21174517713694	NA	NA	NA	NA	NA	NA	NA	NA	NA	NA	NA	NA	NA	NA	NA	NA
KK2573	NA	NA	NA	NA	NA	NA	NA	NA	NA	NA	NA	NA	NA	NA	NA	NA	NA	NA	NA	NA	NA	NA	NA	NA	NA	NA	NA	NA	NA	NA	NA	NA	NA	NA	NA	NA	NA	NA	NA	NA	NA	NA	NA	NA	NA	NA	NA	NA	NA	NA	NA	NA	NA	NA	NA	NA	NA	NA	NA	NA	NA	NA	NA	NA	NA	NA	NA	NA	NA	NA	NA	NA	NA	NA	NA	NA	NA	NA	NA	NA	NA	NA	NA	NA	NA	NA	NA	NA	NA	NA	NA	NA	NA	NA	NA	NA	NA	NA	NA	NA	NA	NA	NA	NA	NA	NA	NA	NA	NA	NA	NA	NA	NA	NA	NA	NA	NA	NA	NA	NA	NA	NA	NA	NA	NA	NA	NA	NA	NA	NA	NA	NA	NA	NA	NA	NA	NA	NA	NA	NA	NA	NA	NA	NA	NA	NA	NA	NA	NA	NA	NA	NA	NA	NA	NA	NA	NA	NA	NA	NA	NA	NA	NA	NA	NA	NA	NA	NA	NA	NA	NA	NA	NA	NA	NA	NA	NA	NA	NA	NA	NA	NA	NA	NA	NA	NA	NA	NA	NA	NA	NA	NA	NA	NA	NA	NA	NA	NA	NA	NA	NA	NA	NA	NA	NA	NA	NA	NA	NA	NA	NA	NA	NA	NA	NA	NA	NA
KK2574	NA	NA	NA	NA	NA	NA	NA	-3.57957930402425	NA	NA	NA	NA	NA	NA	NA	NA	NA	NA	NA	NA	NA	NA	NA	-5.15650448567999	NA	NA	NA	NA	NA	NA	NA	NA	NA	NA	NA	NA	NA	NA	NA	NA	NA	-3.37689455410529	NA	NA	-3.88348599127358	NA	NA	NA	NA	NA	NA	NA	NA	-0.877280841746867	NA	NA	NA	-3.52423627018048	NA	NA	NA	NA	NA	NA	NA	NA	NA	NA	NA	NA	NA	NA	NA	NA	NA	NA	NA	NA	NA	NA	NA	NA	NA	NA	NA	NA	NA	NA	NA	NA	NA	NA	NA	NA	NA	NA	NA	NA	NA	NA	NA	NA	NA	NA	NA	NA	NA	NA	NA	NA	NA	NA	NA	NA	NA	NA	NA	NA	NA	NA	NA	NA	NA	NA	NA	NA	NA	NA	NA	NA	NA	NA	NA	NA	NA	NA	NA	NA	NA	NA	NA	NA	NA	NA	NA	NA	NA	NA	NA	NA	NA	NA	NA	NA	NA	NA	NA	NA	NA	NA	NA	NA	NA	NA	NA	NA	NA	NA	NA	NA	NA	NA	NA	NA	NA	NA	NA	NA	NA	NA	NA	NA	NA	NA	NA	NA	NA	NA	NA	NA	NA	NA	NA	NA	NA	NA	NA	NA	NA	NA	NA	NA	NA	NA	NA	NA	NA	NA	NA	NA	NA	NA	NA	NA	NA	NA	NA
KK2575	NA	NA	NA	NA	NA	NA	NA	NA	NA	NA	NA	NA	NA	NA	NA	-7.35226417325832	NA	NA	NA	NA	NA	NA	-5.4262647547021	-1.8540133057305	NA	NA	NA	NA	NA	NA	-2.98769174096247	NA	NA	NA	NA	NA	NA	NA	NA	NA	NA	NA	NA	NA	-5.50426726670337	NA	NA	-2.39806786287145	NA	NA	NA	NA	NA	NA	NA	NA	NA	NA	NA	NA	NA	NA	NA	NA	NA	NA	NA	NA	NA	NA	-3.19845883717929	NA	NA	NA	NA	NA	NA	NA	NA	NA	NA	NA	NA	NA	NA	NA	-3.94627181358248	NA	NA	NA	NA	NA	NA	NA	NA	NA	NA	NA	NA	NA	NA	NA	NA	NA	NA	NA	NA	NA	NA	NA	NA	NA	NA	NA	NA	NA	NA	NA	NA	NA	NA	NA	-4.97375255000459	NA	NA	NA	NA	NA	NA	NA	NA	NA	NA	NA	NA	NA	NA	NA	NA	NA	NA	NA	NA	NA	NA	NA	NA	NA	NA	NA	NA	-7.67419226814568	NA	NA	NA	NA	NA	NA	NA	NA	NA	NA	NA	NA	NA	-3.23124877229696	NA	NA	NA	NA	NA	NA	NA	NA	NA	NA	NA	NA	NA	NA	NA	NA	NA	NA	NA	NA	NA	NA	NA	NA	NA	NA	NA	NA	NA	NA	NA	NA	NA	NA	NA	NA	NA	NA	NA	NA	NA	NA	NA	NA	NA	NA	NA	NA	NA	NA	NA
KK2576	NA	NA	NA	NA	NA	NA	NA	NA	NA	NA	NA	NA	NA	NA	NA	NA	NA	NA	NA	NA	NA	NA	NA	NA	NA	NA	NA	NA	NA	NA	-2.43462822763672	NA	NA	NA	NA	NA	NA	NA	NA	NA	NA	-2.04231080485796	NA	NA	NA	NA	NA	NA	NA	NA	NA	NA	NA	NA	NA	NA	NA	NA	NA	NA	NA	NA	NA	NA	NA	NA	NA	NA	NA	NA	NA	NA	NA	NA	NA	NA	NA	NA	NA	NA	NA	NA	NA	NA	NA	NA	NA	NA	NA	NA	NA	NA	NA	NA	NA	NA	NA	NA	NA	NA	NA	NA	NA	NA	NA	NA	NA	NA	NA	NA	NA	NA	NA	NA	NA	NA	NA	NA	NA	NA	NA	NA	NA	NA	NA	NA	NA	NA	NA	NA	NA	NA	NA	NA	NA	NA	NA	NA	NA	NA	NA	NA	NA	NA	NA	NA	NA	NA	NA	NA	NA	-5.84966572691557	NA	NA	NA	NA	NA	NA	NA	NA	NA	NA	NA	NA	NA	NA	NA	NA	NA	NA	NA	NA	NA	NA	NA	NA	NA	-4.84966572691557	NA	NA	NA	NA	NA	NA	-2.30534521069176	NA	NA	NA	NA	NA	NA	NA	NA	NA	NA	NA	NA	NA	NA	NA	NA	NA	NA	NA	NA	NA	NA	NA	NA	NA	NA	NA	NA	NA	NA	NA	NA
KK2577	-2.45422802402976	NA	NA	NA	NA	NA	NA	NA	NA	NA	NA	NA	NA	-2.56169272139831	NA	NA	NA	-2.8597740743313	NA	NA	NA	NA	NA	NA	-3.30508458472395	NA	NA	NA	NA	NA	-3.34425518200463	NA	NA	NA	NA	NA	NA	NA	NA	NA	NA	NA	NA	NA	NA	NA	NA	NA	NA	NA	NA	NA	NA	NA	NA	NA	NA	NA	NA	NA	NA	NA	NA	-3.4758148862379	NA	NA	NA	NA	NA	NA	NA	NA	NA	NA	NA	NA	NA	NA	NA	NA	NA	NA	NA	NA	NA	NA	NA	NA	NA	NA	NA	NA	NA	NA	NA	NA	NA	NA	NA	NA	NA	NA	NA	NA	NA	NA	NA	NA	NA	NA	NA	NA	NA	NA	NA	NA	NA	NA	NA	NA	NA	NA	NA	NA	NA	NA	NA	NA	NA	NA	NA	NA	NA	NA	NA	NA	NA	NA	NA	NA	NA	NA	NA	NA	NA	NA	NA	NA	NA	-5.38451905221835	NA	NA	NA	NA	NA	NA	NA	NA	NA	NA	NA	NA	NA	-6.41199978864046	NA	NA	NA	NA	NA	NA	NA	NA	NA	NA	NA	NA	NA	-8.30508458472395	NA	NA	NA	NA	NA	NA	NA	NA	NA	NA	NA	NA	NA	NA	NA	NA	NA	NA	NA	NA	NA	NA	NA	NA	NA	NA	NA	NA	NA	NA	NA	NA	NA	NA	NA	NA	NA	NA	NA
KK2815	NA	NA	NA	NA	NA	NA	NA	NA	NA	NA	NA	NA	NA	NA	NA	NA	NA	NA	NA	NA	NA	NA	-3.96962635095648	NA	NA	NA	NA	NA	NA	NA	-5.55458885167764	NA	NA	NA	NA	NA	NA	NA	NA	NA	NA	NA	NA	NA	NA	NA	NA	NA	NA	NA	NA	NA	NA	NA	NA	NA	NA	NA	NA	NA	NA	NA	NA	NA	NA	NA	NA	NA	NA	NA	NA	NA	NA	NA	NA	NA	NA	NA	NA	NA	NA	NA	NA	NA	NA	NA	NA	NA	NA	NA	NA	NA	NA	NA	NA	NA	-0.220688115124199	NA	NA	NA	NA	-4.81762325751143	NA	NA	NA	NA	NA	NA	NA	NA	NA	NA	NA	NA	NA	NA	NA	NA	NA	NA	NA	NA	NA	NA	NA	NA	-5.55458885167764	NA	NA	NA	NA	NA	NA	NA	NA	NA	NA	NA	NA	NA	NA	NA	NA	NA	NA	NA	NA	NA	NA	NA	NA	NA	NA	NA	NA	NA	NA	NA	NA	NA	NA	NA	NA	NA	NA	NA	NA	NA	NA	NA	NA	NA	NA	NA	NA	NA	NA	NA	NA	NA	NA	NA	NA	NA	NA	NA	NA	NA	NA	NA	NA	NA	NA	NA	NA	NA	NA	NA	NA	NA	NA	NA	NA	NA	NA	NA	NA	NA	NA	NA	NA	NA	NA	NA	NA	NA	NA
KK2816	NA	NA	NA	NA	NA	NA	NA	-5.4262647547021	NA	NA	NA	NA	NA	NA	NA	NA	NA	NA	NA	NA	NA	-4.56376827845203	-4.97880577773088	NA	NA	NA	NA	NA	NA	NA	-2.73594925383471	-3.36213441728238	NA	NA	NA	-4.97880577773088	NA	NA	-3.13080887117593	NA	NA	-4.07834145128179	NA	NA	NA	NA	NA	-4.63776885989581	NA	NA	NA	NA	NA	NA	NA	NA	NA	NA	NA	NA	NA	NA	NA	NA	NA	NA	NA	NA	NA	NA	NA	-3.07834145128179	NA	-5.30073387261824	NA	NA	NA	NA	NA	NA	NA	NA	NA	NA	NA	NA	NA	NA	NA	NA	NA	NA	NA	NA	NA	NA	NA	NA	NA	NA	NA	NA	NA	NA	NA	NA	NA	NA	-4.8856963733394	NA	NA	NA	NA	NA	NA	NA	NA	NA	NA	NA	NA	NA	NA	NA	NA	NA	NA	NA	NA	NA	NA	NA	NA	-6.56376827845203	NA	NA	NA	NA	NA	NA	NA	NA	NA	NA	NA	NA	NA	NA	-4.02771537821182	NA	NA	NA	NA	NA	NA	NA	NA	NA	NA	NA	NA	NA	-4.97880577773088	NA	NA	NA	NA	NA	NA	NA	NA	NA	NA	NA	-5.4262647547021	NA	-5.07834145128179	NA	NA	NA	NA	NA	NA	NA	NA	-6.8856963733394	NA	NA	NA	NA	NA	NA	NA	NA	NA	NA	NA	NA	-4.79823353208906	NA	NA	NA	NA	NA	NA	NA	NA	NA	NA	NA	NA	NA	NA	NA	-5.30073387261824	NA	NA
KK2817	NA	-7.17563865263671	NA	NA	NA	-5.33913738491959	NA	NA	NA	NA	NA	NA	NA	NA	-3.38308073250718	-3.50726014372791	NA	NA	-6.813068573252	NA	NA	-3.813068573252	-6.28255385655322	NA	NA	-4.31056823272281	NA	NA	NA	NA	-3.85371055774934	-4.62544157007623	NA	-5.89553073344397	NA	-4.59067615191555	NA	NA	-4.00571365119439	NA	NA	NA	-5.02879726430743	NA	NA	NA	NA	-4.93859945533586	NA	NA	NA	NA	NA	NA	NA	NA	NA	NA	NA	NA	NA	NA	NA	NA	NA	NA	NA	-7.39803107397315	NA	NA	NA	-3.75417488419843	NA	-5.52356195605701	NA	NA	NA	NA	NA	NA	NA	-4.813068573252	NA	NA	NA	NA	NA	NA	NA	NA	NA	NA	NA	NA	NA	-6.98299357469431	NA	NA	NA	NA	NA	NA	NA	NA	-6.17563865263671	NA	NA	NA	NA	-7.98299357469431	NA	NA	-5.52356195605701	NA	NA	NA	NA	NA	NA	NA	NA	NA	NA	-6.07610297908579	NA	NA	NA	NA	NA	NA	NA	NA	NA	NA	NA	NA	NA	-5.66106547980695	NA	NA	NA	NA	NA	NA	-6.28255385655322	NA	NA	NA	NA	NA	NA	NA	NA	NA	NA	NA	NA	NA	NA	NA	NA	NA	NA	NA	NA	NA	NA	NA	NA	NA	NA	-6.98299357469431	NA	NA	NA	NA	NA	NA	NA	-5.89553073344397	NA	-5.89553073344397	NA	NA	NA	NA	NA	NA	NA	NA	NA	NA	NA	NA	-4.93859945533586	NA	NA	-5.813068573252	NA	NA	NA	NA	NA	NA	NA	NA	NA	NA	-5.73506606125072	NA	NA	NA	NA	NA	NA	NA	NA
KK2818	NA	NA	NA	NA	NA	NA	NA	NA	NA	NA	NA	NA	NA	NA	NA	NA	NA	NA	NA	NA	NA	NA	NA	NA	NA	NA	NA	NA	NA	NA	-4.59494658929378	NA	NA	NA	NA	NA	NA	NA	NA	NA	NA	NA	NA	NA	NA	NA	NA	NA	NA	NA	NA	NA	NA	NA	NA	NA	NA	NA	NA	NA	NA	NA	NA	NA	NA	NA	NA	NA	NA	NA	NA	-2.85798099512757	NA	NA	NA	NA	NA	NA	NA	-0.285091326706991	NA	NA	NA	NA	NA	NA	NA	NA	NA	NA	NA	NA	NA	NA	NA	NA	NA	NA	NA	NA	NA	NA	NA	NA	NA	NA	NA	NA	NA	NA	NA	NA	NA	NA	NA	NA	NA	NA	NA	NA	NA	NA	NA	NA	NA	NA	NA	NA	NA	NA	NA	NA	NA	NA	NA	NA	NA	NA	NA	NA	NA	NA	NA	NA	NA	NA	NA	NA	NA	NA	NA	NA	NA	NA	NA	NA	NA	NA	NA	NA	NA	NA	NA	NA	NA	NA	NA	NA	NA	NA	NA	NA	NA	NA	NA	NA	NA	NA	NA	NA	NA	NA	NA	NA	NA	NA	NA	NA	NA	NA	NA	NA	NA	NA	NA	NA	NA	NA	NA	NA	NA	NA	NA	NA	NA	NA	NA	NA	NA	NA	NA	NA	NA	NA	NA	NA	NA
KK2819	NA	-0.000216371800768812	NA	NA	NA	NA	NA	NA	NA	NA	-13.0656445280845	NA	NA	NA	NA	NA	NA	NA	NA	NA	NA	NA	NA	NA	NA	NA	NA	NA	NA	NA	NA	NA	NA	NA	NA	NA	NA	NA	NA	NA	NA	NA	NA	NA	NA	NA	NA	NA	-14.8729994501421	NA	NA	NA	NA	NA	NA	NA	NA	NA	NA	NA	NA	NA	NA	NA	NA	NA	NA	NA	NA	NA	NA	NA	NA	NA	NA	NA	NA	NA	NA	NA	NA	NA	NA	NA	NA	NA	NA	NA	NA	NA	NA	NA	NA	NA	NA	NA	NA	NA	NA	NA	NA	NA	NA	NA	NA	NA	NA	NA	NA	NA	NA	NA	NA	NA	NA	NA	NA	NA	NA	NA	NA	NA	NA	NA	NA	NA	NA	NA	NA	NA	NA	NA	NA	NA	NA	NA	NA	NA	NA	NA	NA	NA	NA	NA	NA	NA	NA	NA	NA	NA	NA	NA	NA	NA	NA	NA	NA	NA	NA	NA	NA	NA	NA	NA	NA	NA	NA	NA	NA	NA	NA	NA	NA	NA	NA	NA	NA	NA	NA	NA	NA	NA	NA	NA	NA	NA	NA	NA	NA	NA	NA	NA	NA	NA	NA	NA	NA	NA	NA	NA	NA	NA	NA	NA	NA	NA	NA	NA	NA	NA	NA	NA	NA	NA	NA	NA	NA
KK2820	NA	-0.00215701374860365	NA	NA	NA	NA	NA	NA	NA	NA	-10.7600520535025	NA	NA	-10.0902006551948	NA	NA	NA	NA	NA	NA	NA	NA	NA	NA	NA	NA	NA	NA	NA	NA	NA	NA	NA	NA	NA	NA	NA	NA	NA	NA	NA	NA	NA	NA	NA	NA	NA	NA	NA	NA	NA	NA	NA	NA	NA	NA	NA	NA	NA	NA	NA	NA	NA	NA	NA	NA	NA	NA	NA	NA	NA	NA	NA	NA	NA	NA	NA	NA	NA	NA	NA	NA	NA	NA	NA	NA	NA	NA	NA	NA	NA	NA	NA	NA	NA	NA	NA	NA	NA	NA	NA	NA	NA	NA	NA	NA	NA	NA	NA	NA	NA	NA	NA	NA	NA	NA	NA	NA	NA	NA	NA	NA	NA	NA	NA	NA	NA	NA	NA	NA	NA	NA	NA	NA	NA	NA	NA	NA	NA	NA	NA	NA	NA	NA	NA	NA	NA	NA	NA	NA	NA	NA	NA	NA	NA	NA	NA	NA	NA	NA	NA	NA	NA	NA	NA	NA	NA	NA	NA	NA	NA	NA	NA	NA	NA	NA	NA	NA	NA	NA	NA	NA	NA	NA	NA	NA	NA	NA	NA	NA	NA	NA	NA	NA	NA	NA	NA	NA	NA	NA	NA	NA	NA	NA	NA	NA	NA	NA	NA	NA	NA	NA	NA	NA	NA	NA	NA
KK2821	NA	0	NA	NA	NA	NA	NA	NA	NA	NA	NA	NA	NA	NA	NA	NA	NA	NA	NA	NA	NA	NA	NA	NA	NA	NA	NA	NA	NA	NA	NA	NA	NA	NA	NA	NA	NA	NA	NA	NA	NA	NA	NA	NA	NA	NA	NA	NA	NA	NA	NA	NA	NA	NA	NA	NA	NA	NA	NA	NA	NA	NA	NA	NA	NA	NA	NA	NA	NA	NA	NA	NA	NA	NA	NA	NA	NA	NA	NA	NA	NA	NA	NA	NA	NA	NA	NA	NA	NA	NA	NA	NA	NA	NA	NA	NA	NA	NA	NA	NA	NA	NA	NA	NA	NA	NA	NA	NA	NA	NA	NA	NA	NA	NA	NA	NA	NA	NA	NA	NA	NA	NA	NA	NA	NA	NA	NA	NA	NA	NA	NA	NA	NA	NA	NA	NA	NA	NA	NA	NA	NA	NA	NA	NA	NA	NA	NA	NA	NA	NA	NA	NA	NA	NA	NA	NA	NA	NA	NA	NA	NA	NA	NA	NA	NA	NA	NA	NA	NA	NA	NA	NA	NA	NA	NA	NA	NA	NA	NA	NA	NA	NA	NA	NA	NA	NA	NA	NA	NA	NA	NA	NA	NA	NA	NA	NA	NA	NA	NA	NA	NA	NA	NA	NA	NA	NA	NA	NA	NA	NA	NA	NA	NA	NA	NA	NA	NA
KK2822	NA	-2	NA	-1.41503749927884	NA	NA	NA	NA	NA	NA	NA	NA	NA	NA	NA	NA	NA	NA	NA	NA	NA	NA	NA	NA	NA	NA	NA	NA	NA	NA	NA	NA	NA	NA	NA	NA	NA	NA	NA	NA	NA	NA	NA	NA	NA	-1.77760757866355	NA	NA	NA	NA	NA	NA	NA	NA	NA	NA	NA	NA	NA	NA	NA	NA	NA	NA	NA	NA	NA	NA	NA	NA	NA	NA	NA	NA	NA	NA	NA	NA	NA	NA	NA	NA	NA	NA	NA	NA	NA	NA	NA	NA	NA	NA	NA	NA	NA	NA	NA	NA	NA	NA	NA	NA	NA	NA	NA	NA	NA	NA	NA	NA	NA	NA	NA	NA	NA	NA	NA	NA	NA	NA	NA	NA	NA	NA	NA	NA	NA	NA	NA	NA	NA	NA	NA	NA	NA	NA	NA	NA	NA	NA	NA	NA	NA	NA	NA	NA	NA	NA	NA	NA	NA	NA	NA	NA	NA	NA	NA	NA	NA	NA	NA	NA	NA	NA	NA	NA	NA	NA	NA	NA	NA	NA	NA	NA	NA	NA	NA	NA	NA	NA	NA	NA	NA	NA	NA	NA	NA	NA	NA	NA	NA	NA	NA	NA	NA	NA	NA	NA	NA	NA	NA	NA	NA	NA	NA	NA	NA	NA	NA	NA	NA	NA	NA	NA	NA	NA	NA
KK2823	NA	NA	NA	NA	NA	NA	NA	NA	NA	NA	NA	NA	NA	NA	NA	NA	NA	NA	NA	NA	NA	NA	NA	NA	NA	NA	NA	NA	NA	NA	-4.44846050081629	NA	NA	NA	NA	NA	NA	NA	NA	-4.71149490665009	NA	NA	NA	NA	NA	NA	NA	NA	NA	NA	NA	NA	NA	NA	NA	NA	NA	NA	NA	NA	NA	NA	NA	NA	NA	NA	NA	NA	NA	NA	NA	NA	NA	NA	NA	NA	NA	NA	NA	NA	NA	NA	NA	NA	NA	NA	NA	NA	NA	NA	NA	NA	NA	NA	NA	NA	-0.126532405928932	NA	NA	NA	NA	NA	NA	NA	NA	NA	NA	NA	NA	NA	NA	NA	NA	NA	NA	NA	NA	NA	NA	NA	NA	NA	NA	NA	NA	NA	NA	NA	NA	NA	NA	NA	NA	NA	NA	NA	NA	NA	NA	NA	NA	NA	NA	NA	NA	NA	NA	NA	NA	NA	NA	NA	NA	NA	NA	NA	NA	NA	NA	NA	NA	NA	NA	NA	NA	NA	NA	NA	NA	NA	NA	NA	NA	NA	NA	NA	NA	NA	NA	NA	NA	NA	NA	NA	NA	NA	NA	NA	NA	NA	NA	NA	NA	NA	NA	NA	NA	NA	NA	NA	NA	NA	NA	NA	NA	NA	NA	NA	NA	NA	NA	NA	NA	NA	NA	NA	NA
KK2824	NA	-7.06339508128851	NA	NA	-9.06339508128851	NA	NA	-5.15650448567999	NA	NA	NA	NA	NA	NA	NA	NA	NA	NA	NA	NA	NA	-4.23050506712377	-4.25604015923091	NA	NA	NA	NA	NA	NA	NA	-2.21790503034413	-3.33547462672531	NA	NA	NA	-5.5398331252315	NA	NA	-4.23050506712377	NA	NA	-4.15650448567999	NA	NA	NA	NA	NA	-5.01900096193006	NA	NA	NA	NA	NA	NA	NA	NA	NA	NA	NA	NA	NA	NA	NA	NA	NA	NA	NA	NA	NA	NA	NA	-3.75961433311141	NA	-5.47843258056735	NA	NA	NA	NA	NA	NA	NA	NA	NA	NA	NA	NA	NA	NA	NA	NA	NA	NA	NA	NA	NA	NA	NA	NA	NA	NA	NA	NA	NA	NA	NA	NA	NA	NA	-4.50880622961087	NA	NA	NA	NA	NA	NA	NA	NA	NA	NA	NA	NA	NA	NA	NA	NA	NA	NA	NA	NA	NA	NA	NA	NA	-7.06339508128851	NA	NA	NA	NA	NA	NA	NA	NA	NA	NA	NA	NA	NA	NA	-4.18075203192667	NA	NA	NA	NA	NA	NA	NA	NA	NA	NA	NA	NA	NA	-4.50880622961087	NA	NA	NA	NA	NA	NA	NA	NA	NA	NA	NA	-5.5398331252315	NA	-4.5398331252315	NA	NA	NA	NA	NA	NA	NA	NA	-7.74146698640115	NA	NA	NA	NA	NA	NA	NA	NA	NA	NA	NA	NA	-4.81546756784492	NA	NA	NA	NA	NA	NA	NA	NA	NA	NA	NA	NA	NA	NA	NA	-6.25604015923091	-5.8934700798462	NA
KK2825	NA	NA	NA	NA	NA	-5.4262647547021	NA	NA	NA	NA	NA	NA	NA	NA	-3.30073387261824	-3.67624300771045	NA	NA	-6.71577137189708	NA	NA	-4.10433665981474	-6.30073387261824	NA	NA	-4.52814436872131	NA	NA	NA	NA	-3.56376827845203	-4.71577137189708	NA	-5.63776885989581	NA	-4.60029415447715	NA	NA	-4.00305332397755	NA	NA	NA	-5.02771537821182	NA	NA	NA	NA	-4.8856963733394	NA	NA	NA	NA	NA	NA	NA	NA	NA	NA	NA	NA	NA	NA	NA	NA	NA	NA	NA	-7.8856963733394	NA	NA	NA	-3.3779017331407	NA	-5.97880577773088	NA	NA	NA	NA	NA	NA	NA	-4.52814436872131	NA	NA	NA	NA	NA	NA	NA	NA	NA	NA	NA	NA	NA	-7.30073387261824	NA	NA	NA	NA	NA	NA	NA	NA	NA	NA	NA	NA	NA	NA	NA	NA	-5.30073387261824	NA	NA	NA	NA	NA	NA	NA	NA	-4.63776885989581	NA	NA	NA	NA	NA	NA	NA	NA	NA	NA	NA	-8.88569637333939	NA	NA	NA	-7.30073387261824	NA	NA	NA	NA	NA	NA	-6.30073387261824	NA	NA	NA	NA	NA	NA	NA	NA	NA	NA	NA	NA	NA	NA	NA	NA	NA	NA	NA	NA	NA	NA	NA	NA	NA	NA	NA	NA	NA	NA	NA	NA	NA	NA	-5.97880577773088	NA	-6.07834145128179	NA	NA	NA	NA	NA	NA	NA	NA	NA	NA	NA	NA	-5.07834145128179	NA	NA	-5.1852566551983	NA	NA	NA	NA	NA	NA	NA	NA	NA	NA	-5.49337895056063	NA	NA	NA	NA	NA	NA	NA	NA
KK2826	NA	NA	NA	NA	NA	NA	NA	NA	NA	NA	NA	NA	NA	NA	NA	NA	NA	NA	NA	NA	NA	NA	NA	NA	NA	NA	NA	NA	NA	NA	-4.4447848426729	NA	NA	NA	-5.61470984411521	NA	NA	NA	NA	NA	NA	NA	NA	NA	NA	NA	NA	NA	-6.61470984411521	NA	-4.4447848426729	NA	NA	NA	NA	NA	NA	NA	NA	NA	NA	NA	NA	NA	NA	NA	NA	NA	NA	NA	NA	-2.97085365434048	NA	NA	NA	NA	NA	NA	NA	-0.660513533728333	NA	NA	NA	NA	NA	NA	NA	NA	NA	-5.29278174922785	NA	NA	NA	-4.61470984411521	NA	NA	NA	NA	NA	NA	NA	NA	NA	NA	NA	NA	NA	NA	NA	NA	NA	NA	NA	NA	NA	NA	NA	NA	NA	NA	NA	NA	NA	NA	NA	NA	NA	NA	NA	NA	NA	NA	NA	-6.02974734339405	NA	NA	NA	NA	NA	NA	NA	NA	NA	NA	NA	NA	NA	NA	NA	NA	NA	NA	NA	NA	NA	NA	NA	NA	NA	NA	NA	NA	NA	NA	NA	NA	NA	NA	NA	NA	NA	NA	NA	NA	NA	NA	NA	NA	NA	NA	NA	NA	NA	NA	NA	NA	NA	NA	NA	NA	NA	NA	NA	NA	NA	NA	NA	NA	NA	NA	NA	NA	NA	NA	NA	NA	NA	NA	NA	NA	NA	NA	NA	NA	NA	NA	NA
KK2827	NA	NA	NA	NA	-6.62205181945638	-6.98462189884108	NA	NA	NA	NA	NA	NA	NA	NA	-3.45212681801406	NA	NA	NA	NA	NA	NA	-4.75855381936124	-6.98462189884108	NA	NA	NA	NA	NA	NA	NA	-6.58252345526974	-7.03708931873522	NA	-4.3910973846165	NA	-1.3720166430508	NA	NA	-5.8612394833358	-6.83778051051181	NA	NA	NA	-6.26841486484168	NA	NA	NA	NA	NA	NA	NA	NA	-8.33254520226139	NA	NA	-4.7366943853975	-8.62205181945638	NA	-7.79197682089869	-8.98462189884108	NA	-5.62205181945638	-6.36571206619659	NA	NA	NA	NA	NA	-5.70451397964835	NA	NA	NA	NA	-8.0915371027576	NA	NA	NA	NA	NA	NA	NA	NA	NA	NA	NA	NA	NA	NA	NA	-4.76960900787023	NA	-7.47004872601133	NA	NA	NA	NA	-4.45212681801406	NA	NA	NA	NA	NA	NA	-7.33254520226139	NA	NA	NA	NA	NA	NA	NA	NA	NA	NA	NA	NA	NA	NA	NA	-5.4344248162806	NA	NA	NA	NA	NA	NA	-6.06405636633549	NA	NA	NA	NA	-7.33254520226139	NA	NA	NA	-8.47004872601133	NA	NA	NA	NA	-6.93399582577112	NA	NA	NA	NA	NA	NA	NA	NA	NA	NA	NA	NA	NA	NA	NA	NA	NA	NA	NA	NA	-4.8612394833358	NA	NA	NA	NA	NA	NA	NA	NA	-7.62205181945638	NA	NA	NA	NA	NA	NA	NA	NA	NA	NA	NA	NA	NA	NA	NA	NA	-6.62205181945638	NA	-6.70451397964835	NA	NA	NA	NA	NA	NA	NA	NA	NA	NA	NA	-7.70451397964835	NA	NA	NA	NA	NA	NA	NA	NA	-8.79197682089869	NA	-7.98462189884108	NA	NA	NA	NA
KK2828	NA	-5.08214904135387	NA	NA	NA	NA	NA	NA	-2.03775492199542	-4.27479411929627	NA	NA	NA	NA	NA	NA	NA	NA	NA	NA	NA	NA	-4.27479411929627	NA	NA	-2.87269567572492	NA	NA	NA	NA	-4.27479411929627	NA	NA	NA	NA	-3.83422152791029	NA	NA	NA	NA	NA	NA	NA	NA	NA	NA	NA	NA	NA	NA	NA	NA	NA	NA	NA	-1.91222403991156	NA	NA	NA	NA	NA	NA	NA	NA	NA	NA	NA	NA	NA	NA	NA	NA	NA	NA	NA	NA	NA	NA	NA	NA	NA	NA	NA	NA	NA	NA	-3.83422152791029	NA	NA	NA	NA	NA	NA	NA	NA	NA	NA	NA	NA	NA	NA	NA	NA	NA	NA	NA	NA	NA	NA	NA	NA	NA	NA	NA	NA	NA	NA	NA	NA	NA	NA	NA	-5.08214904135387	NA	NA	NA	NA	NA	NA	NA	NA	NA	NA	NA	NA	NA	NA	NA	NA	NA	NA	NA	NA	NA	NA	NA	NA	NA	NA	NA	NA	NA	NA	NA	NA	NA	NA	NA	NA	NA	NA	NA	NA	NA	NA	NA	NA	NA	NA	NA	NA	NA	NA	NA	NA	NA	NA	NA	NA	NA	NA	NA	NA	NA	NA	NA	NA	NA	NA	NA	NA	NA	NA	NA	NA	NA	NA	NA	NA	NA	NA	NA	NA	NA	NA	NA	NA	NA	NA	NA	NA	NA	NA	NA	NA	NA	NA
KK2829	NA	-7.07895134139482	NA	NA	-2.78616959216698	NA	NA	NA	NA	NA	NA	NA	NA	NA	-3.0433274316641	NA	NA	NA	NA	NA	NA	-2.60646356993208	NA	NA	NA	NA	NA	NA	NA	NA	-5.40087943628218	NA	NA	NA	NA	NA	NA	NA	-3.90902633995251	NA	NA	NA	NA	NA	NA	NA	NA	NA	NA	NA	NA	NA	NA	NA	NA	-2.77152281620257	NA	NA	NA	NA	NA	NA	NA	NA	NA	NA	NA	NA	NA	NA	NA	NA	NA	NA	NA	NA	NA	NA	NA	NA	NA	NA	NA	NA	NA	NA	NA	NA	NA	NA	NA	NA	NA	NA	NA	NA	NA	NA	NA	NA	NA	NA	NA	NA	NA	NA	NA	NA	NA	NA	NA	NA	NA	-4.70043971814109	NA	NA	NA	NA	NA	NA	NA	NA	NA	NA	-3.1529519228386	NA	-4.44668312589531	NA	NA	NA	NA	NA	NA	NA	NA	NA	NA	NA	NA	-5.49398884067367	NA	NA	NA	NA	NA	NA	NA	NA	NA	NA	NA	NA	NA	NA	NA	NA	NA	NA	NA	NA	NA	-4.1529519228386	NA	NA	NA	NA	NA	NA	NA	NA	NA	NA	NA	NA	NA	NA	NA	NA	NA	NA	NA	NA	NA	NA	NA	NA	NA	NA	NA	NA	NA	NA	NA	NA	NA	NA	NA	NA	NA	NA	NA	NA	NA	NA	NA	NA	NA	NA	NA	NA	NA	NA	NA	NA	NA	NA	NA
KK2830	NA	-7.75265940127135	NA	NA	NA	NA	NA	NA	NA	NA	NA	NA	NA	NA	NA	NA	NA	NA	NA	NA	NA	NA	NA	NA	NA	NA	NA	NA	NA	NA	-3.4672571824091	NA	NA	-2.5367220020722	-3.39510739665327	-2.09444791851956	NA	NA	NA	NA	NA	NA	NA	NA	NA	NA	NA	-2.50473188782777	NA	NA	NA	NA	NA	NA	NA	NA	NA	NA	NA	NA	NA	NA	NA	NA	NA	NA	NA	NA	NA	NA	NA	NA	NA	NA	NA	NA	NA	NA	NA	NA	NA	NA	NA	NA	NA	NA	NA	NA	NA	NA	NA	NA	NA	NA	NA	NA	-3.49213185104813	NA	NA	NA	NA	NA	NA	NA	NA	NA	NA	NA	NA	NA	NA	NA	NA	NA	NA	NA	NA	NA	NA	NA	NA	NA	NA	NA	NA	NA	NA	NA	NA	NA	NA	NA	NA	NA	NA	NA	NA	NA	NA	NA	-2.85380612472825	NA	NA	NA	NA	NA	NA	NA	NA	NA	NA	NA	NA	NA	NA	NA	NA	NA	NA	NA	NA	NA	NA	NA	NA	NA	NA	NA	NA	NA	NA	NA	NA	NA	NA	NA	NA	NA	NA	NA	NA	NA	NA	NA	NA	NA	NA	NA	NA	NA	NA	NA	NA	NA	NA	NA	NA	NA	NA	NA	NA	NA	NA	NA	NA	NA	NA	NA	NA	NA	NA	NA	NA	NA	NA	NA	NA
KK2831	NA	NA	-2.29265855252047	NA	NA	NA	NA	NA	NA	NA	NA	NA	-6.87159726561385	NA	-3.507024833318	NA	NA	NA	NA	NA	NA	NA	-6.19352536050121	NA	NA	NA	NA	NA	NA	-7.38617043844361	-4.80120793772246	NA	-3.23932905011434	-4.43863785833775	NA	-5.94559784705763	NA	NA	NA	-3.31088231113937	NA	NA	NA	-5.54966917072649	NA	NA	NA	NA	NA	NA	NA	NA	NA	NA	NA	NA	NA	NA	NA	NA	NA	NA	-5.94559784705763	NA	NA	NA	NA	NA	NA	NA	NA	NA	NA	NA	NA	NA	NA	NA	NA	NA	NA	NA	NA	NA	NA	NA	NA	NA	NA	NA	NA	NA	NA	NA	NA	NA	NA	NA	NA	NA	NA	NA	NA	NA	NA	NA	NA	NA	NA	NA	NA	NA	NA	NA	-7.87159726561385	NA	NA	NA	NA	NA	NA	NA	NA	NA	NA	-2.88974461232411	-5.33554436537364	NA	NA	NA	NA	NA	NA	NA	NA	-6.38617043844361	NA	NA	-7.0236003590589	-4.90812314163897	NA	NA	NA	NA	NA	NA	NA	-7.60856285978006	NA	NA	NA	NA	NA	-3.63893650882358	NA	NA	NA	NA	NA	NA	NA	-6.0236003590589	NA	NA	NA	NA	NA	NA	NA	NA	NA	NA	NA	NA	NA	NA	NA	NA	NA	NA	NA	NA	NA	NA	NA	NA	NA	NA	NA	NA	NA	NA	NA	NA	NA	-7.38617043844361	NA	NA	NA	NA	NA	NA	NA	-8.19352536050122	NA	NA	NA	NA	NA	NA	NA	NA	NA	NA	NA	NA	NA
KK2832	NA	NA	NA	NA	NA	NA	NA	NA	NA	NA	NA	NA	NA	NA	NA	NA	NA	NA	NA	NA	NA	NA	-8.39535561723639	NA	NA	NA	NA	NA	NA	NA	-8.27987839981645	NA	-6.47252347775885	NA	NA	-1.86853038215653	NA	NA	-6.35096149787794	-6.21213379318062	NA	NA	NA	-2.4295713325743	NA	NA	NA	NA	NA	NA	NA	NA	-3.19568327240002	NA	NA	NA	NA	NA	-7.22543061579408	NA	-2.13091301700979	NA	NA	NA	NA	NA	NA	NA	NA	NA	NA	NA	NA	-3.19568327240002	NA	NA	NA	NA	NA	NA	NA	NA	NA	NA	NA	NA	NA	NA	NA	-6.75149942746166	NA	NA	NA	NA	NA	NA	-8.07342752234903	NA	NA	NA	NA	NA	NA	NA	NA	NA	NA	NA	NA	NA	NA	NA	NA	NA	NA	NA	NA	NA	NA	NA	NA	NA	NA	NA	NA	-7.98031811795754	-7.30789277598605	NA	NA	NA	NA	NA	NA	NA	NA	-7.62276611333946	NA	NA	NA	NA	NA	NA	NA	NA	NA	NA	NA	-8.81039311651523	NA	NA	NA	NA	NA	-7.98031811795754	NA	NA	NA	NA	NA	NA	NA	NA	NA	NA	NA	NA	NA	NA	NA	NA	NA	NA	NA	NA	NA	NA	NA	NA	NA	NA	NA	NA	NA	NA	NA	NA	NA	-8.17296319589994	-9.65839002307018	NA	NA	NA	NA	NA	NA	-10.6583900230702	NA	NA	NA	NA	NA	NA	NA	NA	NA	NA	NA	NA	NA	NA	NA	NA	NA	NA	NA	NA	NA
KK2833	NA	NA	NA	NA	NA	NA	NA	NA	NA	NA	NA	NA	NA	NA	NA	NA	NA	NA	NA	NA	NA	NA	-3.21883460192326	NA	NA	NA	NA	NA	NA	NA	-1.39031506986761	NA	NA	NA	-2.86736223142188	NA	NA	NA	-2.46210575293562	NA	NA	NA	NA	NA	NA	NA	NA	-3.98935275580049	NA	NA	NA	NA	NA	NA	NA	NA	NA	NA	NA	NA	NA	NA	NA	NA	NA	NA	NA	NA	NA	NA	NA	NA	NA	NA	NA	NA	NA	NA	NA	NA	NA	NA	NA	NA	NA	NA	NA	NA	NA	NA	NA	NA	NA	NA	NA	NA	NA	NA	NA	NA	NA	NA	NA	NA	-4.75488750216347	NA	NA	NA	NA	NA	NA	NA	NA	NA	NA	NA	NA	NA	NA	NA	NA	NA	NA	NA	-3.68449817427207	NA	NA	NA	NA	NA	NA	NA	NA	NA	NA	NA	NA	NA	NA	NA	NA	NA	NA	NA	NA	NA	NA	NA	NA	NA	NA	NA	NA	NA	NA	NA	NA	NA	NA	NA	NA	NA	NA	NA	NA	NA	NA	NA	NA	NA	NA	NA	NA	NA	NA	NA	NA	NA	NA	NA	NA	NA	NA	NA	NA	NA	NA	NA	NA	NA	NA	NA	NA	NA	NA	NA	NA	NA	NA	NA	NA	NA	NA	NA	NA	NA	-6.07681559705083	NA	NA	NA	NA	NA	NA	NA	NA	NA	NA
KK2834	NA	-7.78004757606187	NA	NA	NA	NA	-4.54738681927159	NA	NA	NA	NA	NA	NA	NA	-3.51701317022807	NA	NA	NA	NA	NA	NA	NA	-6.10197567094923	NA	NA	-4.45811948117451	NA	NA	NA	NA	-3.42955032897774	NA	NA	NA	NA	NA	NA	NA	NA	-2.53212006261828	NA	NA	NA	NA	NA	NA	NA	NA	-3.04669323544804	NA	NA	NA	NA	NA	NA	-3.87315698045335	NA	NA	NA	NA	NA	NA	NA	NA	NA	NA	-5.10197567094923	NA	NA	NA	NA	NA	NA	NA	NA	NA	NA	NA	-4.14777936056236	NA	NA	NA	NA	NA	NA	NA	NA	NA	-5.85404815750565	NA	-7.51701317022807	NA	NA	NA	NA	NA	NA	NA	NA	NA	NA	NA	NA	NA	-5.40153595280814	NA	NA	NA	NA	NA	NA	NA	NA	NA	NA	NA	NA	NA	NA	NA	NA	NA	NA	NA	NA	NA	NA	NA	NA	NA	NA	NA	NA	-6.78004757606187	NA	NA	NA	NA	NA	NA	NA	NA	NA	NA	NA	NA	NA	NA	NA	NA	NA	NA	NA	NA	NA	NA	NA	-5.57841371489222	NA	NA	NA	NA	NA	NA	NA	NA	NA	NA	NA	NA	NA	NA	NA	NA	NA	NA	NA	NA	NA	NA	NA	NA	NA	NA	NA	NA	NA	NA	-8.51701317022808	NA	NA	NA	NA	NA	NA	NA	NA	NA	NA	NA	NA	NA	NA	NA	NA	NA	NA	NA	NA	NA	NA	NA	NA	NA	NA	NA	NA
KK2835	NA	-9.11721018464439	NA	NA	NA	NA	NA	NA	NA	NA	NA	NA	NA	NA	-5.25922918951682	NA	NA	NA	NA	NA	NA	-3.3184683928915	-8.89481776330794	NA	NA	-6.61470984411521	NA	NA	NA	NA	-5.29278174922785	-5.89481776330794	NA	-4.1323170770346	NA	-6.45424517192196	NA	NA	-3.43538614467065	-2.06373677137508	NA	NA	NA	-5.04396120261375	NA	NA	NA	NA	NA	-7.70217268536555	NA	NA	NA	NA	NA	-5.77143534780266	NA	NA	NA	-8.89481776330794	NA	NA	-5.08746284125034	NA	NA	NA	NA	NA	-4.10225984317842	NA	NA	-6.70217268536555	NA	-9.11721018464439	NA	NA	NA	NA	NA	NA	NA	NA	NA	NA	NA	NA	NA	NA	-7.61470984411521	-6.79528208975703	NA	-5.61470984411521	NA	NA	NA	NA	-5.86928267120081	NA	NA	NA	NA	NA	NA	-7.30985526258679	-6.11721018464439	NA	NA	NA	NA	NA	NA	NA	NA	NA	NA	NA	NA	-6.45424517192196	NA	NA	NA	NA	NA	NA	NA	NA	-3.55751444253367	NA	NA	NA	NA	NA	NA	NA	NA	NA	-7.11721018464439	NA	NA	-7.17861072930853	-7.89481776330794	NA	NA	NA	NA	NA	NA	NA	NA	NA	NA	NA	NA	NA	NA	NA	NA	NA	NA	NA	NA	NA	NA	NA	NA	NA	NA	NA	NA	NA	NA	NA	NA	NA	NA	NA	NA	NA	NA	NA	NA	-8.24274106672825	NA	NA	NA	NA	NA	NA	NA	NA	NA	NA	NA	NA	NA	NA	-6.45424517192196	NA	NA	NA	NA	NA	NA	NA	NA	NA	NA	-7.24274106672825	NA	NA	NA	NA	NA	-8.00173296722446	NA	NA	NA
KK2836	NA	NA	NA	NA	NA	NA	NA	NA	NA	NA	NA	NA	NA	NA	-4.70379873023101	NA	NA	NA	NA	NA	NA	NA	NA	NA	NA	NA	NA	NA	NA	NA	-4.19360399791182	NA	NA	-5.04775313144837	NA	-3.32192809488736	NA	NA	NA	NA	NA	NA	NA	NA	NA	NA	NA	NA	-6.94083792753186	NA	NA	NA	-4.02027239502626	NA	NA	NA	NA	NA	NA	NA	NA	NA	NA	NA	NA	NA	-7.74819284958946	NA	NA	NA	NA	NA	NA	NA	NA	NA	NA	NA	NA	NA	NA	NA	NA	NA	-7.1632303488683	NA	-7.1632303488683	NA	NA	NA	-8.1632303488683	NA	NA	NA	NA	NA	NA	NA	NA	-4.70379873023101	NA	NA	NA	NA	-9.74819284958946	NA	NA	-3.72582503656101	NA	-7.4262647547021	NA	NA	NA	NA	NA	NA	NA	NA	NA	NA	NA	NA	NA	NA	NA	NA	-2.33880191345176	NA	NA	NA	NA	NA	NA	NA	NA	NA	NA	NA	NA	NA	NA	NA	NA	NA	NA	NA	NA	NA	NA	NA	NA	NA	NA	NA	NA	NA	NA	NA	NA	NA	NA	NA	NA	NA	NA	NA	NA	NA	NA	NA	-5.74819284958946	NA	NA	NA	NA	NA	NA	NA	NA	NA	NA	NA	NA	NA	NA	NA	NA	NA	-5.94083792753186	-5.3558754268107	NA	NA	NA	NA	NA	NA	NA	NA	NA	NA	NA	-4.70379873023101	NA	NA	NA	NA	NA	-5.4262647547021	NA	NA	NA	NA	NA	NA	NA	NA	-5.66073000833912
KK2837	NA	-10.402123828607	NA	NA	NA	NA	NA	NA	NA	NA	NA	NA	NA	NA	-8.08019573371968	-0.145718547445853	NA	NA	NA	NA	NA	-6.85780331238323	-7.49523323299852	NA	NA	NA	NA	NA	-8.59476890654943	NA	-5.68330558115109	NA	NA	NA	NA	NA	NA	NA	NA	-5.12910533420062	NA	NA	NA	NA	NA	NA	NA	-7.66515823444083	NA	NA	NA	NA	NA	NA	NA	NA	NA	NA	NA	NA	NA	NA	NA	NA	NA	NA	NA	-7.15419631516345	NA	NA	NA	NA	NA	NA	-10.402123828607	NA	NA	NA	NA	NA	NA	NA	NA	NA	NA	NA	NA	NA	NA	NA	NA	NA	NA	NA	NA	NA	NA	NA	NA	NA	NA	NA	NA	NA	NA	NA	NA	-8.17973140727059	NA	NA	NA	NA	-9.98708632932819	NA	NA	NA	NA	NA	NA	NA	NA	NA	NA	NA	NA	NA	NA	NA	NA	NA	NA	NA	NA	-10.402123828607	NA	NA	NA	NA	NA	-10.6651582344408	NA	NA	NA	NA	NA	NA	NA	NA	NA	NA	NA	NA	NA	NA	NA	NA	NA	NA	NA	NA	-6.89962348807785	NA	NA	NA	NA	NA	NA	NA	NA	NA	NA	NA	NA	NA	NA	NA	NA	NA	NA	NA	NA	NA	NA	NA	NA	NA	NA	NA	NA	NA	NA	NA	NA	NA	NA	NA	NA	NA	NA	NA	NA	NA	NA	NA	NA	NA	NA	NA	NA	NA	NA	NA	NA	NA	NA	NA	NA
KK2838	NA	-4.46125205426167	NA	NA	NA	NA	-7.63117705570398	NA	NA	NA	NA	NA	NA	NA	NA	NA	NA	NA	NA	NA	-5.54371421445364	-4.63117705570398	-6.04621455498282	NA	NA	NA	NA	NA	NA	-5.54371421445364	-4.63117705570398	-5.23885963292522	NA	-6.30924896081662	NA	-6.63117705570398	NA	NA	NA	-3.90325660114078	NA	NA	NA	NA	NA	NA	NA	NA	NA	NA	-6.30924896081662	NA	NA	NA	NA	-5.30924896081662	NA	NA	NA	NA	NA	NA	-5.46125205426167	NA	NA	NA	-7.30924896081662	NA	-6.46125205426167	NA	NA	-6.46125205426167	NA	NA	NA	NA	NA	NA	NA	NA	NA	NA	NA	NA	NA	NA	NA	NA	NA	-3.87628955354051	NA	NA	-8.04621455498282	NA	-7.04621455498282	NA	-6.30924896081662	NA	NA	NA	NA	NA	NA	NA	NA	NA	NA	NA	NA	NA	-8.04621455498282	NA	NA	NA	NA	NA	NA	NA	NA	NA	NA	NA	NA	NA	NA	NA	NA	NA	NA	NA	NA	NA	NA	NA	NA	NA	NA	NA	NA	-6.63117705570398	NA	NA	NA	NA	NA	NA	NA	NA	NA	NA	NA	NA	-6.63117705570398	NA	NA	NA	NA	-5.82382213364637	NA	NA	NA	NA	NA	NA	NA	NA	NA	NA	NA	NA	NA	NA	NA	NA	NA	NA	NA	NA	NA	NA	NA	NA	NA	NA	NA	-7.63117705570398	NA	NA	NA	-6.04621455498282	NA	NA	NA	NA	NA	NA	NA	NA	NA	NA	NA	NA	NA	NA	NA	NA	-5.93073733756289	NA	NA	NA	NA	-8.63117705570398	NA	NA	NA	NA	NA
KK2839	NA	-8.37177664433792	NA	NA	NA	NA	NA	NA	NA	NA	NA	NA	NA	NA	NA	NA	NA	NA	NA	NA	-4.46488604872941	NA	-5.67133692619683	NA	NA	NA	NA	NA	NA	NA	-4.61688914217446	NA	NA	NA	NA	NA	NA	NA	NA	NA	NA	NA	NA	NA	NA	NA	NA	NA	-4.67133692619683	NA	NA	NA	NA	NA	NA	NA	NA	NA	NA	NA	NA	NA	NA	NA	NA	NA	-5.37177664433792	NA	NA	NA	NA	NA	NA	NA	NA	NA	NA	NA	-5.16232327870897	NA	NA	NA	NA	NA	NA	NA	NA	NA	NA	NA	-3.19186755432299	NA	NA	NA	NA	-4.97945922155916	NA	NA	NA	NA	NA	-1.46789479860174	NA	NA	NA	NA	NA	NA	NA	-3.42926213899868	NA	NA	NA	NA	NA	NA	NA	NA	NA	NA	-5.97945922155916	NA	NA	NA	NA	NA	NA	NA	NA	NA	NA	NA	NA	NA	NA	NA	NA	NA	NA	NA	NA	NA	NA	NA	NA	NA	NA	NA	NA	-6.56442172228032	NA	NA	NA	NA	NA	NA	NA	NA	NA	NA	NA	NA	NA	NA	NA	NA	-3.91234502570063	NA	NA	NA	NA	NA	NA	NA	NA	NA	NA	NA	-6.46488604872941	NA	NA	NA	NA	NA	NA	NA	NA	NA	NA	NA	NA	NA	NA	NA	NA	NA	NA	NA	NA	NA	NA	NA	NA	NA	NA	NA	NA	NA	NA	NA	NA	NA	NA	NA	NA	NA	NA
KK2840	NA	NA	NA	NA	NA	-3.40008715781287	NA	NA	NA	NA	NA	NA	NA	NA	-2.92318440294917	NA	NA	NA	-6.5405683813627	NA	NA	-2.63367778575418	-4.1926450779424	NA	NA	NA	NA	NA	NA	NA	-3.1926450779424	NA	NA	NA	NA	NA	NA	NA	-4.11735695063816	NA	NA	NA	NA	NA	NA	NA	NA	-3.37064337992039	NA	NA	NA	NA	NA	NA	NA	NA	-7.1926450779424	NA	NA	NA	NA	NA	NA	NA	NA	NA	NA	NA	NA	NA	NA	NA	NA	NA	NA	NA	NA	NA	NA	NA	NA	NA	NA	NA	NA	NA	NA	NA	NA	NA	NA	-5.09310940439148	NA	NA	NA	NA	NA	NA	NA	NA	NA	NA	NA	NA	NA	NA	NA	NA	NA	NA	NA	NA	NA	NA	NA	NA	NA	NA	NA	NA	NA	NA	NA	NA	NA	NA	-5.09310940439148	NA	NA	NA	NA	NA	NA	-7.41503749927884	NA	NA	NA	NA	NA	NA	NA	NA	NA	NA	NA	NA	NA	NA	NA	NA	-5.60768257722124	NA	NA	NA	NA	NA	-2.92318440294917	NA	NA	NA	NA	NA	NA	NA	NA	NA	NA	NA	NA	NA	NA	NA	NA	NA	NA	NA	NA	NA	NA	NA	NA	NA	NA	NA	-6.83007499855769	NA	NA	NA	NA	NA	NA	NA	NA	NA	NA	NA	NA	NA	NA	NA	NA	NA	NA	NA	NA	NA	NA	NA	NA	NA	NA	NA	NA	NA	NA	NA	NA
KK2841	NA	-12.9501366599656	NA	NA	NA	-0.0013314295795824	NA	-14.272064754853	NA	-15.272064754853	NA	NA	NA	NA	-13.4647098327954	NA	NA	NA	NA	NA	NA	NA	NA	NA	NA	NA	NA	NA	NA	NA	NA	NA	NA	NA	NA	NA	NA	NA	-12.8126331362157	NA	NA	-13.1021397534107	NA	NA	NA	NA	NA	NA	NA	NA	NA	NA	-14.6871022541319	-13.6871022541319	NA	NA	NA	NA	NA	NA	NA	NA	NA	NA	NA	NA	NA	NA	NA	NA	NA	NA	NA	-13.272064754853	NA	NA	NA	NA	NA	NA	NA	NA	NA	NA	NA	NA	NA	NA	NA	NA	NA	NA	NA	NA	NA	NA	NA	NA	NA	NA	NA	NA	NA	NA	NA	NA	NA	NA	NA	NA	NA	NA	-13.1021397534107	NA	NA	NA	NA	NA	NA	NA	NA	NA	NA	NA	NA	NA	NA	NA	NA	NA	NA	NA	NA	NA	NA	NA	NA	NA	NA	NA	NA	NA	NA	NA	NA	NA	NA	NA	NA	NA	NA	NA	NA	NA	NA	NA	NA	NA	NA	NA	NA	NA	NA	NA	NA	NA	NA	NA	NA	NA	NA	NA	NA	NA	NA	NA	NA	NA	NA	NA	NA	NA	NA	NA	NA	NA	NA	NA	NA	NA	NA	NA	NA	NA	NA	NA	NA	NA	NA	NA	NA	NA	NA	NA	NA	NA	NA	NA	NA	NA	NA	NA	NA	NA	NA	NA	NA
KK2842	NA	-4.8703647195834	NA	NA	NA	-1.11547721741994	NA	NA	NA	NA	NA	NA	NA	NA	NA	NA	NA	NA	NA	NA	NA	NA	-5.54843662469604	NA	NA	NA	NA	NA	NA	NA	-4.8703647195834	NA	NA	NA	NA	-5.0630097975258	NA	NA	-3.96347412397489	NA	NA	NA	NA	NA	NA	NA	NA	NA	NA	NA	NA	NA	NA	NA	NA	NA	-5.8703647195834	NA	NA	NA	-2.58496250072116	NA	-4.8703647195834	NA	NA	NA	NA	NA	-4.70043971814109	NA	NA	NA	NA	NA	NA	NA	NA	NA	NA	NA	NA	NA	NA	NA	NA	NA	NA	NA	NA	NA	NA	NA	NA	NA	NA	NA	NA	NA	NA	NA	NA	NA	NA	NA	NA	NA	NA	NA	NA	NA	NA	NA	NA	-5.28540221886225	NA	NA	NA	NA	NA	NA	NA	NA	NA	NA	NA	NA	-5.28540221886225	NA	NA	NA	NA	NA	NA	NA	NA	NA	NA	NA	NA	NA	NA	NA	NA	NA	NA	NA	NA	NA	NA	NA	NA	NA	NA	NA	NA	NA	NA	NA	NA	NA	NA	NA	NA	NA	NA	NA	NA	NA	NA	NA	NA	NA	NA	NA	NA	NA	NA	NA	NA	NA	NA	NA	NA	NA	NA	NA	NA	NA	NA	NA	NA	NA	NA	NA	NA	NA	NA	NA	NA	NA	NA	NA	NA	-4.41093310094611	NA	NA	NA	NA	NA	NA	NA	NA	NA	NA	NA	NA	NA
KK2843	NA	NA	NA	NA	-9.81217730551445	-3.5547894628218	NA	NA	NA	-9.22721480479329	NA	NA	NA	NA	-3.80095005009119	NA	NA	NA	NA	-7.35274568687715	NA	-3.43713787416752	-7.64225230407213	NA	NA	-5.35274568687715	NA	NA	NA	NA	-5.90528670990593	NA	NA	-4.64225230407213	NA	-6.35274568687715	NA	-5.35274568687715	-2.45023353177921	-5.45462530089636	NA	NA	NA	-5.49024921062709	NA	NA	NA	NA	NA	NA	NA	NA	NA	NA	NA	NA	NA	NA	NA	-6.49024921062709	-6.49024921062709	NA	-6.00482238345684	NA	NA	NA	NA	NA	-5.35274568687715	NA	NA	NA	NA	NA	NA	NA	NA	NA	NA	NA	NA	NA	NA	NA	NA	NA	NA	NA	NA	-5.49024921062709	NA	-5.90528670990593	NA	NA	-5.90528670990593	NA	NA	NA	NA	NA	NA	NA	NA	NA	NA	NA	NA	NA	NA	NA	NA	NA	NA	NA	NA	NA	NA	-6.16832111573972	NA	NA	NA	NA	NA	NA	NA	NA	-2.94799116086017	NA	NA	NA	NA	NA	NA	-7.81217730551445	NA	NA	NA	NA	-5.38591255081235	-6.41985988273569	NA	NA	NA	-5.64225230407213	NA	NA	NA	NA	NA	NA	-6.81217730551445	NA	NA	NA	NA	NA	NA	NA	NA	-5.56424979207086	NA	NA	NA	NA	NA	NA	NA	NA	NA	NA	-7.22721480479329	NA	NA	NA	NA	NA	NA	NA	NA	NA	NA	NA	NA	NA	NA	NA	-7.49024921062709	NA	NA	NA	NA	NA	NA	NA	NA	NA	NA	NA	NA	NA	NA	NA	NA	NA	NA	NA	NA	NA	NA	NA	NA	NA	NA	NA	NA	NA	NA
KK2844	NA	NA	NA	NA	-0.00533725339785252	NA	NA	NA	NA	NA	NA	-13.5129667404808	NA	NA	-11.4540730514272	NA	NA	NA	NA	NA	NA	NA	NA	NA	NA	NA	NA	NA	NA	NA	-10.7403772365839	NA	NA	NA	NA	NA	NA	NA	NA	NA	NA	NA	NA	NA	NA	NA	NA	NA	NA	NA	NA	NA	-11.3974895230609	NA	NA	NA	NA	NA	NA	NA	NA	NA	-13.5129667404808	NA	NA	NA	NA	NA	NA	NA	NA	NA	NA	-14.5129667404808	NA	NA	NA	NA	NA	NA	NA	NA	NA	NA	NA	NA	NA	NA	NA	NA	NA	NA	NA	NA	NA	NA	NA	NA	NA	NA	NA	-15.097929241202	NA	-12.0104663999516	NA	NA	NA	NA	NA	NA	NA	-11.9280042397597	NA	NA	NA	-13.5129667404808	-12.097929241202	NA	NA	NA	NA	NA	NA	NA	NA	NA	NA	NA	NA	NA	NA	NA	NA	NA	NA	NA	NA	-12.097929241202	NA	NA	NA	NA	NA	NA	NA	NA	NA	NA	NA	NA	NA	NA	NA	NA	NA	NA	-13.097929241202	NA	NA	NA	NA	NA	NA	NA	NA	NA	NA	NA	NA	NA	NA	NA	-13.5129667404808	NA	NA	NA	NA	NA	NA	NA	NA	NA	NA	NA	NA	NA	NA	NA	NA	NA	NA	NA	NA	NA	NA	NA	-14.097929241202	NA	NA	NA	NA	NA	NA	NA	-13.097929241202	NA	NA	NA	NA	NA	NA	NA	NA	NA	NA	NA	NA
KK2845	NA	NA	-6.85264097037237	NA	NA	NA	NA	NA	NA	NA	NA	-6.95955617428889	NA	NA	NA	NA	NA	NA	NA	-7.49007089098767	NA	-5.53071287548501	NA	NA	NA	NA	-6.95955617428889	NA	NA	-3.10540704075234	-4.95955617428889	-7.49007089098767	-5.85264097037237	-6.41206837898639	NA	NA	NA	NA	NA	-4.63762807940152	-8.33806779754262	-5.65999589242998	NA	-6.85264097037237	NA	NA	NA	NA	NA	NA	NA	NA	NA	NA	NA	NA	NA	NA	NA	NA	NA	-5.80201489730241	NA	NA	NA	NA	NA	-8.65999589242998	-5.95955617428889	-9.65999589242998	-6.07503339170882	-4.41206837898639	NA	-6.13643393637296	NA	NA	NA	NA	NA	NA	NA	NA	-2.04161039017137	NA	NA	-5.37459367356773	NA	NA	NA	NA	NA	NA	NA	NA	NA	NA	-5.61560177307152	NA	NA	NA	NA	NA	NA	-6.95955617428889	NA	NA	-7.20056427379268	NA	-6.49007089098767	NA	NA	-6.33806779754262	NA	NA	NA	NA	NA	-7.49007089098767	NA	NA	NA	-5.30244388781189	NA	NA	-5.30244388781189	-6.95955617428889	-6.65999589242998	NA	NA	-7.85264097037237	NA	NA	NA	NA	NA	NA	NA	NA	-4.01613970265525	NA	NA	NA	NA	NA	NA	NA	NA	-8.07503339170882	NA	NA	NA	NA	NA	-6.85264097037237	NA	NA	NA	NA	NA	NA	NA	NA	NA	NA	-4.07503339170882	NA	NA	NA	NA	NA	NA	NA	NA	NA	NA	NA	NA	NA	NA	NA	-7.85264097037237	NA	-7.85264097037237	NA	NA	NA	NA	NA	NA	NA	NA	NA	NA	NA	NA	NA	NA	NA	NA	NA	NA	NA	NA	NA	NA	NA	NA	NA	NA	NA	NA	-6.75310529682146	NA	NA	NA	NA	NA
KK2846	NA	NA	NA	NA	NA	NA	NA	NA	NA	NA	NA	NA	NA	NA	-4.14120071240568	NA	NA	NA	NA	NA	NA	-2.77346892790519	-2.94564990328787	NA	NA	NA	NA	NA	NA	NA	-5.63596540415526	NA	NA	-4.84746950934897	NA	-4.00793418154222	NA	NA	-2.94564990328787	-5.63596540415526	-5.92547202135024	NA	NA	-4.45154083301783	NA	NA	NA	NA	NA	NA	NA	NA	NA	NA	NA	NA	NA	NA	NA	NA	NA	NA	-6.28804210073495	NA	NA	NA	NA	NA	NA	NA	NA	NA	NA	NA	NA	NA	NA	NA	NA	NA	NA	NA	NA	NA	NA	NA	NA	NA	NA	NA	NA	-5.18850642718404	NA	NA	NA	NA	-3.88594365716361	NA	NA	NA	NA	NA	NA	NA	NA	NA	NA	NA	NA	NA	NA	NA	NA	-4.77346892790519	NA	NA	NA	NA	NA	NA	NA	NA	NA	NA	NA	NA	-5.00793418154222	NA	NA	NA	NA	-5.00793418154222	NA	-6.28804210073495	NA	-6.28804210073495	NA	NA	NA	NA	NA	NA	NA	NA	NA	NA	NA	NA	NA	NA	NA	NA	-5.28804210073495	NA	NA	NA	NA	NA	NA	-4.39495730465146	NA	NA	NA	NA	NA	NA	NA	NA	NA	NA	NA	NA	NA	NA	NA	NA	NA	NA	NA	NA	NA	NA	NA	NA	NA	NA	NA	NA	NA	NA	NA	NA	NA	NA	NA	NA	NA	NA	NA	NA	NA	NA	NA	NA	NA	NA	NA	NA	NA	NA	NA	NA	NA	NA	NA	NA	NA
KK2847	NA	NA	NA	NA	NA	NA	NA	NA	NA	NA	NA	NA	NA	NA	NA	NA	NA	NA	NA	NA	NA	NA	-3.54432051622381	NA	NA	NA	NA	NA	NA	NA	-2.04182017569463	NA	NA	NA	NA	NA	NA	NA	-3.88135550350138	NA	-1.70301826224287	NA	NA	NA	NA	NA	NA	NA	NA	NA	NA	NA	NA	NA	NA	NA	NA	NA	NA	NA	NA	NA	NA	NA	NA	NA	NA	NA	NA	NA	NA	NA	NA	NA	NA	NA	NA	NA	NA	NA	NA	NA	NA	NA	NA	NA	NA	NA	NA	NA	-6.12928301694497	NA	NA	NA	NA	NA	NA	NA	NA	NA	-2.51457317282976	NA	NA	NA	NA	NA	NA	NA	NA	NA	NA	NA	NA	NA	NA	NA	NA	NA	NA	NA	NA	NA	NA	NA	NA	NA	NA	NA	NA	NA	NA	NA	NA	NA	NA	NA	NA	NA	NA	NA	NA	NA	NA	NA	NA	NA	NA	NA	NA	NA	NA	NA	NA	NA	NA	NA	NA	NA	NA	NA	NA	NA	NA	NA	NA	NA	NA	NA	NA	NA	NA	NA	NA	NA	NA	NA	NA	NA	NA	NA	NA	NA	NA	NA	NA	NA	NA	NA	NA	NA	NA	NA	NA	NA	NA	NA	NA	NA	NA	NA	NA	NA	NA	NA	NA	NA	NA	NA	NA	NA	NA	NA	NA	NA	NA	NA	NA
KK2848	NA	-7.38154295118458	NA	NA	-3.84238414007655	NA	NA	NA	NA	NA	NA	NA	NA	NA	-3.93859945533586	NA	NA	NA	NA	NA	NA	NA	NA	NA	NA	NA	NA	NA	-6.47465235557607	NA	-4.29408010993425	NA	NA	NA	NA	NA	NA	NA	-4.33714883182613	NA	NA	NA	NA	-4.00650351983766	NA	NA	NA	-6.38154295118458	NA	NA	NA	NA	NA	NA	NA	NA	NA	NA	-4.2317958316799	NA	NA	NA	-3.29408010993425	NA	NA	NA	NA	NA	-4.07776220300748	-7.21161794974227	NA	NA	NA	NA	NA	NA	NA	NA	NA	NA	NA	NA	NA	NA	NA	NA	NA	NA	NA	NA	NA	NA	NA	NA	NA	NA	-4.07776220300748	NA	NA	NA	NA	NA	NA	NA	-7.57418802912698	NA	NA	-4.27301849440642	NA	NA	NA	NA	NA	NA	NA	NA	NA	NA	NA	NA	NA	NA	NA	NA	NA	NA	-5.98922552840583	NA	NA	NA	NA	NA	NA	NA	-5.133615437741	NA	NA	NA	NA	-5.79658045046343	-4.62665544902112	NA	NA	-4.05961485629722	NA	NA	NA	NA	NA	NA	NA	NA	-3.60018323765993	NA	NA	NA	NA	NA	-5.09614073232234	NA	NA	NA	NA	NA	NA	NA	NA	NA	NA	NA	-5.42734664079771	NA	NA	NA	NA	NA	NA	NA	NA	NA	NA	NA	NA	NA	-6.92211133254729	NA	NA	NA	NA	NA	NA	NA	NA	NA	NA	NA	NA	NA	NA	NA	NA	NA	NA	NA	NA	NA	NA	NA	NA	NA	NA	NA	NA	NA	NA	NA	NA
KK2849	NA	NA	NA	NA	-5.43825872554774	-7.72366094440998	NA	NA	NA	NA	NA	NA	NA	NA	NA	-5.26422932577269	NA	NA	NA	NA	-3.39274406629537	NA	-4.65757175395221	NA	NA	NA	NA	NA	-4.89077093024524	NA	-3.17676648452235	NA	-4.81677034880147	NA	NA	NA	NA	NA	NA	-5.96877344224651	-5.76946463402311	NA	NA	NA	NA	NA	NA	NA	NA	NA	-4.89077093024524	NA	-5.81677034880147	NA	NA	NA	NA	NA	NA	NA	NA	NA	NA	NA	NA	NA	NA	NA	NA	NA	NA	NA	-4.91630602235238	NA	NA	NA	NA	NA	NA	NA	NA	NA	-5.29739618970788	NA	NA	NA	-6.63619810315964	NA	-1.35297353760277	NA	NA	NA	NA	NA	NA	NA	NA	NA	NA	NA	NA	NA	NA	NA	NA	NA	NA	NA	NA	NA	NA	NA	NA	NA	NA	NA	NA	NA	NA	NA	NA	NA	NA	NA	NA	NA	NA	NA	NA	NA	NA	NA	NA	NA	NA	NA	NA	NA	NA	NA	NA	NA	NA	NA	NA	NA	NA	NA	NA	NA	NA	NA	NA	NA	NA	NA	NA	NA	-5.4757334309664	NA	NA	NA	NA	NA	NA	NA	NA	NA	NA	NA	NA	NA	NA	NA	NA	NA	NA	NA	NA	NA	NA	NA	NA	NA	NA	NA	NA	NA	NA	NA	NA	NA	NA	-4.99574048984678	NA	NA	NA	NA	NA	NA	NA	NA	NA	NA	NA	NA	NA	NA	NA	NA	NA	NA	NA	NA	NA	NA	NA
KK2850	NA	NA	NA	NA	NA	NA	NA	NA	NA	NA	NA	NA	NA	NA	-5.34146828128301	NA	NA	NA	NA	NA	NA	NA	-4.40858247714154	NA	NA	NA	NA	NA	NA	-4.55297238647672	-2.51549768105806	-2.46104989703568	NA	NA	NA	NA	NA	NA	NA	-4.12847455794881	-3.57208120942442	NA	NA	NA	NA	NA	NA	NA	NA	NA	NA	NA	NA	NA	NA	NA	-4.07297944535711	NA	NA	NA	NA	NA	NA	NA	NA	NA	NA	NA	-4.55297238647672	NA	NA	NA	NA	NA	NA	NA	NA	NA	NA	NA	NA	NA	NA	NA	NA	NA	NA	NA	NA	NA	NA	NA	NA	NA	NA	NA	NA	NA	NA	NA	NA	NA	NA	NA	NA	NA	NA	NA	NA	NA	NA	NA	NA	NA	NA	NA	NA	NA	-5.15704371014558	NA	NA	NA	NA	NA	NA	NA	NA	NA	NA	NA	NA	NA	NA	NA	NA	NA	NA	NA	NA	-6.9935449778627	NA	NA	NA	NA	NA	NA	NA	-6.34146828128301	NA	NA	NA	NA	NA	NA	NA	NA	NA	NA	NA	NA	NA	NA	NA	NA	-3.94291890479273	NA	NA	NA	NA	NA	NA	NA	NA	NA	NA	NA	NA	NA	NA	NA	NA	NA	NA	NA	NA	NA	NA	NA	NA	NA	NA	NA	NA	NA	NA	-7.21593739919915	NA	NA	NA	NA	NA	NA	NA	NA	NA	NA	NA	NA	NA	NA	NA	NA	NA	NA	NA	NA	NA
KK2851	NA	NA	NA	NA	NA	NA	NA	NA	NA	NA	NA	NA	NA	NA	-0.97435141262939	-7.9935449778627	-5.30904680359063	NA	NA	NA	NA	-3.07638604680035	-6.55297238647672	NA	NA	NA	NA	NA	NA	NA	-6.51549768105806	NA	NA	-6.40858247714154	NA	NA	NA	NA	-4.9305351803369	-6.44334789530222	NA	NA	NA	NA	NA	NA	NA	NA	NA	NA	NA	NA	NA	NA	NA	NA	NA	NA	NA	-6.89400930431179	NA	NA	-5.27733794386329	NA	NA	NA	NA	NA	-4.66134854752151	NA	NA	NA	NA	NA	NA	NA	NA	NA	NA	NA	NA	-5.87016256235742	NA	NA	NA	NA	NA	NA	NA	-4.9935449778627	NA	NA	NA	NA	NA	NA	-6.21593739919915	-6.04601239775684	NA	NA	-7.10046018177921	NA	NA	NA	NA	NA	NA	-6.04601239775684	NA	NA	NA	NA	NA	NA	NA	NA	NA	NA	NA	-6.71343705866997	NA	-6.21593739919915	NA	NA	NA	NA	-5.8008998999203	NA	NA	NA	NA	NA	NA	NA	NA	NA	NA	NA	NA	NA	NA	NA	NA	NA	NA	NA	NA	NA	NA	NA	NA	NA	NA	NA	-6.8008998999203	NA	NA	NA	NA	NA	NA	NA	NA	NA	NA	NA	NA	NA	NA	NA	-7.21593739919915	NA	NA	NA	NA	NA	NA	NA	NA	NA	-9.47897180503294	NA	NA	NA	NA	NA	NA	NA	NA	NA	NA	NA	NA	NA	NA	NA	NA	NA	NA	NA	NA	NA	NA	NA	-7.55297238647672	-6.71343705866997	NA	NA	NA	NA	NA	NA	-7.89400930431179	-10.2159373991991	NA	NA	NA
KK2852	NA	NA	NA	NA	NA	-5.37388017452208	NA	NA	-5.19330792888026	NA	NA	NA	NA	NA	-0.981562751743324	NA	NA	NA	NA	NA	NA	-4.19330792888026	NA	NA	NA	-4.95884267524324	NA	NA	-7.69580826940945	NA	-6.11084576868829	NA	-7.2807707701306	-4.63691458035588	NA	-5.11084576868829	NA	-6.473415848073	NA	NA	-3.69580826940945	NA	NA	NA	NA	NA	NA	NA	NA	NA	NA	NA	NA	NA	NA	NA	NA	NA	NA	NA	NA	NA	NA	NA	NA	NA	NA	NA	-6.69580826940945	-3.32657445974373	NA	NA	NA	NA	NA	NA	NA	NA	-7.2807707701306	NA	NA	NA	NA	NA	NA	NA	NA	NA	NA	NA	NA	NA	NA	NA	NA	NA	NA	NA	NA	NA	NA	NA	NA	NA	NA	NA	NA	NA	NA	NA	NA	NA	NA	NA	NA	NA	NA	NA	NA	NA	NA	NA	NA	NA	-6.473415848073	NA	-5.473415848073	NA	NA	NA	NA	NA	NA	NA	NA	NA	NA	NA	NA	NA	NA	NA	NA	NA	NA	NA	NA	NA	NA	NA	NA	NA	NA	NA	NA	NA	NA	NA	NA	NA	NA	NA	NA	NA	NA	NA	NA	NA	NA	NA	NA	NA	NA	NA	NA	NA	NA	NA	NA	NA	NA	NA	NA	NA	NA	NA	NA	NA	NA	NA	NA	NA	NA	NA	NA	NA	NA	NA	NA	NA	NA	NA	NA	NA	NA	NA	NA	NA	NA	NA	NA	NA	NA	NA	NA	NA	NA
KK2853	NA	NA	NA	NA	NA	-6.41460393202062	NA	NA	NA	NA	NA	NA	NA	NA	-1.70141572113754	NA	NA	NA	NA	NA	NA	-4.09267583713326	NA	NA	NA	-6.07064953080326	NA	NA	NA	NA	-5.82964143129946	NA	NA	-4.40079813249559	NA	NA	NA	NA	-3.89587512969955	-3.70565271402401	NA	NA	NA	-5.18430631259882	NA	NA	NA	NA	NA	NA	NA	NA	NA	NA	NA	NA	NA	NA	NA	-6.41460393202062	NA	NA	-4.20815305455319	NA	NA	NA	NA	NA	-5.20815305455319	NA	NA	NA	-6.72272622738295	-7.79311555527435	NA	NA	NA	NA	NA	NA	NA	NA	NA	NA	NA	NA	NA	NA	NA	-6.72272622738295	NA	NA	NA	NA	-5.90559028453276	NA	-6.36015614799824	-5.5003338060465	NA	NA	NA	NA	NA	NA	-5.62319055383204	NA	NA	-6.02758080891137	NA	NA	NA	NA	NA	-4.98576063321674	NA	NA	NA	-8.53008114944055	NA	NA	NA	NA	NA	NA	NA	NA	-4.47118746038699	NA	NA	NA	NA	NA	NA	NA	NA	NA	NA	NA	NA	-5.04895445970394	-6.65561203152441	NA	NA	NA	NA	NA	NA	NA	NA	NA	NA	NA	NA	NA	NA	NA	NA	NA	NA	-7.20815305455319	NA	NA	NA	NA	NA	NA	NA	NA	NA	NA	NA	NA	NA	NA	NA	NA	NA	NA	NA	NA	NA	NA	NA	NA	NA	NA	NA	-10.1150436501617	NA	NA	NA	NA	NA	NA	NA	NA	NA	NA	NA	NA	NA	NA	NA	-6.47118746038699	NA	NA	NA	NA	NA	-7.02758080891137	-7.41460393202062	NA	NA	NA	NA	NA	NA
KK2854	-8.94544383637791	-9.20847824221171	NA	NA	NA	-6.7755188349356	NA	NA	NA	NA	NA	NA	NA	NA	-1.43632865142716	NA	NA	NA	NA	NA	NA	-4.73599047074896	-9.53040633709907	NA	NA	-3.92307602334946	NA	NA	NA	NA	-6.10414158239697	-5.85798099512757	NA	-4.03855324076939	NA	NA	NA	NA	-4.19055633421444	-7.94544383637791	-7.20847824221171	NA	NA	-5.62351574149055	NA	NA	NA	NA	NA	NA	-7.44294349584873	NA	NA	NA	NA	-7.28247882365548	NA	NA	NA	NA	NA	NA	-6.17285433248098	NA	NA	NA	NA	NA	-7.07097471846177	NA	NA	NA	NA	NA	NA	NA	NA	NA	NA	NA	NA	NA	NA	NA	NA	-3.4218818803209	NA	NA	NA	-8.36048133565676	NA	-7.20847824221171	NA	NA	-7.36048133565676	NA	-9.53040633709907	-6.17285433248098	NA	NA	-8.53040633709907	NA	NA	NA	-5.74904662357441	NA	NA	-5.6724253419715	NA	NA	NA	NA	NA	-5.80248588253587	NA	NA	NA	-7.72305141504146	NA	-7.94544383637791	NA	NA	NA	NA	NA	NA	-5.38065921759439	NA	NA	NA	NA	-6.88655014732434	NA	NA	NA	NA	NA	NA	-5.20847824221171	NA	NA	NA	NA	-7.44294349584873	-8.72305141504146	NA	-7.82996661895798	NA	NA	NA	-8.94544383637791	NA	NA	NA	-7.82996661895798	NA	NA	NA	NA	-6.44294349584873	NA	NA	NA	NA	NA	NA	NA	NA	NA	NA	NA	NA	NA	NA	NA	NA	NA	NA	NA	NA	NA	NA	NA	NA	NA	NA	NA	NA	NA	NA	NA	NA	NA	NA	-7.94544383637791	NA	NA	NA	NA	NA	NA	NA	NA	NA	NA	NA	NA	NA	NA	NA	-7.72305141504146	NA	NA	NA	NA	NA	NA
KK2855	NA	-8.4227656139111	NA	NA	NA	NA	NA	NA	NA	NA	NA	NA	NA	NA	-1.2296509850969	NA	NA	NA	NA	NA	NA	-3.71310736574063	-7.00772811463225	NA	NA	-6.75980060118867	NA	NA	NA	NA	-5.51587501830258	NA	NA	-4.25284061246879	NA	-5.87844509768729	NA	NA	-3.54829649599496	-4.26626112823111	NA	NA	NA	-6.83780311318994	NA	NA	NA	NA	NA	NA	NA	NA	NA	NA	NA	NA	NA	NA	NA	NA	NA	NA	-6.10083751902374	NA	NA	NA	NA	NA	NA	NA	NA	NA	NA	NA	NA	NA	NA	NA	NA	NA	NA	NA	NA	NA	NA	-6.36387192485753	NA	NA	NA	-5.25284061246879	NA	-7.30728839649116	NA	NA	NA	NA	-5.48416615857524	-6.4227656139111	NA	NA	NA	NA	NA	NA	-5.45313926295462	NA	NA	-6.05353180424538	NA	NA	NA	NA	NA	-5.27980766006906	NA	NA	NA	NA	NA	-8.68580001974489	NA	NA	NA	NA	NA	NA	-5.4227656139111	NA	NA	-6.75980060118867	NA	NA	NA	NA	NA	NA	NA	NA	NA	NA	NA	NA	NA	NA	NA	-6.20037319257465	NA	NA	NA	NA	NA	NA	NA	NA	-7.4227656139111	NA	NA	NA	NA	NA	NA	NA	NA	NA	NA	NA	NA	NA	NA	NA	NA	NA	NA	NA	NA	NA	NA	NA	NA	NA	NA	-7.4227656139111	NA	NA	NA	NA	NA	NA	-7.54829649599496	NA	NA	NA	NA	NA	NA	NA	NA	NA	NA	NA	NA	NA	NA	NA	-6.83780311318994	-7.54829649599496	NA	NA	NA	NA	NA	NA	NA	NA	NA	NA	NA
KK2856	NA	NA	NA	NA	NA	NA	NA	NA	NA	NA	NA	NA	NA	NA	-1.31901061150507	NA	-8.82283634950082	NA	NA	NA	NA	-6.32033600897164	-7.15987133677839	NA	NA	NA	NA	NA	NA	NA	-5.5498178550944	-4.20812650538561	-4.5498178550944	-4.94836723158468	NA	-6.60044392816437	NA	NA	-4.94836723158468	-6.4536025398351	NA	NA	NA	-6.88423689416496	NA	NA	NA	NA	NA	-9.08587075533461	NA	NA	-7.15987133677839	NA	NA	NA	NA	NA	NA	NA	NA	NA	-5.3417096597642	NA	NA	NA	NA	NA	-4.51298108691403	NA	NA	NA	-5.88423689416496	NA	NA	NA	NA	NA	-6.94836723158468	NA	NA	-5.76394266044725	NA	NA	NA	-7.94836723158468	NA	NA	NA	-5.98153409551988	NA	NA	NA	NA	-6.5498178550944	NA	NA	-6.76394266044725	NA	-6.08587075533461	-6.23787384877966	NA	NA	NA	-6.08587075533461	-7.23787384877966	NA	-4.43051892672206	NA	NA	NA	NA	NA	NA	NA	NA	NA	NA	NA	NA	NA	NA	NA	-7.60044392816437	NA	NA	-5.57490883605723	NA	NA	NA	NA	NA	NA	NA	NA	NA	NA	NA	NA	-5.57490883605723	NA	NA	NA	NA	NA	-6.15987133677839	NA	NA	NA	NA	NA	NA	NA	NA	NA	NA	NA	NA	NA	NA	NA	NA	NA	NA	NA	NA	NA	NA	NA	NA	NA	NA	NA	NA	NA	NA	NA	NA	-8.82283634950082	NA	NA	NA	NA	NA	NA	NA	NA	-8.60044392816437	NA	NA	NA	NA	NA	NA	NA	NA	NA	NA	NA	NA	-7.40779885022198	NA	NA	NA	NA	NA	NA	NA	NA	-7.15987133677839	NA	NA	NA	NA	NA	NA	-9.82283634950082
KK2857	NA	-8.14805282096481	NA	NA	NA	-5.4110872267986	NA	NA	NA	NA	NA	NA	NA	NA	-6.27358370304867	NA	NA	NA	NA	NA	NA	-2.94293839106019	NA	NA	NA	-8.31797782240712	-8.51062290034952	NA	NA	NA	-6.36378151202024	-3.10365870160635	-6.10852445677817	-5.92566039962836	NA	NA	NA	-7.85854620376982	-3.52356195605701	-7.14805282096481	NA	NA	NA	NA	NA	NA	NA	-6.56309032024365	NA	NA	NA	NA	-8.51062290034952	NA	NA	NA	-7.99604972751976	NA	NA	NA	NA	-6.56309032024365	-5.79441586635011	NA	-6.79441586635011	NA	NA	NA	NA	-3.73301532168596	NA	NA	NA	-8.14805282096481	NA	NA	NA	NA	NA	NA	NA	-6.67412163263239	NA	NA	NA	NA	NA	NA	NA	NA	NA	-6.99604972751976	NA	NA	NA	NA	NA	NA	NA	NA	-6.67412163263239	NA	NA	NA	NA	NA	NA	NA	NA	NA	NA	-7.31797782240712	NA	NA	NA	-8.14805282096481	-5.76338897072948	-7.23051498115678	NA	-6.92566039962836	NA	NA	NA	NA	NA	NA	-4.92566039962836	NA	NA	NA	NA	NA	-5.01419707423002	NA	NA	NA	NA	-6.07005030896353	-7.73301532168596	NA	NA	NA	NA	NA	NA	NA	NA	NA	NA	NA	NA	NA	NA	NA	NA	NA	NA	NA	-7.31797782240712	NA	NA	NA	NA	NA	NA	NA	-10.3179778224071	NA	NA	NA	NA	NA	-7.07005030896353	NA	NA	NA	NA	NA	NA	NA	NA	NA	-8.99604972751976	NA	NA	NA	NA	NA	NA	NA	NA	NA	NA	-8.14805282096481	NA	NA	NA	NA	NA	NA	NA	-6.67412163263239	NA	NA	NA	NA	NA	NA	NA	NA	NA	NA	NA	NA	NA	NA	NA
KK2858	NA	NA	NA	NA	-8.14373106089709	-2.92368258002894	NA	NA	NA	NA	NA	NA	NA	NA	-6.14373106089708	NA	NA	NA	NA	NA	NA	-2.88548625646799	NA	NA	NA	-4.41333812065436	NA	NA	NA	NA	-4.40349033469802	NA	NA	-5.77027266536964	NA	NA	NA	NA	-3.8820634908272	-4.68429944225979	NA	NA	NA	NA	NA	NA	NA	NA	NA	-5.11130958320471	NA	NA	NA	NA	NA	NA	NA	NA	NA	-5.77027266536964	NA	NA	-6.69627208392586	NA	NA	NA	NA	NA	NA	NA	NA	NA	NA	NA	NA	NA	NA	-2.6724253419715	NA	NA	NA	NA	NA	NA	NA	NA	NA	NA	NA	-6.14373106089708	NA	NA	NA	NA	NA	NA	NA	NA	NA	NA	NA	NA	NA	NA	NA	NA	NA	NA	NA	NA	NA	NA	-7.69627208392586	NA	NA	NA	NA	NA	-8.79580775747678	NA	NA	NA	NA	NA	NA	NA	-2.85496982994492	NA	NA	NA	-6.95930648975966	NA	NA	NA	NA	NA	NA	NA	NA	NA	NA	NA	NA	NA	NA	NA	NA	NA	NA	NA	NA	NA	NA	NA	NA	-4.93073733756289	NA	NA	NA	-4.82180296600972	NA	NA	NA	NA	NA	NA	NA	NA	NA	-6.11130958320471	NA	NA	NA	NA	NA	NA	NA	NA	NA	NA	NA	NA	NA	NA	NA	NA	NA	NA	NA	NA	NA	-6.2456106749163	NA	NA	NA	NA	NA	NA	NA	NA	NA	NA	NA	NA	NA	NA	NA	NA	NA	NA	NA	NA	NA	NA	NA	NA	NA
KK2859	NA	NA	NA	NA	NA	-3.49304001128012	NA	NA	NA	NA	NA	NA	NA	NA	NA	NA	NA	NA	-4.16046467219325	NA	NA	-2.2821432287815	NA	NA	NA	-5.38994651831601	NA	NA	-4.54748779530249	NA	NA	NA	NA	NA	NA	NA	NA	NA	-4.22555970041513	NA	NA	NA	NA	-2.4277485510284	NA	NA	NA	NA	NA	-6.24792751344359	NA	NA	NA	NA	NA	NA	-7.66296501272243	NA	NA	NA	NA	NA	NA	NA	NA	NA	NA	NA	NA	NA	NA	NA	NA	NA	NA	NA	NA	NA	NA	NA	NA	NA	NA	NA	NA	NA	-6.54748779530249	NA	NA	NA	NA	-5.66296501272243	NA	NA	NA	NA	-4.11864449649862	NA	NA	NA	NA	NA	NA	NA	NA	NA	NA	NA	NA	NA	NA	NA	NA	NA	NA	NA	NA	NA	NA	NA	NA	NA	NA	NA	NA	NA	-3.96252529458134	NA	NA	NA	NA	NA	NA	NA	NA	NA	NA	NA	NA	NA	NA	NA	NA	NA	NA	NA	-3.17111191639275	NA	NA	NA	NA	NA	NA	NA	NA	NA	NA	NA	NA	NA	NA	NA	NA	NA	NA	NA	NA	NA	NA	NA	NA	-4.85561009066483	NA	-5.85561009066483	NA	NA	NA	NA	NA	NA	NA	NA	NA	NA	NA	NA	NA	NA	NA	NA	NA	NA	NA	NA	NA	NA	NA	NA	NA	NA	NA	NA	NA	NA	NA	NA	NA	NA	NA	NA	NA	NA	NA	-6.54748779530249	NA	NA	NA
KK2860	NA	NA	NA	NA	NA	-5.12535196535505	NA	NA	NA	NA	NA	NA	NA	NA	-1.85945790538202	NA	NA	NA	NA	NA	NA	NA	NA	NA	NA	NA	NA	NA	NA	NA	NA	NA	NA	-3.14262995678689	NA	NA	NA	NA	-2.19574129324645	-4.76278188597034	NA	-5.12535196535505	NA	NA	NA	NA	NA	NA	NA	NA	NA	NA	NA	NA	NA	NA	NA	NA	NA	NA	NA	NA	NA	NA	NA	NA	NA	NA	NA	NA	NA	NA	NA	NA	NA	NA	NA	NA	NA	NA	NA	NA	NA	NA	NA	NA	NA	-3.87381319835909	NA	NA	NA	NA	NA	NA	NA	NA	-4.23226716927156	NA	NA	NA	NA	NA	NA	NA	NA	NA	NA	NA	NA	NA	NA	NA	NA	NA	NA	NA	NA	NA	NA	NA	NA	NA	NA	NA	NA	NA	-4.09140463343171	NA	NA	NA	NA	NA	NA	NA	NA	NA	NA	NA	NA	NA	NA	NA	NA	NA	NA	NA	NA	NA	NA	NA	NA	NA	NA	NA	NA	NA	NA	NA	NA	NA	NA	NA	NA	NA	NA	NA	NA	NA	NA	NA	NA	-3.73630967460915	NA	NA	NA	NA	NA	NA	NA	NA	NA	NA	NA	NA	NA	NA	-5.71031446607621	NA	NA	NA	NA	NA	NA	NA	NA	NA	NA	NA	NA	NA	NA	NA	NA	NA	NA	NA	NA	NA	NA	NA	NA	NA	NA	NA	NA	NA	NA
KK2861	NA	-8.51491126486135	NA	NA	NA	NA	NA	NA	NA	NA	NA	NA	NA	NA	NA	NA	NA	NA	NA	NA	-3.37740774111142	-1.93597255176797	NA	NA	NA	NA	NA	NA	NA	NA	NA	NA	NA	-2.86529580579794	NA	NA	NA	NA	-2.87683742768064	NA	NA	-2.55606858961811	NA	NA	NA	NA	NA	NA	NA	NA	NA	NA	NA	NA	NA	NA	NA	NA	NA	NA	NA	NA	NA	NA	NA	NA	NA	NA	NA	NA	NA	NA	NA	NA	NA	NA	NA	NA	NA	NA	NA	NA	NA	NA	NA	NA	NA	NA	NA	NA	NA	NA	NA	NA	NA	NA	NA	NA	NA	NA	NA	NA	NA	NA	NA	NA	NA	NA	NA	NA	NA	NA	NA	NA	NA	NA	NA	NA	NA	NA	NA	NA	NA	NA	NA	NA	NA	NA	NA	NA	NA	NA	-3.43595992346653	NA	NA	NA	NA	NA	NA	NA	NA	NA	NA	NA	NA	NA	NA	NA	NA	NA	NA	NA	NA	NA	NA	NA	NA	NA	NA	NA	NA	NA	NA	NA	NA	NA	NA	NA	NA	NA	NA	NA	NA	NA	NA	NA	NA	NA	NA	NA	NA	NA	NA	NA	NA	NA	NA	NA	NA	NA	NA	NA	NA	NA	NA	NA	NA	NA	NA	NA	NA	NA	NA	NA	NA	NA	NA	NA	NA	NA	NA	NA	NA	NA	NA	NA	NA
KK2862	NA	-6.01495034146597	NA	NA	NA	NA	NA	NA	NA	NA	NA	NA	NA	NA	-3.89947312404604	NA	NA	NA	-1.8317285174102	NA	NA	NA	NA	NA	NA	-4.20759541940837	NA	NA	NA	NA	-5.01495034146597	NA	NA	NA	NA	NA	NA	NA	-4.59991284218713	NA	NA	NA	NA	-1.47062982524216	NA	NA	NA	NA	NA	NA	NA	NA	NA	NA	NA	NA	NA	NA	NA	NA	NA	NA	NA	NA	NA	NA	NA	NA	NA	NA	NA	NA	NA	-6.27798474729977	-5.27798474729977	NA	NA	NA	NA	NA	NA	NA	NA	NA	NA	NA	NA	NA	NA	-4.35198532874354	NA	NA	NA	NA	-5.27798474729977	NA	NA	NA	NA	NA	-5.42998784074482	NA	NA	NA	NA	NA	NA	NA	NA	NA	NA	NA	NA	NA	NA	NA	NA	NA	NA	NA	NA	NA	NA	NA	NA	NA	-6.27798474729977	NA	NA	NA	NA	NA	NA	NA	NA	NA	NA	NA	NA	NA	NA	NA	NA	NA	NA	NA	NA	NA	NA	NA	NA	NA	NA	NA	NA	NA	NA	NA	NA	NA	NA	NA	NA	NA	NA	NA	NA	NA	NA	NA	NA	NA	NA	NA	NA	NA	NA	NA	NA	NA	NA	NA	NA	NA	NA	NA	NA	NA	NA	NA	NA	NA	NA	NA	NA	NA	NA	NA	NA	NA	NA	NA	NA	NA	NA	NA	NA	NA	NA	NA	NA	NA	NA	NA	NA	NA	NA
